brand,model,model_number,series,release_year,cpu_brand,cpu_model,cpu_family,cpu_generation,cpu_cores,cpu_threads,gpu_brand,gpu_model,gpu_type,gpu_vram_gb,npu,npu_tops,ram_gb,ram_type,ram_speed_mhz,storage_gb,storage_type,storage_upgradeable,display_size_inches,resolution,panel_type,refresh_rate_hz,touchscreen,weight_kg,battery_wh,operating_system,windows_included,price_current,price_original,price_discount,price_lowest,price_average,price_highest,price_source_count,url,Price,cpu_tier,ram_storage_ratio,is_apple,is_gaming
ASUS,ASUS TUF Gaming A14 (2026) FA401EA,FA401EA,TUF Gaming,2026.0,AMD,Ryzen AI Max+ 392,Ryzen AI Max,,12.0,24.0,AMD,AMD Radeon 8060S,Integrated,,AMD XDNA 2,50.0,32,LPDDR5X,8000.0,1024,NVMe SSD,True,14.0,2560x1600,IPS,165.0,,1.48,73.0,Windows 11 Home,True,239990.0,,,239990.0,239990.0,239990.0,1,https://www.asus.com/in/laptops/for-gaming/tuf-gaming/asus-tuf-gaming-a14-2026-fa401ea/,239990.0,3,0.03125,0,1
ASUS,ASUS Vivobook S 14 OLED (S5406),UX3405MA,Vivobook,2025.0,Intel,Core ultra 5 226V,,,8.0,,,,Integrated,,,47.0,16,LPDDR5X,,1024,SSD,,14.0,,OLED,120.0,,1.3,75.0,Windows 11 Home,True,128990.0,,,128990.0,128990.0,128990.0,1,https://www.asus.com/in/laptops/for-home/vivobook/asus-vivobook-s-14-oled-s5406/,128990.0,3,0.015625,0,0
ASUS,ASUS Zenbook 14 OLED (UM3406),UM3406GA,Zenbook,2026.0,AMD,RYZEN AI 5 icon Up to 50 TOPS NPU NPU icon 75Wh battery capacity 35,,,4.0,,,,Integrated,,AMD XDNA 2,50.0,16,DDR5,,1024,SSD,True,14.0,,OLED,60.0,True,1.28,75.0,Windows 11 Home,True,67193.0,,,67193.0,67193.0,67193.0,1,https://www.asus.com/in/laptops/for-home/zenbook/asus-zenbook-14-oled-um3406/,67193.0,5,0.015625,0,0
ASUS,ASUS Zenbook 14 OLED (UX3405),UX3405CA,Zenbook,2024.0,Intel,Core Ultra 9 285H,Core Ultra 9,2.0,16.0,,Intel,Intel Arc integrated graphics,Integrated,,,13.0,32,LPDDR5X,,1024,SSD,True,14.0,,OLED,120.0,True,1.3,75.0,Windows 11 Home,True,124990.0,,,124990.0,124990.0,124990.0,1,https://www.asus.com/in/laptops/for-home/zenbook/asus-zenbook-14-oled-ux3405/,124990.0,3,0.03125,0,0
ASUS,Vivobook 15 (X1502),UX5400ZB,Vivobook,2022.0,Intel,Core i5-1240P,Core i5,,12.0,,,,Integrated,,,,16,LPDDR5,3200.0,1024,PCIe SSD,,15.6,,IPS,,True,1.7,,Windows 11 Home,True,68990.0,,,68990.0,68990.0,68990.0,1,https://www.asus.com/in/laptops/for-home/vivobook/vivobook-15-x1502/,68990.0,3,0.015625,0,0
ASUS,ASUS TUF Gaming A14 (2026) FA401GM,FA401GM,TUF Gaming,2026.0,AMD,Ryzen AI 9 465 processor Read more about performance NVIDIA,Ryzen AI 9,,10.0,20.0,NVIDIA,NVIDIA GeForce RTX 5060 Laptop GPU,Discrete,,,50.0,16,LPDDR5X,,2048,NVMe SSD,True,14.0,2560x1600,IPS,165.0,,1.46,73.0,Windows 11 Home,True,199990.0,,,199990.0,199990.0,199990.0,1,https://www.asus.com/in/laptops/for-gaming/tuf-gaming/asus-tuf-gaming-a14-2026-fa401gm/,199990.0,3,0.0078125,0,1
Acer,Acer Aspire Lite Metal,AMD,Aspire,2026.0,AMD,Ryzen 3 Quad Core 5400U,Ryzen 3,5.0,,,,,Integrated,,,,8,DDR4,,256,SSD,,15.6,,,,,,,Windows 11 Home,True,36990.0,52990.0,16000.0,36990.0,44990.0,52990.0,34,https://www.flipkart.com/acer-aspire-lite-metal-2026-amd-ryzen-3-quad-core-5400u-8-gb-256-gb-ssd-windows-11-home-al15-41-thin-light-laptop/p/itm1bc0bcb4598e7,44990.0,3,0.03125,0,0
Acer,Acer Aspire 14,AS14-39,Aspire,,AMD,Ryzen 3 3200U,Ryzen 3,3.0,,,,,Integrated,,,,8,DDR4,,512,SSD,,14.0,,,,,,,Windows 11 Home,True,36990.0,69999.0,33009.0,36990.0,53494.5,69999.0,30,https://www.flipkart.com/acer-aspire-14-amd-ryzen-3-3200u-8-gb-512-gb-ssd-windows-11-home-as14-39-notebook/p/itm4f3c5d31d72cf,53494.5,3,0.015625,0,0
Acer,Acer Aspire 3,A324-53,Aspire,,Intel,Core i5 13th Gen 1334U,Core i5,,,,,,Integrated,,,,16,DDR4,,512,SSD,,14.0,,,,,,,Windows 11 Home,True,49990.0,66999.0,17009.0,49990.0,58494.5,66999.0,24,https://www.flipkart.com/acer-aspire-3-intel-core-i5-13th-gen-1334u-16-gb-512-gb-ssd-windows-11-home-a324-53-thin-light-laptop/p/itm707770fddc7e9,58494.5,3,0.03125,0,0
Acer,Acer Aspire 3,A311-45,Aspire,,Intel,Celeron Dual Core,,,,,,,Integrated,,,,8,DDR4,,256,SSD,,11.6,,,,,,,Windows 11 Home,True,39899.0,48999.0,9100.0,34639.0,40942.21,48999.0,52,https://www.flipkart.com/acer-aspire-3-intel-celeron-dual-core-8-gb-256-gb-ssd-windows-11-home-a311-45-thin-light-laptop/p/itmad38595c5a902,40942.21,3,0.03125,0,0
Acer,Acer Aspire 3,A311-45,Aspire,,Intel,Celeron Dual Core,,,,,,,Integrated,,,,8,DDR4,,128,SSD,,11.6,,,,,,,Windows 11 Home,True,33250.0,39968.0,6718.0,33250.0,36609.0,39968.0,18,https://www.flipkart.com/acer-aspire-3-intel-celeron-dual-core-8-gb-128-gb-ssd-windows-11-home-a311-45-thin-light-laptop/p/itmad38595c5a902,36609.0,3,0.0625,0,0
Acer,"Acer Aspire 5 Metal AI PC, Backlit Keyboard",Metal,Aspire,2026.0,Intel,Core Ultra 5 125H,Core Ultra 5,1.0,,,,,Integrated,,,,16,LPDDR5,,512,SSD,,14.0,,,,,,,Windows 11 Home,True,81990.0,99990.0,18000.0,81990.0,90990.0,99990.0,10,https://www.flipkart.com/acer-aspire-5-2026-metal-ai-pc-backlit-keyboard-intel-core-ultra-125h-16-gb-512-gb-ssd-windows-11-home-a514-54h-notebook/p/itmd237a2b9aa3ad,90990.0,3,0.03125,0,0
Acer,Acer Aspire Lite Metal,AMD,Aspire,2026.0,AMD,Ryzen 3 Quad Core 5400U,Ryzen 3,5.0,,,,,Integrated,,,,8,DDR4,,512,SSD,,15.6,,,,,,,Windows 11 Home,True,46990.0,49990.0,3000.0,46990.0,48490.0,49990.0,26,https://www.flipkart.com/acer-aspire-lite-metal-2026-amd-ryzen-3-quad-core-5400u-8-gb-512-gb-ssd-windows-11-home-al15-41-thin-light-laptop/p/itm1bc0bcb4598e7,48490.0,3,0.015625,0,0
Acer,Acer Aspire 14 Office 2024 + M365 Basic,Intel,Aspire,2024.0,Intel,Core 5 210,,,,,,,Integrated,,,,16,LPDDR5,,512,SSD,,14.0,,,,,,,Windows 11 Home,True,64990.0,99999.0,35009.0,64990.0,82494.5,99999.0,20,https://www.flipkart.com/acer-aspire-14-office-2024-m365-basic-i5-14th-gen-intel-core-5-210-h-16-gb-512-gb-ssd-windows-11-home-as14h-53-notebook/p/itm5ef35f1d0eb91,82494.5,5,0.03125,0,0
Acer,Acer Aspire 15,AS15,Aspire,,AMD,Ryzen 3 Quad Core 7330U,Ryzen 3,7.0,,,,,Integrated,,,,8,DDR4,,512,SSD,,15.6,,,,,,,Windows 11 Home,True,46599.0,60150.0,13551.0,46599.0,53374.5,60150.0,30,https://www.flipkart.com/acer-aspire-15-amd-ryzen-3-quad-core-7330u-8-gb-512-gb-ssd-windows-11-home-as15-42-a325-thin-light-laptop/p/itmdaf15e01a1d1a,53374.5,3,0.015625,0,0
Acer,"Acer Aspire 15 MS Office 2024 + M365 Basic,",,Aspire,2024.0,AMD,Ryzen 3 Quad Core 7330U,Ryzen 3,7.0,,,,,Integrated,,,,8,DDR4,,256,SSD,,15.6,,,,,,,Windows 11 Home,True,43990.0,74999.0,31009.0,43990.0,59494.5,74999.0,20,https://www.flipkart.com/acer-aspire-15-ms-office-2024-m365-basic-amd-ryzen-3-quad-core-7330u-8-gb-256-gb-ssd-windows-11-home-a311-45-notebook/p/itm679af52f35d6d,59494.5,5,0.03125,0,0
Acer,Acer Nitro V 15,,Nitro,,Intel,Core i5 13th Gen 13420H,Core i5,13.0,,,,,Integrated,,,,16,DDR4,,512,SSD,,15.6,,,,,,,Windows 11 Home,True,104990.0,114999.0,10009.0,104990.0,109994.5,114999.0,30,https://www.flipkart.com/acer-nitro-v-15-intel-core-i5-13th-gen-13420h-16-gb-512-gb-ssd-windows-11-home-8-graphics-nvidia-geforce-rtx-5050-anv15-52-gaming-laptop/p/itm9e214d20dd479,109994.5,3,0.03125,0,1
Acer,Acer Aspire 3,A311-45,Aspire,,Intel,Celeron Dual Core,,,,,,,Integrated,,,,8,DDR4,,512,SSD,,11.6,,,,,,,Windows 11 Home,True,37972.0,44999.0,7027.0,37972.0,41485.5,44999.0,24,https://www.flipkart.com/acer-aspire-3-intel-celeron-dual-core-8-gb-512-gb-ssd-windows-11-home-a311-45-thin-light-laptop/p/itmad38595c5a902,41485.5,3,0.015625,0,0
Acer,Acer Aspire Lite Metal,Intel,Aspire,2026.0,Intel,Core 3 14th Gen 100U,,,,,,,Integrated,,,,8,DDR4,,512,SSD,,15.6,,,,,,,Windows 11 Home,True,46990.0,49990.0,3000.0,46990.0,48490.0,49990.0,24,https://www.flipkart.com/acer-aspire-lite-metal-2026-intel-core-3-14th-gen-100u-8-gb-512-gb-ssd-windows-11-home-al15-53-notebook/p/itma0128e7d1fb8d,48490.0,3,0.015625,0,0
Acer,Acer NITRO LITE 16,,Nitro,,Intel,Core i5 13th Gen 13420H,Core i5,13.0,,,,,Integrated,,,,16,DDR5,,512,SSD,,16.0,,,,,,,Windows 11 Home,True,93990.0,102799.0,8809.0,93990.0,100699.36,105990.0,42,https://www.flipkart.com/acer-nitro-lite-16-intel-core-i5-13th-gen-13420h-16-gb-512-gb-ssd-windows-11-home-6-graphics-nvidia-geforce-rtx-4050-nl16-71g-54my-nl16-71g-gaming-laptop/p/itm4ee151086aabd,100699.36,3,0.03125,0,1
Acer,Acer Aspire 7,Intel,Aspire,,Intel,Core 7 240H,,,,,,,Integrated,,,,16,DDR4,,512,SSD,,15.6,,,,,,,Windows 11 Home,True,79990.0,94999.0,15009.0,79990.0,115655.21,149999.0,56,https://www.flipkart.com/acer-aspire-7-i7-14th-gen-intel-core-240h-16-gb-512-gb-ssd-windows-11-home-6-graphics-nvidia-geforce-rtx-3050-a715-79g-gaming-laptop/p/itm29d23f46bd0b7,115655.21,3,0.03125,0,0
Acer,Acer Aspire Lite,AL15-52,Aspire,,Intel,Core i3 12th Gen 1215U,Core i3,,,,,,Integrated,,,,16,DDR4,,512,SSD,,15.6,,,,,,,Windows 11 Home,True,52900.0,54790.0,1890.0,52900.0,53845.0,54790.0,24,https://www.flipkart.com/acer-aspire-lite-intel-core-i3-12th-gen-1215u-16-gb-512-gb-ssd-windows-11-home-al15-52-thin-light-laptop/p/itm130746bcc0e38,53845.0,3,0.03125,0,0
Acer,Acer Aspire,AL15-52H,Aspire,,Intel,Core i5 12th Gen 12450H,Core i5,12.0,,,,,Integrated,,,,16,LPDDR5,,512,SSD,,15.6,,,,,,,Windows 11 Home,True,56990.0,59990.0,3000.0,56990.0,64584.6,75900.0,20,https://www.flipkart.com/acer-aspire-intel-core-i5-12th-gen-12450h-16-gb-512-gb-ssd-windows-11-home-al15-52h-thin-light-laptop/p/itmc262e2fa338ce,64584.6,3,0.03125,0,0
Acer,Acer,A311-45,,,Intel,Celeron Dual Core N4500,,,,,,,Integrated,,,,8,DDR4,,128,SSD,,11.6,,,,,,,Windows 11 Home,True,28990.0,39990.0,11000.0,28990.0,34490.0,39990.0,14,https://www.flipkart.com/acer-intel-celeron-dual-core-n4500-8-gb-128-gb-ssd-windows-11-home-a311-45-notebook/p/itm2f21760b8a3c2,34490.0,3,0.0625,0,0
Acer,Acer Aspire 3 Backlit,Aspire,Aspire,,AMD,Ryzen 7 Octa Core 7730U,Ryzen 7,7.0,,,,,Integrated,,,,16,DDR4,,512,SSD,,15.6,,,,,,,Windows 11 Home,True,60990.0,72999.0,12009.0,60990.0,66994.5,72999.0,38,https://www.flipkart.com/acer-aspire-3-backlit-amd-ryzen-7-octa-core-7730u-16-gb-512-gb-ssd-windows-11-home-as15-42-thin-light-laptop/p/itmdaf15e01a1d1a,66994.5,3,0.03125,0,0
Acer,Acer Swift Neo 14 Office 2024 + M365 Basic,,Swift,2024.0,Intel,Core Ultra 5 115U,Core Ultra 5,1.0,,,,,Integrated,,,,16,LPDDR5,,512,SSD,,14.0,,,,,,,Windows 11 Home,True,69521.0,99990.0,30469.0,69521.0,84755.5,99990.0,20,https://www.flipkart.com/acer-swift-neo-14-office-2024-m365-basic-intel-core-ultra-5-115u-16-gb-512-gb-ssd-windows-11-home-sfn14-54h-thin-light-laptop/p/itm7e110040e3132,84755.5,5,0.03125,0,0
Acer,Acer Aspire 15,,Aspire,2024.0,AMD,Ryzen 5 Hexa Core 7430U,Ryzen 5,7.0,,,,,Integrated,,,,16,DDR4,,512,SSD,,15.6,,,,,,,Windows 11,True,61955.0,78999.0,17044.0,61955.0,70477.0,78999.0,24,https://www.flipkart.com/acer-aspire-15-amd-office-2024-m365-basic-ryzen-5-hexa-core-7430u-16-gb-512-gb-ssd-windows-11-home-as15-42-thin-light-laptop/p/itmdaf15e01a1d1a,70477.0,3,0.03125,0,0
Dell,DELL 15,3535,,,AMD,Ryzen 5 Quad Core 7520U,Ryzen 5,7.0,,,,,Integrated,,,,8,LPDDR5,,512,SSD,,15.6,,,,,,,Windows 11 Home,True,54990.0,65999.0,11009.0,54990.0,60494.5,65999.0,12,https://www.flipkart.com/dell-15-amd-ryzen-5-quad-core-7520u-8-gb-512-gb-ssd-windows-11-home-3535-thin-light-laptop/p/itm277d6cd7790c2,60494.5,3,0.015625,0,0
ASUS,ASUS Vivobook Go 15,E1504FA-NJ132WS,Vivobook,2024.0,AMD,Ryzen 5 Quad Core 7520U,Ryzen 5,7.0,,,,,Integrated,,,,8,LPDDR5,,512,SSD,,15.6,,,,,,,Windows 11 Home,True,61754.0,66990.0,5236.0,46990.0,58835.5,66990.0,16,https://www.flipkart.com/asus-vivobook-go-15-amd-ryzen-5-quad-core-7520u-8-gb-512-gb-ssd-windows-11-home-e1504fa-nj132ws-e1504fa-nj521ws-thin-light-laptop/p/itm657eb80ea799a,58835.5,3,0.015625,0,0
MSI,MSI Modern 14,14,,2021.0,AMD,Ryzen 5 Hexa Core 7430U,Ryzen 5,7.0,,,,,Integrated,,,,16,DDR4,,512,SSD,,14.0,,,,,,,Windows 11 Home,True,66235.0,80990.0,14755.0,66235.0,73612.5,80990.0,10,https://www.flipkart.com/msi-modern-14-amd-ryzen-5-hexa-core-7430u-16-gb-512-gb-ssd-windows-11-home-c7m-283in-c7m-400in-business-laptop/p/itmef8f5c6fd8e76,73612.5,3,0.03125,0,0
Acer,Acer Aspire Lite,AL15-41,Aspire,,AMD,Ryzen 5 Hexa Core 5625U,Ryzen 5,5.0,,,,,Integrated,,,,8,DDR4,,512,SSD,,15.6,,,,,,,Windows 11 Home,True,62462.0,63999.0,1537.0,62462.0,63230.5,63999.0,10,https://www.flipkart.com/acer-aspire-lite-amd-ryzen-5-hexa-core-5625u-8-gb-512-gb-ssd-windows-11-home-al15-41-thin-light-laptop/p/itm1bc0bcb4598e7,63230.5,3,0.015625,0,0
Acer,Acer Aspire Lite,AL15-41,Aspire,,AMD,Ryzen 5 Hexa Core 5625U,Ryzen 5,5.0,,,,,Integrated,,,,16,DDR4,,512,SSD,,15.6,,,,,,,Windows 11 Home,True,62599.0,69699.0,7100.0,62599.0,66149.0,69699.0,24,https://www.flipkart.com/acer-aspire-lite-amd-ryzen-5-hexa-core-5625u-16-gb-512-gb-ssd-windows-11-home-al15-41-thin-light-laptop/p/itm0d8b84d052ad4,66149.0,3,0.03125,0,0
Acer,Acer Aspire 15,A325-42,Aspire,,AMD,Ryzen 5 Hexa Core 7430U,Ryzen 5,7.0,,,,,Integrated,,,,8,DDR4,,512,SSD,,15.6,,,,,,,Windows 11 Home,True,64083.0,71990.0,7907.0,64083.0,68036.5,71990.0,22,https://www.flipkart.com/acer-aspire-15-amd-ryzen-5-hexa-core-7430u-8-gb-512-gb-ssd-windows-11-home-a325-42-thin-light-laptop/p/itmdaf15e01a1d1a,68036.5,3,0.015625,0,0
Acer,Acer TravelLite,TL04-41M,,,AMD,Ryzen 5 7430U,Ryzen 5,7.0,,,,,Integrated,,,,8,DDR4,,512,SSD,,14.0,,,,,,,Windows 11 Home,True,53990.0,59990.0,6000.0,53990.0,56990.0,59990.0,16,https://www.flipkart.com/acer-travellite-amd-ryzen-5-7430u-8-gb-512-gb-ssd-windows-11-home-tl04-41m-notebook/p/itma8bffe9bbc87d,56990.0,3,0.015625,0,0
HP,HP 255 G10,255,,,AMD,Ryzen 5 Quad Core 7520U,Ryzen 5,7.0,,,,,Integrated,,,,8,DDR4,,512,SSD,,15.6,,,,,,,Windows 11 Home,True,57499.0,65990.0,8491.0,55990.0,60676.31,65990.0,26,https://www.flipkart.com/hp-255-g10-amd-ryzen-5-quad-core-7520u-8-gb-512-gb-ssd-windows-11-home-thin-light-laptop/p/itm0cdf7a06b8a8d,60676.31,3,0.015625,0,0
Acer,Acer Aspire 3 15,A315-24P,Aspire,,AMD,Ryzen 5 Quad Core 7520U,Ryzen 5,7.0,,,,,Integrated,,,,8,LPDDR5,,512,SSD,,15.6,,,,,,,Windows 11 Home,True,54990.0,59990.0,5000.0,54990.0,57490.0,59990.0,12,https://www.flipkart.com/acer-aspire-3-15-amd-ryzen-5-quad-core-7520u-8-gb-512-gb-ssd-windows-11-home-a315-24p-thin-light-laptop/p/itmf420b92cf4584,57490.0,3,0.015625,0,0
ASUS,ASUS Vivobook Go 15,E1504FA-NJ133WS,Vivobook,2024.0,AMD,Ryzen 5 Quad Core 7520U,Ryzen 5,7.0,,,,,Integrated,,,,8,LPDDR5,,512,SSD,,15.6,,,,,,,Windows 11 Home,True,64690.0,69870.0,5180.0,64690.0,67314.29,69990.0,14,https://www.flipkart.com/asus-vivobook-go-15-amd-ryzen-5-quad-core-7520u-8-gb-512-gb-ssd-windows-11-home-e1504fa-nj133ws-e1504fa-nj522ws-thin-light-laptop/p/itm45fbf62c111f5,67314.29,3,0.015625,0,0
Dell,DELL Dell Inspiron 3525,D560838WIN9B,Inspiron,,AMD,Ryzen 5 5500U,Ryzen 5,5.0,,,,,Integrated,,,,8,DDR4,,512,SSD,,15.6,,,,,,,Windows 11 Home,True,54699.0,58990.0,4291.0,54699.0,56844.5,58990.0,8,https://www.flipkart.com/dell-inspiron-3525-amd-ryzen-5-5500u-8-gb-512-gb-ssd-windows-11-home-d560838win9b-thin-light-laptop/p/itm252f7e9d36ac5,56844.5,3,0.015625,0,0
ASUS,ASUS Vivobook Go 15,E1504FA-NJ5542WS,Vivobook,2024.0,AMD,Ryzen 5 Quad Core 7520U,Ryzen 5,7.0,,,,,Integrated,,,,16,LPDDR5,,512,SSD,,15.6,,,,,,,Windows 11 Home,True,64346.0,69999.0,5653.0,64000.0,67049.29,70000.0,14,https://www.flipkart.com/asus-vivobook-go-15-amd-ryzen-5-quad-core-7520u-16-gb-512-gb-ssd-windows-11-home-e1504fa-nj5542ws-e1504fa-nj1505ws-thin-light-laptop/p/itm24ce8ebbf5e72,67049.29,3,0.03125,0,0
Lenovo,Lenovo Ideapad,15ALC6,IdeaPad,,AMD,Ryzen 5 Hexa Core 5500U,Ryzen 5,5.0,,,,,Integrated,,,,8,DDR4,,512,SSD,,15.6,,,,,,,Windows 11 Home,True,61989.0,65990.0,4001.0,61989.0,63989.5,65990.0,4,https://www.flipkart.com/lenovo-ideapad-amd-ryzen-5-hexa-core-5500u-8-gb-512-gb-ssd-windows-11-home-15alc6-laptop/p/itme603a3b75554d,63989.5,3,0.015625,0,0
Lenovo,Lenovo IdeaPad Slim 3 15ABR8,82XM00QD,IdeaPad,2024.0,AMD,Ryzen 5 Hexa Core 5625U,Ryzen 5,5.0,,,,,Integrated,,,,16,DDR4,,512,SSD,,15.6,,,,,,,Windows 11 Home,True,63990.0,70990.0,7000.0,63890.0,67428.89,70990.0,18,https://www.flipkart.com/lenovo-ideapad-slim-3-15abr8-amd-ryzen-5-hexa-core-5625u-16-gb-512-gb-ssd-windows-11-home-82xm00qdin-thin-light-laptop/p/itm1728625e47c8e,67428.89,3,0.03125,0,0
Lenovo,Lenovo IdeaPad 1,15ADA7,IdeaPad,,AMD,Ryzen 5 Quad Core 3500U,Ryzen 5,3.0,,,,,Integrated,,,,8,DDR4,,512,SSD,,15.6,,,,,,,Windows 11 Home,True,55000.0,58888.0,3888.0,55000.0,56944.0,58888.0,8,https://www.flipkart.com/lenovo-ideapad-1-amd-ryzen-5-quad-core-3500u-8-gb-512-gb-ssd-windows-11-home-15ada7-thin-light-laptop/p/itm3ee2f5da49d46,56944.0,3,0.015625,0,0
Lenovo,Lenovo ThinkBook,ThinkBook,,,AMD,Ryzen 5 Hexa Core 7530U,Ryzen 5,7.0,,,,,Integrated,,,,16,DDR4,,512,SSD,,16.0,,,,,,,Windows 11 Home,True,80000.0,88000.0,8000.0,80000.0,84000.0,88000.0,6,https://www.flipkart.com/lenovo-thinkbook-amd-ryzen-5-hexa-core-7530u-16-gb-512-gb-ssd-windows-11-home-16-g6-thin-light-laptop/p/itmd7e1aca8d63e9,84000.0,3,0.03125,0,0
Lenovo,Lenovo IdeaPad 1,IdeaPad,IdeaPad,2024.0,AMD,Ryzen 5 Hexa Core 5500U,Ryzen 5,5.0,,,,,Integrated,,,,8,DDR4,,512,SSD,,15.6,,,,,,,Windows 11 Home,True,59999.0,60999.0,1000.0,59999.0,63246.29,78290.0,14,https://www.flipkart.com/lenovo-ideapad-1-amd-ryzen-5-hexa-core-5500u-8-gb-512-gb-ssd-windows-11-home-15alc7-thin-light-laptop/p/itm24ef45be190fa,63246.29,3,0.015625,0,0
Lenovo,Lenovo,IdeaPad,,2024.0,AMD,Ryzen 5 Hexa Core 7535HS,Ryzen 5,7.0,,,,,Integrated,,,,16,LPDDR5X,,512,SSD,,13.3,,,,,,,Windows 11 Home,True,96990.0,157090.0,60100.0,96990.0,127040.0,157090.0,6,https://www.flipkart.com/lenovo-amd-ryzen-5-hexa-core-7535hs-16-gb-512-gb-ssd-windows-11-home-ideapad-slim-13arp10-thin-light-laptop/p/itm4fb895a7f1d8a,127040.0,3,0.03125,0,0
Lenovo,Lenovo IdeaPad Slim 1,15AMN7,IdeaPad,2021.0,AMD,Ryzen 5 Quad Core 7520U,Ryzen 5,7.0,,,,,Integrated,,,,8,LPDDR5,,512,SSD,,15.6,,,,,,,Windows 11 Home,True,59990.0,65690.0,5700.0,59990.0,63806.67,69990.0,12,https://www.flipkart.com/lenovo-ideapad-slim-1-amd-ryzen-5-quad-core-7520u-8-gb-512-gb-ssd-windows-11-home-15amn7-thin-light-laptop/p/itm7ecd736658657,63806.67,3,0.015625,0,0
HP,HP 15s,15s-eq0500AU,,,AMD,Ryzen 5 Quad Core 3500U,Ryzen 5,3.0,,,,,Integrated,,,,8,DDR4,,512,SSD,,15.6,,,,,,,Windows 10,True,58790.0,61990.0,3200.0,58790.0,60390.0,61990.0,4,https://www.flipkart.com/hp-15s-amd-ryzen-5-quad-core-3500u-8-gb-512-gb-ssd-windows-10-home-15s-eq0500au-thin-light-laptop/p/itm10d6607dbe1bd,60390.0,3,0.015625,0,0
ASUS,"ASUS Vivobook Go 15 OLED, with Backlit Keyboard,",,Vivobook,,AMD,Ryzen 5 Quad Core 7520U,Ryzen 5,7.0,,,,,Integrated,,,,8,LPDDR5,,512,SSD,,15.6,,OLED,,,,,Windows 11,True,54990.0,74990.0,20000.0,54990.0,64990.0,74990.0,2,https://www.flipkart.com/asus-vivobook-go-15-oled-backlit-keyboard-amd-ryzen-5-quad-core-7520u-8-gb-512-gb-ssd-windows-11-home-e1504fa-lk521ws-thin-light-laptop/p/itm3de88f71e558b,64990.0,3,0.015625,0,0
Lenovo,Lenovo ThinkPad E14,TP,ThinkPad,,AMD,Ryzen 5 Hexa Core 7530U,Ryzen 5,7.0,,,,,Integrated,,,,8,DDR4,,512,SSD,,14.0,,,,,,,Windows 11 Home,True,92350.0,100000.0,7650.0,92350.0,96175.0,100000.0,4,https://www.flipkart.com/lenovo-thinkpad-e14-amd-ryzen-5-hexa-core-7530u-8-gb-512-gb-ssd-windows-11-home-tp-gen-thin-light-laptop/p/itmbbd4542d7f75b,96175.0,3,0.015625,0,0
ASUS,ASUS Vivobook Go 14 with Office 2024 + M365 Basic*,,Vivobook,2025.0,AMD,Ryzen 5 Quad Core 7520U,Ryzen 5,7.0,,,,,Integrated,,,,16,LPDDR5,,512,SSD,,14.0,,,,,,,Windows 11 Home,True,68500.0,74999.0,6499.0,68499.0,70898.12,74999.0,8,https://www.flipkart.com/asus-vivobook-go-14-2025-office-2024-m365-basic-amd-ryzen-5-quad-core-7520u-16-gb-512-gb-ssd-windows-11-home-e1404fa-nk5542ws-e1404fa-eb2542ws-thin-light-laptop/p/itm6d858ada67799,70898.12,5,0.03125,0,0
Lenovo,Lenovo V15,V15,,,AMD,Ryzen 5 Hexa Core 5500U,Ryzen 5,5.0,,,,,Integrated,,,,8,DDR4,,512,SSD,,15.6,,,,,,,DOS,False,61500.0,66744.0,5244.0,61500.0,64122.0,66744.0,4,https://www.flipkart.com/lenovo-v15-amd-ryzen-5-hexa-core-5500u-8-gb-512-gb-ssd-dos-g2-alc-thin-light-laptop/p/itmffee359f96c0e,64122.0,3,0.015625,0,0
Lenovo,Lenovo V15,V15,,,AMD,Ryzen 5 Quad Core 7520U,Ryzen 5,7.0,,,,,Integrated,,,,16,DDR4,,512,SSD,,15.6,,,,,,,Windows 11 Home,True,61990.0,64990.0,3000.0,61955.0,63986.5,69990.0,10,https://www.flipkart.com/lenovo-v15-amd-ryzen-5-quad-core-7520u-16-gb-512-gb-ssd-windows-11-home-thin-light-laptop/p/itmd7282dfaeb5de,63986.5,3,0.03125,0,0
ASUS,ASUS,M3407KA-SF2501WS,,,AMD,Ryzen AI 5 330 -,Ryzen AI,,,,,,Integrated,,,,16,DDR5,,512,SSD,,14.0,,,,,,,Windows 11 Home,True,77000.0,99999.0,22999.0,77000.0,88499.5,99999.0,4,https://www.flipkart.com/asus-amd-ryzen-5-ai-330-16-gb-512-gb-ssd-windows-11-home-m3407ka-sf2501ws-laptop/p/itm3ed10d95b82c1,88499.5,3,0.03125,0,0
Dell,DELL PRO 15 Backlit,AMD,,2025.0,AMD,Ryzen 5 Quad Core 7520U,Ryzen 5,7.0,,,,,Integrated,,,,8,LPDDR5,,512,SSD,,15.6,,,,,,,Windows 11 Home,True,57524.0,69900.0,12376.0,57524.0,63712.0,69900.0,8,https://www.flipkart.com/dell-pro-15-backlit-2025-amd-ryzen-5-quad-core-7520u-8-gb-512-gb-ssd-windows-11-home-thin-light-laptop/p/itm379f7a58d0a29,63712.0,3,0.015625,0,0
Dell,DELL 15,DC15255,,,AMD,Ryzen 5 Quad Core 7520U,Ryzen 5,7.0,,,,,Integrated,,,,8,LPDDR5,,512,SSD,,15.6,,,,,,,Windows 11 Home,True,54990.0,91207.0,36217.0,54990.0,70076.8,91207.0,10,https://www.flipkart.com/dell-15-amd-ryzen-5-quad-core-7520u-8-gb-512-gb-ssd-windows-11-home-dc15255-d15260-thin-light-laptop/p/itm8f051647982f9,70076.8,3,0.015625,0,0
Lenovo,Lenovo IdeaPad Slim 1,15ACL6,IdeaPad,2021.0,AMD,Ryzen 5 Hexa Core 5500U,Ryzen 5,5.0,,,,,Integrated,,,,8,DDR4,,512,SSD,,15.6,,,,,,,Windows 11 Home,True,59671.0,61000.0,1329.0,59671.0,60335.5,61000.0,18,https://www.flipkart.com/lenovo-ideapad-slim-1-amd-ryzen-5-hexa-core-5500u-8-gb-512-gb-ssd-windows-11-home-15acl6-15alc7-2-thin-light-laptop/p/itm3680fb576eb7b,60335.5,3,0.015625,0,0
Lenovo,Lenovo IdeaPad Flex 5,14ABR8,IdeaPad,2021.0,AMD,Ryzen 5 Hexa Core 7530U,Ryzen 5,7.0,,,,,Integrated,,,,16,LPDDR4X,,512,SSD,,14.0,,,,True,,,Windows 11 Home,True,60490.0,93190.0,32700.0,60490.0,76840.0,93190.0,14,https://www.flipkart.com/lenovo-ideapad-flex-5-amd-ryzen-hexa-core-7530u-16-gb-512-gb-ssd-windows-11-home-14abr8-2-1-laptop/p/itm53fa0d9c1fdd7,76840.0,3,0.03125,0,0
HP,HP 15s,15s,,2021.0,AMD,Ryzen 5 Hexa Core 5500U,Ryzen 5,5.0,,,,,Integrated,,,,16,DDR4,,512,SSD,,15.6,,,,,,,Windows 11 Home,True,69990.0,76999.0,7009.0,69990.0,73494.5,76999.0,12,https://www.flipkart.com/hp-15s-amd-ryzen-5-hexa-core-5500u-16-gb-512-gb-ssd-windows-11-home-15s-eq2182au-thin-light-laptop/p/itm2f070129053ed,73494.5,3,0.03125,0,0
HP,HP 15s,15-fc0028AU,,,AMD,Ryzen 5 Quad Core 7520U,Ryzen 5,7.0,,,,,Integrated,,,,8,DDR4,,512,SSD,,15.6,,,,,,,Windows 11 Home,True,57970.0,59990.0,2020.0,57970.0,58980.0,59990.0,4,https://www.flipkart.com/hp-15s-amd-ryzen-5-quad-core-7520u-8-gb-512-gb-ssd-windows-11-home-15-fc0028au-thin-light-laptop/p/itme3568fa69de98,58980.0,3,0.015625,0,0
HP,HP OmniBook 5,16-ag1037au,,2024.0,Intel,Core 5 340,,,,,,,Integrated,,,,16,LPDDR5X,,512,SSD,,16.0,,,,,,,Windows 11 Home,True,79990.0,109980.0,29990.0,79990.0,94985.0,109980.0,4,https://www.flipkart.com/hp-omnibook-5-amd-ryzen-ai-quad-core-340-16-gb-512-gb-ssd-windows-11-home-16-ag1037au-thin-light-laptop/p/itmad1fcf19f852c,94985.0,3,0.03125,0,0
Dell,DELL 15,AMD,,2026.0,AMD,Ryzen 5 Hexa Core 7530U,Ryzen 5,7.0,,,,,Integrated,,,,16,DDR4,,512,SSD,,15.6,,,,,,,Windows 11 Home,True,69490.0,76478.0,6988.0,69490.0,72984.0,76478.0,12,https://www.flipkart.com/dell-15-2026-amd-ryzen-5-hexa-core-7530u-16-gb-512-gb-ssd-windows-11-home-dc15255-thin-light-laptop/p/itmd20ac87f34826,72984.0,3,0.03125,0,0
HP,HP 15s,15-fc0029AU,,,AMD,Ryzen 5 Quad Core 7520U,Ryzen 5,7.0,,,,,Integrated,,,,8,LPDDR5,,512,SSD,,15.6,,,,,,,Windows 11 Home,True,59990.0,65990.0,6000.0,59990.0,62990.0,65990.0,8,https://www.flipkart.com/hp-15s-amd-ryzen-5-quad-core-7520u-8-gb-512-gb-ssd-windows-11-home-15-fc0029au-thin-light-laptop/p/itm33d61a12623b2,62990.0,3,0.015625,0,0
HP,HP 15,15-fc0761AU,,2024.0,AMD,Ryzen 7 Octa Core 7730U,Ryzen 7,7.0,,,,,Integrated,,,,16,DDR4,,512,SSD,,15.6,,,,,,,Windows 11 Home,True,76300.0,79000.0,2700.0,76300.0,77650.0,79000.0,20,https://www.flipkart.com/hp-15-amd-ryzen-7-octa-core-7730u-16-gb-512-gb-ssd-windows-11-home-15-fc0761au-thin-light-laptop/p/itm61f1a7157aecd,77650.0,3,0.03125,0,0
ASUS,ASUS,,,,AMD,Ryzen 7 7445HS,Ryzen 7,7.0,,,,,Integrated,,,,16,DDR5,,1024,SSD,,15.6,,,,,,,Windows 11 Home,True,103499.0,110500.0,7001.0,103499.0,106999.5,110500.0,12,https://www.flipkart.com/asus-amd-ryzen-7-7445hs-16-gb-1-tb-ssd-windows-11-home-4-gb-graphics-nvidia-geforce-rtx-30-series-fa506ncg-hn251ws-gaming-laptop/p/itmeb06a6b6ef443,106999.5,3,0.015625,0,0
ASUS,ASUS,M3607GA-SH050WS,,,AMD,RYZEN AI 7 445 Ryzen 7 Hexa Core -,Ryzen 7,,,,,,Integrated,,,,16,DDR5,,1024,SSD,,16.0,,,,,,,Windows 11 Home,True,129990.0,159990.0,30000.0,129990.0,144990.0,159990.0,4,https://www.flipkart.com/asus-amd-ryzen-ai-7-445-hexa-core-16-gb-1-tb-ssd-windows-11-home-m3607ga-sh050ws-laptop/p/itma1fc34055f994,144990.0,3,0.015625,0,0
Dell,DELL 15,AMD,,,AMD,Ryzen 7 Octa Core 7730U,Ryzen 7,7.0,,,,,Integrated,,,,16,DDR4,,512,SSD,,15.0,,,,,,,Windows 11 Home,True,78490.0,82990.0,4500.0,78490.0,80740.0,82990.0,6,https://www.flipkart.com/dell-15-previouly-inspiron-amd-ryzen-7-octa-core-7730u-16-gb-512-gb-ssd-windows-11-home-dc15255-thin-light-laptop/p/itm0225059e8adc4,80740.0,3,0.03125,0,0
Lenovo,Lenovo,V15,,,AMD,Ryzen 7 Octa Core 7730U,Ryzen 7,7.0,,,,,Integrated,,,,16,DDR4,,512,SSD,,15.6,,,,,,,Windows 11 Home,True,77500.0,78990.0,1490.0,70001.0,77940.57,79999.0,14,https://www.flipkart.com/lenovo-amd-ryzen-7-octa-core-7730u-16-gb-512-gb-ssd-windows-11-home-v15-g4-thin-light-laptop/p/itm0ed77e73122ed,77940.57,3,0.03125,0,0
HP,"HP 15 Laptop with Backlit Keyboard & MSO'2024,",,,2024.0,AMD,Ryzen 7 Octa Core 7730U,Ryzen 7,7.0,,,,,Integrated,,,,16,DDR4,,512,SSD,,15.6,,,,,,,Windows 11 Home,True,69990.0,96747.0,26757.0,69990.0,83368.5,96747.0,14,https://www.flipkart.com/hp-15-laptop-backlit-keyboard-mso-2024-amd-ryzen-7-octa-core-7730u-16-gb-512-gb-ssd-windows-11-home-15-fc0390au-15-fc0761au-thin-light/p/itmf28fcea04f998,83368.5,3,0.03125,0,0
Acer,Acer Aspire 3 Backlit,A325-42,Aspire,,AMD,Ryzen 7 Octa Core 7730U,Ryzen 7,7.0,,,,,Integrated,,,,16,DDR4,,1024,SSD,,15.6,,,,,,,Windows 11 Home,True,75990.0,79990.0,4000.0,75990.0,77990.0,79990.0,20,https://www.flipkart.com/acer-aspire-3-backlit-amd-ryzen-7-octa-core-7730u-16-gb-1-tb-ssd-windows-11-home-a325-42-as15-42-thin-light-laptop/p/itmdaf15e01a1d1a,77990.0,3,0.015625,0,0
ASUS,ASUS VivoBook 15,M1502YA-BQ703WS,Vivobook,,AMD,Ryzen 7 Octa Core 5825U,Ryzen 7,5.0,,,,,Integrated,,,,16,DDR4,,512,SSD,,15.6,,,,,,,Windows 11 Home,True,75000.0,82999.0,7999.0,75000.0,78999.5,82999.0,12,https://www.flipkart.com/asus-vivobook-15-amd-ryzen-7-octa-core-5825u-16-gb-512-gb-ssd-windows-11-home-m1502ya-bq703ws-thin-light-laptop/p/itmbc825d8a33486,78999.5,3,0.03125,0,0
HP,HP Pavilion 15,15-eh3101AU,Pavilion,,AMD,Ryzen 7 Octa Core 7730U,Ryzen 7,7.0,,,,,Integrated,,,,16,DDR4,,512,SSD,,15.6,,,,,,,Windows 11 Home,True,75121.0,76843.0,1722.0,75121.0,75982.0,76843.0,8,https://www.flipkart.com/hp-pavilion-15-amd-ryzen-7-octa-core-7730u-16-gb-512-gb-ssd-windows-11-home-15-eh3101au-thin-light-laptop/p/itm644a41c66520c,75982.0,3,0.03125,0,0
ASUS,ASUS Vivobook GO 15 OLED,E1504F,Vivobook,,AMD,Ryzen 7 Quad Core 7000,Ryzen 7,7.0,,,,,Integrated,,,,16,LPDDR5,,512,SSD,,15.6,,OLED,,,,,Windows 11 Home,True,76046.0,93999.0,17953.0,76046.0,85022.5,93999.0,4,https://www.flipkart.com/asus-vivobook-go-15-oled-amd-ryzen-7-quad-core-7000-series-16-gb-512-gb-ssd-windows-11-home-e1504fab-lk549ws-thin-light-laptop/p/itmdf2014893a36b,85022.5,3,0.03125,0,0
Lenovo,Lenovo ThinkBook 15 G5,ThinkBook,,,AMD,Ryzen 7 Octa Core 7730U,Ryzen 7,7.0,,,,,Integrated,,,,16,DDR4,,512,SSD,,15.6,,,,,,,Windows 11 Home,True,81970.0,94600.0,12630.0,81970.0,88285.0,94600.0,8,https://www.flipkart.com/lenovo-thinkbook-15-g5-amd-ryzen-7-octa-core-7730u-16-gb-512-gb-ssd-windows-11-home-thin-light-laptop/p/itm28e586bd5f127,88285.0,3,0.03125,0,0
Lenovo,Lenovo IdeaPad 1,15ALC7,IdeaPad,,AMD,Ryzen 7 Octa Core 5700U,Ryzen 7,5.0,,,,,Integrated,,,,16,DDR4,,512,SSD,,15.6,,,,,,,Windows 11 Home,True,70769.0,80990.0,10221.0,70769.0,75879.5,80990.0,8,https://www.flipkart.com/lenovo-ideapad-1-amd-ryzen-7-octa-core-5700u-16-gb-512-gb-ssd-windows-11-home-15alc7-thin-light-laptop/p/itm7ecd736658657,75879.5,3,0.03125,0,0
ASUS,ASUS VivoBook 15,M1502QA-EJ742WS,Vivobook,,AMD,Ryzen 7 Octa Core 5800HS,Ryzen 7,5.0,,,,,Integrated,,,,16,DDR4,,512,SSD,,15.6,,,,,,,Windows 11 Home,True,82169.0,92990.0,10821.0,82169.0,87579.5,92990.0,4,https://www.flipkart.com/asus-vivobook-15-amd-ryzen-7-octa-core-5800hs-16-gb-512-gb-ssd-windows-11-home-m1502qa-ej742ws-thin-light-laptop/p/itmf83037b199f30,87579.5,3,0.03125,0,0
HP,HP Pavilion,15-eh3102AU,Pavilion,,AMD,Ryzen 7 Octa Core 7730U,Ryzen 7,7.0,,,,,Integrated,,,,16,DDR4,,512,SSD,,15.6,,,,,,,Windows 11 Home,True,87796.0,91600.0,3804.0,87796.0,89698.0,91600.0,8,https://www.flipkart.com/hp-pavilion-amd-ryzen-7-octa-core-7730u-16-gb-512-gb-ssd-windows-11-home-15-eh3102au-thin-light-laptop/p/itmeebcea444074b,89698.0,3,0.03125,0,0
HP,HP Pavilion Aero,13-BE2048AU,Pavilion,,AMD,Ryzen 7 Octa Core 7735U,Ryzen 7,7.0,,,,,Integrated,,,,16,LPDDR5,,1024,SSD,,13.3,,,,,,,Windows 11 Home,True,94941.0,119999.0,25058.0,94941.0,107470.0,119999.0,12,https://www.flipkart.com/hp-pavilion-aero-amd-ryzen-7-octa-core-7735u-16-gb-1-tb-ssd-windows-11-home-13-be2048au-thin-light-laptop/p/itmdf8679efc5053,107470.0,3,0.015625,0,0
Lenovo,Lenovo,21M3S0QV00,,,AMD,Ryzen 7 7735HS,Ryzen 7,7.0,,,,,Integrated,,,,16,DDR5,,512,SSD,,14.0,,,,,,,Windows 11 Home,True,98991.0,166892.0,67901.0,98991.0,132941.5,166892.0,16,https://www.flipkart.com/lenovo-amd-ryzen-7-7735hs-16-gb-512-gb-ssd-windows-11-home-21m3s0qv00-laptop/p/itm9259a0ef8dbdd,132941.5,3,0.03125,0,0
HP,HP 255 G10,AMD,,2025.0,AMD,Ryzen 7 Octa Core 7730U,Ryzen 7,7.0,,,,,Integrated,,,,16,DDR4,,512,SSD,,15.6,,,,,,,Windows 11 Home,True,74690.0,99690.0,25000.0,74690.0,87990.5,99690.0,8,https://www.flipkart.com/hp-255-g10-2025-amd-ryzen-7-octa-core-7730u-16-gb-512-gb-ssd-windows-11-home-g109-thin-light-laptop/p/itmee4e1ef612779,87990.5,3,0.03125,0,0
Lenovo,Lenovo IdeaPad Gaming 3,,IdeaPad,,AMD,Ryzen 7 Octa Core 7735HS,Ryzen 7,7.0,,,,,Integrated,,,,16,DDR5,,512,SSD,,15.6,,,,,,,Windows 11 Home,True,99990.0,118890.0,18900.0,99990.0,109440.0,118890.0,8,https://www.flipkart.com/lenovo-ideapad-gaming-3-amd-ryzen-7-octa-core-7735hs-16-gb-512-gb-ssd-windows-11-home-6-graphics-nvidia-geforce-rtx-3050-15arh7-laptop/p/itmb9bd6a559e686,109440.0,3,0.03125,0,1
HP,HP Victus,,Victus,,AMD,Ryzen 7 Hexa Core 7445HS,Ryzen 7,7.0,,,,,Integrated,,,,16,DDR5,,512,SSD,,15.6,,,,,,,Windows 11 Home,True,116990.0,122900.0,5910.0,96583.0,117446.26,128000.0,34,https://www.flipkart.com/hp-victus-amd-ryzen-7-hexa-core-7445hs-16-gb-512-gb-ssd-windows-11-home-6-graphics-nvidia-geforce-rtx-3050-15-fb3120ax-gaming-laptop/p/itm43f86c4b31e45,117446.26,3,0.03125,0,1
Lenovo,Lenovo LOQ,,LOQ,2024.0,AMD,Ryzen 7 Octa Core 7435HS,Ryzen 7,7.0,,,,,Integrated,,,,24,DDR5,,512,SSD,,15.6,,,,,,,Windows 11 Home,True,119990.0,125990.0,6000.0,104290.0,118629.39,127990.0,18,https://www.flipkart.com/lenovo-loq-amd-ryzen-7-octa-core-7435hs-24-gb-512-gb-ssd-windows-11-home-4-graphics-nvidia-geforce-rtx-3050a-15arp9d2-gaming-laptop/p/itm86f5086acbf1d,118629.39,3,0.046875,0,1
ASUS,ASUS TUF Gaming A15,,TUF Gaming,2024.0,AMD,Ryzen 7 Octa Core 7435HS,Ryzen 7,7.0,,,,,Integrated,,,,16,DDR5,,512,SSD,,15.6,,,,,,,Windows 11 Home,True,99999.0,112900.0,12901.0,55990.0,77437.18,112900.0,44,https://www.flipkart.com/asus-tuf-gaming-a15-amd-ryzen-7-octa-core-7435hs-16-gb-512-gb-ssd-windows-11-home-4-graphics-nvidia-geforce-rtx-3050-144-hz-fa566ncr-hn254ws-laptop/p/itm579ffa5920612,77437.18,3,0.03125,0,1
ASUS,ASUS TUF Gaming A15,AMD,TUF Gaming,2025.0,AMD,Ryzen 7 7445HS,Ryzen 7,7.0,,,,,Integrated,,,,16,DDR5,,512,SSD,,15.6,,,,,,,Windows 11 Home,True,68990.0,83990.0,15000.0,68990.0,76490.0,83990.0,22,https://www.flipkart.com/asus-tuf-gaming-a15-2025-amd-ryzen-7-7445hs-16-gb-512-gb-ssd-windows-11-home-4-graphics-nvidia-geforce-rtx-3050-144-hz-fa506ncg-hn199w-laptop/p/itmca7ce1e457d2f,76490.0,3,0.03125,0,1
ASUS,ASUS TUF Gaming A15,AMD,TUF Gaming,2025.0,AMD,Ryzen 7 Octa Core 7445HS,Ryzen 7,7.0,,,,,Integrated,,,,16,DDR5,,1024,SSD,,15.6,,,,,,,Windows 11 Home,True,75990.0,87990.0,12000.0,75990.0,81990.0,87990.0,24,https://www.flipkart.com/asus-tuf-gaming-a15-2025-amd-ryzen-7-octa-core-7445hs-16-gb-1-tb-ssd-windows-11-home-4-gb-graphics-nvidia-geforce-rtx-3050-144-hz-fa506ncg-hn249w-laptop/p/itma80161587da66,81990.0,3,0.015625,0,1
HP,HP Pavilion Plus AI Powered Laptop,14-e,Pavilion,,AMD,Ryzen 7 Octa Core 7840U,Ryzen 7,7.0,,,,,Integrated,,,,16,DDR4,,1024,SSD,,14.0,,,,,,,Windows 11 Home,True,86595.0,111999.0,25404.0,86595.0,99297.0,111999.0,6,https://www.flipkart.com/hp-pavilion-plus-ai-powered-laptop-amd-ryzen-7-octa-core-7840u-16-gb-1-tb-ssd-windows-11-home-14-ey0789au/p/itmaddf6e4bcfe75,99297.0,3,0.015625,0,0
Lenovo,Lenovo IdeaPad Gaming 3,,IdeaPad,,AMD,Ryzen 7 Octa Core 5800H,Ryzen 7,5.0,,,,,Integrated,,,,8,DDR4,,512,SSD,,15.6,,,,,,,Windows 11 Home,True,63390.0,103490.0,40100.0,63390.0,83440.0,103490.0,16,https://www.flipkart.com/lenovo-ideapad-gaming-3-amd-ryzen-7-octa-core-5800h-8-gb-512-gb-ssd-windows-11-home-4-graphics-nvidia-geforce-rtx-3050-15ach6-laptop/p/itm2a46b1c472cac,83440.0,3,0.015625,0,1
ASUS,ASUS Vivobook 15,X1502ZA-EJ953WS,Vivobook,,Intel,Core i3 12th Gen 1215U,Core i3,,,,,,Integrated,,,,8,DDR4,,512,SSD,,15.6,,,,,,,Windows 11 Home,True,34990.0,56990.0,22000.0,34990.0,45990.0,56990.0,16,https://www.flipkart.com/asus-vivobook-15-intel-core-i3-12th-gen-1215u-8-gb-512-gb-ssd-windows-11-home-x1502za-ej953ws-thin-light-laptop/p/itm3b11f9400fcd8,45990.0,3,0.015625,0,0
ASUS,ASUS ExpertBook P1 with 1 Yr ADP,Intel,ExpertBook,,Intel,Core 3 14th Gen 100U,,,,,,,Integrated,,,,8,DDR5,,512,SSD,,15.6,,,,,,,Windows 11 Home,True,56990.0,84990.0,28000.0,56990.0,70990.0,84990.0,24,https://www.flipkart.com/asus-expertbook-p1-1-yr-adp-i3-14th-gen-intel-core-3-gen-100u-8-gb-512-gb-ssd-windows-11-home-p1503cva-s72562ws-thin-light-laptop/p/itm1ed622fed8f3a,70990.0,3,0.015625,0,0
ASUS,ASUS ExpertBook P1 with 1 Yr ADP,P1403,ExpertBook,2024.0,Intel,Core 3 13th Gen 1315U,,,,,,,Integrated,,,,8,DDR5,,512,SSD,,14.0,,,,,,,Windows 11 Home,True,47990.0,69990.0,22000.0,47990.0,58990.0,69990.0,18,https://www.flipkart.com/asus-expertbook-p1-1-yr-adp-intel-core-3-13th-gen-1315u-8-gb-512-gb-ssd-windows-11-home-p1403cva-s60343ws-thin-light-laptop/p/itm275e21a6deac0,58990.0,3,0.015625,0,0
ASUS,ASUS ExpertBook P3 AI PC with 1 Yr ADP,P3,ExpertBook,2024.0,Intel,Core Ultra 5 225H,Core Ultra 5,2.0,,,,,Integrated,,,,16,DDR5,,512,SSD,,14.0,,,,,,,Windows 11 Home,True,94990.0,176990.0,82000.0,94990.0,135990.0,176990.0,12,https://www.flipkart.com/asus-expertbook-p3-ai-pc-1-yr-adp-intel-core-ultra-5-225h-16-gb-512-gb-ssd-windows-11-home-p3406ccap-ly1005ws-laptop/p/itmb1cd1120b9a53,135990.0,3,0.03125,0,0
Samsung,Samsung Galaxy Book4 Metal,NP750XGJ,,,Intel,Core i5 13th Gen 1335U,Core i5,,,,,,Integrated,,,,16,LPDDR4X,,512,SSD,,15.6,,,,,,,Windows 11 Home,True,77490.0,113090.0,35600.0,77490.0,95290.0,113090.0,18,https://www.flipkart.com/samsung-galaxy-book4-metal-intel-core-i5-13th-gen-1335u-16-gb-512-gb-ssd-windows-11-home-np750xgj-thin-light-laptop/p/itm1df5212efb9fc,95290.0,3,0.03125,0,0
ASUS,ASUS ExpertBook P1 with 1 Yr ADP,Intel,ExpertBook,,Intel,Core 3 14th Gen 100U,,,,,,,Integrated,,,,16,DDR5,,512,SSD,,14.0,,,,,,,Windows 11 Home,True,65990.0,74990.0,9000.0,65990.0,70490.0,74990.0,18,https://www.flipkart.com/asus-expertbook-p1-1-yr-adp-i3-14th-gen-intel-core-3-gen-100u-16-gb-512-gb-ssd-windows-11-home-p1403cva-s61822ws-thin-light-laptop/p/itm4cbe2565a1363,70490.0,3,0.03125,0,0
ASUS,ASUS ExpertBook P1 with 1 Yr ADP,Intel,ExpertBook,,Intel,Core 5 210H,,,,,,,Integrated,,,,16,DDR4,,512,SSD,,15.6,,,,,,,Windows 11 Home,True,70990.0,89990.0,19000.0,70990.0,80490.0,89990.0,116,https://www.flipkart.com/asus-expertbook-p1-1-yr-adp-i5-14th-gen-intel-core-5-210h-16-gb-512-gb-ssd-windows-11-home-p1503cva-s72222ws-p1503cvayb-s73386ws-laptop/p/itmfe48dae26f674,80490.0,3,0.03125,0,0
ASUS,ASUS Vivobook 15,X1502ZA-EJ545WS,Vivobook,,Intel,Core i5 12th Gen 1235U,Core i5,,,,,,Integrated,,,,16,DDR4,,512,SSD,,15.6,,,,,,,Windows 11 Home,True,51990.0,74990.0,23000.0,51990.0,63490.0,74990.0,20,https://www.flipkart.com/asus-vivobook-15-intel-core-i5-12th-gen-1235u-16-gb-512-gb-ssd-windows-11-home-x1502za-ej545ws-thin-light-laptop/p/itm3b11f9400fcd8,63490.0,3,0.03125,0,0
ASUS,ASUS ExpertBook P5 with Full Metal OLED AI PC 1 Yr ADP,,ExpertBook,2024.0,Intel,Core Ultra 7 255H,Core Ultra 7,2.0,,,,,Integrated,,,,16,DDR5,,1024,SSD,,14.0,,OLED,,,,,Windows 11 Home,True,104990.0,279990.0,175000.0,279990.0,279990.0,279990.0,8,https://www.flipkart.com/asus-expertbook-p5-full-metal-oled-ai-pc-1-yr-adp-intel-core-ultra-7-255h-16-gb-1-tb-ssd-windows-11-home-p5406cca-sf0161ws-laptop/p/itmd6dd1bfb91dbf,279990.0,3,0.015625,0,0
ASUS,ASUS ExpertBook P1 with 1 Yr ADP,Intel,ExpertBook,,Intel,Core 3 14th Gen 100U,,,,,,,Integrated,,,,8,DDR5,,512,SSD,,14.0,,,,,,,Windows 11 Home,True,61990.0,69990.0,8000.0,61990.0,65990.0,69990.0,18,https://www.flipkart.com/asus-expertbook-p1-1-yr-adp-i3-14th-gen-intel-core-3-gen-100u-8-gb-512-gb-ssd-windows-11-home-p1403cva-s61821ws-thin-light-laptop/p/itm2be4c7e3b9728,65990.0,3,0.015625,0,0
Acer,Acer Aspire 7,Intel,Aspire,,Intel,Core 5 210H,,,,,,,Integrated,,,,16,DDR4,,512,SSD,,15.6,,,,,,,Windows 11 Home,True,104690.0,115499.0,10809.0,79990.0,108295.33,129990.0,92,https://www.flipkart.com/acer-aspire-7-i5-14th-gen-intel-core-5-210h-16-gb-512-gb-ssd-windows-11-home-6-graphics-nvidia-geforce-rtx-4050-a715-79g-gaming-laptop/p/itme15c1638095fc,108295.33,3,0.03125,0,0
ASUS,ASUS ExpertBook P1 with 1 Yr ADP,P1503,ExpertBook,2024.0,Intel,Core 3 13th Gen 1315U,,,,,,,Integrated,,,,8,DDR5,,512,SSD,,15.6,,,,,,,Windows 11 Home,True,47990.0,69990.0,22000.0,47990.0,58990.0,69990.0,16,https://www.flipkart.com/asus-expertbook-p1-1-yr-adp-intel-core-3-13th-gen-1315u-8-gb-512-gb-ssd-windows-11-home-p1503cva-s70501ws-thin-light-laptop/p/itm5b59a30b4c016,58990.0,3,0.015625,0,0
ASUS,ASUS ExpertBook P1 with 1 Yr ADP,P140,ExpertBook,2024.0,Intel,Core 3 13th Gen 1315U,,,,,,,Integrated,,,,16,DDR5,,512,SSD,,14.0,,,,,,,Windows 11 Home,True,51990.0,74990.0,23000.0,51990.0,63490.0,74990.0,24,https://www.flipkart.com/asus-expertbook-p1-1-yr-adp-intel-core-3-13th-gen-1315u-16-gb-512-gb-ssd-windows-11-home-p1403cva-s60938ws-thin-light-laptop/p/itm0af4b81838b5b,63490.0,3,0.03125,0,0
ASUS,ASUS Vivobook 15,Intel,Vivobook,2026.0,Intel,Core 3 100U,,,,,,,Integrated,,,,8,DDR5,,512,SSD,,15.6,,,,,,,Windows 11 Home,True,63990.0,86990.0,23000.0,59990.0,74490.0,86990.0,4,https://www.flipkart.com/asus-vivobook-15-2026-intel-core-3-100u-8-gb-512-gb-ssd-windows-11-home-x1504vap-in005ws-thin-light-laptop/p/itm18e563e735696,74490.0,3,0.015625,0,0
ASUS,ASUS ExpertBook P3 with AI PC 1 Yr ADP,P3,ExpertBook,2024.0,Intel,Core Ultra 7 255H,Core Ultra 7,2.0,,,,,Integrated,,,,16,DDR5,,512,SSD,,14.0,,,,,,,Windows 11 Home,True,92990.0,192990.0,100000.0,92990.0,142990.0,192990.0,18,https://www.flipkart.com/asus-expertbook-p3-ai-pc-1-yr-adp-intel-core-ultra-7-255h-16-gb-512-gb-ssd-windows-11-home-p3406ccap-ly0161ws-thin-light-laptop/p/itm4e82eadf48819,142990.0,3,0.03125,0,0
ASUS,"ASUS Vivobook S16 OLED with Backlit Keyboard, Metal Body*,",,Vivobook,2025.0,Qualcomm,Snapdragon X -,Snapdragon X,,,,,,Integrated,,,,16,LPDDR5X,,512,SSD,,16.0,,OLED,,,,,Windows 11 Home,True,72990.0,98990.0,26000.0,72990.0,91933.55,121999.0,60,https://www.flipkart.com/asus-vivobook-s16-oled-2025-backlit-keyboard-metal-body-snapdragon-x-16-gb-512-gb-ssd-windows-11-home-s3607qa-sh078ws-thin-light-laptop/p/itm252509f1beb81,91933.55,3,0.03125,0,0
ASUS,"ASUS Vivobook S14 Flip with Touch Screen, Metallic Design,",,Vivobook,2025.0,Intel,Core i5 13th Gen 13420H,Core i5,13.0,,,,,Integrated,,,,16,DDR4,,512,SSD,,14.0,,,,True,,,Windows 11 Home,True,72990.0,86990.0,14000.0,72990.0,79990.0,86990.0,32,https://www.flipkart.com/asus-vivobook-s14-flip-2025-touch-screen-metallic-design-intel-core-i5-13th-gen-13420h-16-gb-512-gb-ssd-windows-11-home-tp3402vao-lz612ws-2-1-laptop/p/itme494b3629a714,79990.0,3,0.03125,0,0
ASUS,"ASUS Vivobook 14 Flip OLED with Touch Screen, Metallic Design,",,Vivobook,2026.0,Intel,Core Ultra 5 226V,Core Ultra 5,2.0,,,,,Integrated,,,,16,LPDDR5X,,512,SSD,,14.0,,OLED,,True,,,Windows 11 Home,True,96990.0,176990.0,80000.0,96990.0,129626.36,176990.0,22,https://www.flipkart.com/asus-vivobook-14-flip-oled-2026-touch-screen-metallic-design-intel-core-ultra-5-226v-16-gb-512-gb-ssd-windows-11-home-tp3407sa-sg183ws-2-1-laptop/p/itmffd74b3d38344,129626.36,3,0.03125,0,0
ASUS,"ASUS Vivobook 15 , AI PC with NPU up to 15TOPS,",,Vivobook,2026.0,Intel,Core 3 304,,,,,,,Integrated,,,15.0,8,DDR5,,256,SSD,,15.6,,,,,,,Windows 11 Home,True,55990.0,107990.0,52000.0,55990.0,81990.0,107990.0,16,https://www.flipkart.com/asus-vivobook-15-2026-ai-pc-npu-up-15tops-intel-core-3-304-8-gb-256-gb-ssd-windows-11-home-x1504ma-bq907ws-thin-light-laptop/p/itmb5ae325a646d7,81990.0,3,0.03125,0,0
ASUS,ASUS ExpertBook P3 AI PC with 1 Yr ADP,P3,ExpertBook,2024.0,Intel,Core Ultra 5 225H,Core Ultra 5,2.0,,,,,Integrated,,,,16,DDR5,,512,SSD,,16.0,,,,,,,Windows 11 Home,True,82500.0,176990.0,94490.0,82500.0,129745.0,176990.0,6,https://www.flipkart.com/asus-expertbook-p3-ai-pc-1-yr-adp-intel-core-ultra-5-225h-16-gb-512-gb-ssd-windows-11-home-p3606ccap-mb1005ws-laptop/p/itmf089d07337578,129745.0,3,0.03125,0,0
ASUS,ASUS Vivobook 15 with Office 2024 + M365 Basic,,Vivobook,2026.0,Intel,Core 3 14th Gen 100U,,,,,,,Integrated,,,,8,DDR5,,512,SSD,,15.6,,,,,,,Windows 11 Home,True,56990.0,84990.0,28000.0,55900.0,70756.43,84990.0,28,https://www.flipkart.com/asus-vivobook-15-2026-office-2024-m365-basic-i3-14th-gen-intel-core-3-gen-100u-8-gb-512-gb-ssd-windows-11-home-x1504vap-bq1322ws-thin-light-laptop/p/itm8e8288a414a80,70756.43,5,0.015625,0,0
ASUS,"ASUS Vivobook 14 with Office 2024 + M365 Basic*, Backlit Keyboard,",,Vivobook,2025.0,Qualcomm,Snapdragon X -,Snapdragon X,,,,,,Integrated,,,,16,LPDDR5X,,512,SSD,,14.0,,,,,,,Windows 11 Home,True,60816.0,122990.0,62174.0,60816.0,84563.13,122990.0,62,https://www.flipkart.com/asus-vivobook-14-2025-office-2024-m365-basic-backlit-keyboard-snapdragon-x-16-gb-512-gb-ssd-windows-11-home-x1407qa-ly088ws-thin-light-laptop/p/itm50b9ac5b77ae0,84563.13,5,0.03125,0,0
ASUS,ASUS ExpertBook P1 with 1 Yr ADP,P150,ExpertBook,2024.0,Intel,Core 3 13th Gen 1315U,,,,,,,Integrated,,,,16,DDR5,,512,SSD,,15.6,,,,,,,Windows 11 Home,True,65200.0,74990.0,9790.0,65200.0,70095.0,74990.0,10,https://www.flipkart.com/asus-expertbook-p1-1-yr-adp-intel-core-3-13th-gen-1315u-16-gb-512-gb-ssd-windows-11-home-p1503cva-s71074ws-thin-light-laptop/p/itmf84b442d31b6b,70095.0,3,0.03125,0,0
ASUS,"ASUS Vivobook 15 with MSO 2024 + M365 Basic*, Backlit Keyboard,",,Vivobook,2025.0,Intel,Core 5 120U,,,,,,,Integrated,,,,16,DDR4,,512,SSD,,15.6,,,,,,,Windows 11 Home,True,76170.0,85990.0,9820.0,76170.0,81080.0,85990.0,2,https://www.flipkart.com/asus-vivobook-15-2025-i5-14th-gen-mso-2024-m365-basic-backlit-keyboard-intel-core-5-120u-16-gb-512-gb-ssd-windows-11-home-x1504vap-nj2862ws-x1504vap-bq224ws-thin-light-laptop/p/itm774438efecaf0,81080.0,5,0.03125,0,0
ASUS,ASUS Vivobook Go 14 with Office 2024 + M365 Basic*,,Vivobook,2025.0,AMD,Ryzen 3 Quad Core 7320U,Ryzen 3,7.0,,,,,Integrated,,,,8,LPDDR5,,512,SSD,,14.0,,,,,,,Windows 11 Home,True,53997.0,59990.0,5993.0,53997.0,57066.75,59990.0,16,https://www.flipkart.com/asus-vivobook-go-14-2025-office-2024-m365-basic-amd-ryzen-3-quad-core-7320u-8-gb-512-gb-ssd-windows-11-home-e1404fa-nk3325ws-e1404fa-eb2322ws-e1404fa-eb901ws-thin-light-laptop/p/itm7939cfb8266f7,57066.75,5,0.015625,0,0
ASUS,ASUS ExpertBook P1 with 1 Yr ADP,P1,ExpertBook,2024.0,Intel,Core i5 13th Gen 13420H,Core i5,13.0,,,,,Integrated,,,,16,DDR5,,512,SSD,,15.6,,,,,,,Windows 11 Home,True,77102.0,98999.0,21897.0,77102.0,88050.5,98999.0,4,https://www.flipkart.com/asus-expertbook-p1-1-yr-adp-intel-core-i5-13th-gen-13420h-16-gb-512-gb-ssd-windows-11-home-p1503cva-s70611ws-thin-light-laptop/p/itmf788da016f665,88050.5,3,0.03125,0,0
ASUS,ASUS Vivobook 15,X1504ZA-NJ322WS,Vivobook,,Intel,Core i3 12th Gen 1215U,Core i3,,,,,,Integrated,,,,8,DDR4,,512,SSD,,15.6,,,,,,,Windows 11 Home,True,56790.0,59990.0,3200.0,55990.0,58324.08,59999.0,12,https://www.flipkart.com/asus-vivobook-15-intel-core-i3-12th-gen-1215u-8-gb-512-gb-ssd-windows-11-home-x1504za-nj322ws-thin-light-laptop/p/itm200184e4e0443,58324.08,3,0.015625,0,0
ASUS,ASUS ExpertBook P3 with AI PC IR Cam 1 Yr ADP,,ExpertBook,2024.0,Intel,Core Ultra 7 255H,Core Ultra 7,2.0,,,,,Integrated,,,,16,DDR5,,512,SSD,,16.0,,,,,,,Windows 11 Home,True,93500.0,190000.0,96500.0,93500.0,141750.0,190000.0,10,https://www.flipkart.com/asus-expertbook-p3-ai-pc-ir-cam-1-yr-adp-intel-core-ultra-7-255h-16-gb-512-gb-ssd-windows-11-home-p3606ccap-mb0056ws-p3606ccap-mb0432ws-thin-light-laptop/p/itm2a79561b76fe5,141750.0,3,0.03125,0,0
HP,HP 14 AI PC,14-ep1151TU,,,Intel,Core Ultra 7 155H,Core Ultra 7,1.0,,,,,Integrated,,,,16,DDR5,,512,SSD,,14.0,,,,,,,Windows 11 Home,True,94900.0,99990.0,5090.0,94900.0,97445.0,99990.0,16,https://www.flipkart.com/hp-14-ai-pc-intel-core-ultra-7-155h-16-gb-512-gb-ssd-windows-11-home-14-ep1151tu-14-gr1036tu-thin-light-laptop/p/itmb03e7985652f2,97445.0,3,0.03125,0,0
Motorola,MOTOROLA Motobook 60 Pro Full Metal AI PC WUXGA OLED,,,2024.0,Intel,Core Ultra 5 225H,Core Ultra 5,2.0,,,,,Integrated,,,,16,DDR5,,512,SSD,,14.0,,OLED,,,,,Windows 11,True,84990.0,145000.0,60010.0,84990.0,114995.0,145000.0,14,https://www.flipkart.com/motorola-motobook-60-pro-full-metal-ai-pc-wuxga-oled-intel-core-ultra-5-225h-16-gb-512-gb-ssd-windows-11-home-14iah101-thin-light-laptop/p/itm9a8f7e63c313f,114995.0,3,0.03125,0,0
Samsung,Samsung Galaxy Book5 AI Metal,NP750XHD,,2024.0,Intel,Core Ultra 7 255U,Core Ultra 7,1.0,,,,,Integrated,,,,16,LPDDR5X,,512,SSD,,15.6,,,,,,,Windows 11 Home,True,91990.0,109990.0,18000.0,91990.0,100990.0,109990.0,12,https://www.flipkart.com/samsung-galaxy-book5-ai-metal-intel-core-ultra-7-255u-16-gb-512-gb-ssd-windows-11-home-np750xhd-thin-light-laptop/p/itma9c081cdbe95d,100990.0,3,0.03125,0,0
Dell,DELL 15 AI Powered,AI,,,Intel,Core Ultra 5 225H,Core Ultra 5,2.0,,,,,Integrated,,,,8,DDR5,,512,SSD,,15.6,,,,,,,Windows 11 Home,True,81998.0,89990.0,7992.0,81998.0,85994.0,89990.0,4,https://www.flipkart.com/dell-15-previously-inspiron-ai-powered-intel-core-ultra-5-225h-8-gb-512-gb-ssd-windows-11-home-thin-light-laptop/p/itmef7ee4e46fdc2,85994.0,3,0.015625,0,0
Acer,Acer Swift Neo Office 2024 + M365 Basic,S,Swift,2024.0,Intel,Core Ultra 5 115U,Core Ultra 5,1.0,,,,,Integrated,,,,16,LPDDR5,,512,SSD,,14.0,,,,,,,Windows 11 Home,True,74062.0,89999.0,15937.0,74062.0,84795.33,94990.0,24,https://www.flipkart.com/acer-swift-neo-office-2024-m365-basic-intel-core-ultra-5-115u-16-gb-512-gb-ssd-windows-11-home-sfn14-54h-thin-light-laptop/p/itm093fb94fa4b22,84795.33,5,0.03125,0,0
Acer,"Acer Aspire 3 AI PC, Backlit Keyboard",AI,Aspire,2026.0,Intel,Core Ultra 5 115U,Core Ultra 5,1.0,,,,,Integrated,,,,8,DDR5,,512,SSD,,15.6,,,,,,,Windows 11 Home,True,59990.0,69990.0,10000.0,59990.0,64990.0,69990.0,14,https://www.flipkart.com/acer-aspire-3-2026-ai-pc-backlit-keyboard-intel-core-ultra-5-115u-8-gb-512-gb-ssd-windows-11-home-a325-55-notebook/p/itmbcd8bc89383cd,64990.0,3,0.015625,0,0
ASUS,ASUS ExpertBook P3 with AI PC 1 Yr ADP,P3,ExpertBook,2024.0,Intel,Core Ultra 7 255H,Core Ultra 7,2.0,,,,,Integrated,,,,16,DDR5,,512,SSD,,16.0,,,,,,,Windows 11 Home,True,89990.0,192990.0,103000.0,89990.0,141490.0,192990.0,18,https://www.flipkart.com/asus-expertbook-p3-ai-pc-1-yr-adp-intel-core-ultra-7-255h-16-gb-512-gb-ssd-windows-11-home-p3606ccap-mb1007ws-thin-light-laptop/p/itm50b719d53d28e,141490.0,3,0.03125,0,0
ASUS,ASUS Vivobook 16,Intel,Vivobook,2026.0,Intel,Core Ultra 5 225H,Core Ultra 5,2.0,,,,,Integrated,,,,16,DDR5,,512,SSD,,16.0,,,,,,,Windows 11 Home,True,91990.0,159990.0,68000.0,91990.0,125990.0,159990.0,14,https://www.flipkart.com/asus-vivobook-16-2026-intel-core-ultra-5-225h-16-gb-512-gb-ssd-windows-11-home-x1607ca-mb350ws-thin-light-laptop/p/itm109084c762d77,125990.0,3,0.03125,0,0
Lenovo,Lenovo Legion Pro 5 WQXGA OLED,,Legion,2024.0,Intel,Core Ultra 9 275HX,Core Ultra 9,1.0,,,,,Integrated,,,,32,DDR5,,1024,SSD,,16.0,,OLED,,,,,Windows 11 Home,True,259990.0,293890.0,33900.0,259990.0,310665.0,396790.0,20,https://www.flipkart.com/lenovo-legion-pro-5-wqxga-oled-intel-core-ultra-9-275hx-32-gb-1-tb-ssd-windows-11-home-8-gb-graphics-nvidia-geforce-rtx-5070-16iax10-gaming-laptop/p/itm0968b6925c1fe,310665.0,3,0.03125,0,1
ASUS,"ASUS Vivobook 14 with Office 2024 + M365 Basic*,",,Vivobook,2025.0,Intel,Core Ultra 5 225H,Core Ultra 5,2.0,,,,,Integrated,,,,16,DDR5,,512,SSD,,14.0,,,,,,,Windows 11 Home,True,74990.0,113990.0,39000.0,74990.0,94490.0,113990.0,8,https://www.flipkart.com/asus-vivobook-14-2025-office-2024-m365-basic-intel-core-ultra-5-225h-16-gb-512-gb-ssd-windows-11-home-x1407ca-ly160ws-thin-light-laptop/p/itmfeb2507e526d6,94490.0,5,0.03125,0,0
HP,HP Pavilion AI PC,16-af0028TU,Pavilion,,Intel,Core Ultra 7 155U,Core Ultra 7,1.0,,,,,Integrated,,,,16,LPDDR5X,,512,SSD,,16.0,,,,,,,Windows 11 Home,True,84999.0,104048.0,19049.0,84999.0,94523.5,104048.0,6,https://www.flipkart.com/hp-pavilion-ai-pc-intel-core-ultra-7-155u-16-gb-512-gb-ssd-windows-11-home-16-af0028tu-thin-light-laptop/p/itmec9c43c3b429c,94523.5,3,0.03125,0,0
ASUS,"ASUS Vivobook S16 with Office 2024 + M365 Basic*, Metal Body*,",,Vivobook,2025.0,Intel,Core Ultra 5 225H,Core Ultra 5,2.0,,,,,Integrated,,,,16,DDR5,,512,SSD,,16.0,,,,,,,Windows 11 Home,True,97000.0,130990.0,33990.0,89368.0,107391.17,130990.0,6,https://www.flipkart.com/asus-vivobook-s16-2025-office-2024-m365-basic-metal-body-intel-core-ultra-5-225h-16-gb-512-gb-ssd-windows-11-home-s3607ca-sh071ws-thin-light-laptop/p/itm038f39f4a1473,107391.17,5,0.03125,0,0
Lenovo,Lenovo Ultra 5 225U,21SKA0FTIG,,,Intel,Core Ultra 5 225U,Core Ultra 5,1.0,,,,,Integrated,,,,16,DDR5,,1024,SSD,,16.0,,,,,,,Windows 11 Home,True,115999.0,120990.0,4991.0,115999.0,118494.5,120990.0,18,https://www.flipkart.com/lenovo-ultra-5-225u-intel-core-16-gb-1-tb-ssd-windows-11-home-21ska0ftig-laptop/p/itmb069abad9f7f6,118494.5,3,0.015625,0,0
ASUS,"ASUS Vivobook S16 with Office 2024 + M365 Basic*, Metal Body*,",,Vivobook,2025.0,Intel,Core Ultra 7 255H,Core Ultra 7,2.0,,,,,Integrated,,,,16,DDR5,,512,SSD,,16.0,,,,,,,Windows 11 Home,True,116038.0,160999.0,44961.0,116038.0,138518.5,160999.0,10,https://www.flipkart.com/asus-vivobook-s16-2025-office-2024-m365-basic-metal-body-intel-core-ultra-7-255h-16-gb-512-gb-ssd-windows-11-home-s3607ca-sh077ws-thin-light-laptop/p/itm1169d48bb3480,138518.5,5,0.03125,0,0
Dell,DELL 15 AI Powered,AI,,,Intel,Core Ultra 5 225H,Core Ultra 5,2.0,,,,,Integrated,,,,16,DDR5,,512,SSD,,15.6,,,,,,,Windows 11 Home,True,88400.0,106989.0,18589.0,88400.0,97694.5,106989.0,6,https://www.flipkart.com/dell-15-previously-inspiron-ai-powered-intel-core-ultra-5-225h-16-gb-512-gb-ssd-windows-11-home-thin-light-laptop/p/itm3d19bf8ab4b69,97694.5,3,0.03125,0,0
ASUS,"ASUS Vivobook S14 with Backlit Keyboard, Metallic Design*,",,Vivobook,2025.0,Intel,Core Ultra 7 255H,Core Ultra 7,2.0,,,,,Integrated,,,,16,DDR5,,512,SSD,,14.0,,,,,,,Windows 11 Home,True,103990.0,165990.0,62000.0,103990.0,134990.0,165990.0,8,https://www.flipkart.com/asus-vivobook-s14-2025-backlit-keyboard-metallic-design-intel-core-ultra-7-255h-16-gb-512-gb-ssd-windows-11-home-s3407ca-ly083ws-thin-light-laptop/p/itm52b33faa17e6b,134990.0,3,0.03125,0,0
Dell,DELL 18 Area 51,,,,Intel,Core Ultra 9 275HX,Core Ultra 9,1.0,,,,,Integrated,,,,64,DDR5,,2048,SSD,,18.0,,,,,,,Windows 11 Home,True,525900.0,598529.0,72629.0,525900.0,562214.5,598529.0,10,https://www.flipkart.com/dell-18-area-51-intel-core-ultra-9-275hx-64-gb-2-tb-ssd-windows-11-home-24-gb-graphics-nvidia-geforce-rtx-5090-300-hz-can18250cto03mino-gaming-laptop/p/itmece53c0773a66,562214.5,3,0.03125,0,0
Dell,DELL 16 Area 51,,,,Intel,Core Ultra 9 275HX,Core Ultra 9,1.0,,,,,Integrated,,,,32,DDR5,,1024,SSD,,16.0,,,,,,,Windows 11 Home,True,349990.0,379722.0,29732.0,349990.0,364856.0,379722.0,14,https://www.flipkart.com/dell-16-area-51-intel-core-ultra-9-275hx-32-gb-1-tb-ssd-windows-11-home-12-gb-graphics-nvidia-geforce-rtx-5070ti-240-hz-alienware-area-51-gaming-laptop/p/itm10eb70662f089,364856.0,3,0.03125,0,0
HP,HP 14 Omnibook X Flip Next Gen AI PC,Omnibo,,,Intel,Core Ultra 7 256V,Core Ultra 7,2.0,,,,,Integrated,,,,16,LPDDR5X,,1024,SSD,,14.0,,,,,,,Windows 11 Home,True,172990.0,224827.0,51837.0,172990.0,198908.5,224827.0,6,https://www.flipkart.com/hp-14-omnibook-x-flip-next-gen-ai-pc-intel-core-ultra-7-256v-16-gb-1-tb-ssd-windows-11-home-14-fm0100tu-thin-light-laptop/p/itme7e0e144a4053,198908.5,3,0.015625,0,0
HP,HP Pavilion AI PC,16-af0015TU,Pavilion,,Intel,Core Ultra 5 125U,Core Ultra 5,1.0,,,,,Integrated,,,,16,LPDDR5,,512,SSD,,16.0,,,,,,,Windows 11 Home,True,89990.0,99000.0,9010.0,89990.0,94495.0,99000.0,8,https://www.flipkart.com/hp-pavilion-ai-pc-intel-core-ultra-5-125u-16-gb-512-gb-ssd-windows-11-home-16-af0015tu-thin-light-laptop/p/itmdb0b867255e2b,94495.0,3,0.03125,0,0
Lenovo,Lenovo Yoga Slim Series,83CV00B3IN,Yoga,,Intel,Core Ultra 9 185H,Core Ultra 9,1.0,,,,,Integrated,,,,32,LPDDR5,,1024,SSD,,14.0,,,,,,,Windows 11 Home,True,164890.0,169890.0,5000.0,159890.0,165723.33,169890.0,6,https://www.flipkart.com/lenovo-yoga-slim-series-intel-core-ultra-9-185h-32-gb-1-tb-ssd-windows-11-home-83cv00b3in-thin-light-laptop/p/itm3ffa1ea78706b,165723.33,3,0.03125,0,0
Lenovo,Lenovo IdeaPad Slim 5 WUXGA IPS AI PC with 1Yr ADP,,IdeaPad,,Intel,Core Ultra 5 125H,Core Ultra 5,1.0,,,,,Integrated,,,,16,LPDDR5X,,512,SSD,,14.0,,IPS,,,,,Windows 11,True,106990.0,120000.0,13010.0,106990.0,113495.0,120000.0,8,https://www.flipkart.com/lenovo-ideapad-slim-5-wuxga-ips-ai-pc-1yr-adp-intel-core-ultra-125h-16-gb-512-gb-ssd-windows-11-home-14imh9-thin-light-laptop/p/itm089031723a8df,113495.0,3,0.03125,0,0
ASUS,ASUS ROG Strix SCAR 18,Intel,ROG,2026.0,Intel,Core Ultra 9 290HX,Core Ultra 9,1.0,,,,,Integrated,,,,64,DDR5,,2048,SSD,,18.0,,,,,,,Windows 11 Home,True,699990.0,779990.0,80000.0,699990.0,739990.0,779990.0,4,https://www.flipkart.com/asus-rog-strix-scar-18-2026-intel-core-ultra-9-290hx-plus-64-gb-2-tb-ssd-windows-11-home-24-gb-graphics-nvidia-geforce-rtx-5090-240-hz-g835lxg-tq492ws-gaming-laptop/p/itmfa1ec8f7961ff,739990.0,3,0.03125,0,1
Acer,Acer Swift Go 14 Powered EVO AI PC,SFG14,Swift,,Intel,Core Ultra 5 125H,Core Ultra 5,1.0,,,,,Integrated,,,,16,LPDDR5X,,512,SSD,,14.0,,,,True,,,Windows 11 Home,True,88999.0,129999.0,41000.0,88999.0,109499.0,129999.0,6,https://www.flipkart.com/acer-swift-go-14-powered-evo-ai-pc-intel-core-ultra-5-125h-16-gb-512-gb-ssd-windows-11-home-sfg14-72t-549e-thin-light-laptop/p/itma2494f47445ab,109499.0,3,0.03125,0,0
Acer,"Acer Aspire 5 Metal AI PC, Backlit Keyboard",AI,Aspire,2026.0,Intel,Core Ultra 5 226V,Core Ultra 5,2.0,,,,,Integrated,,,,16,DDR5,,512,SSD,,14.0,,,,,,,Windows 11 Home,True,74990.0,99990.0,25000.0,74990.0,87490.0,99990.0,8,https://www.flipkart.com/acer-aspire-5-metal-2026-ai-pc-backlit-keyboard-intel-core-ultra-226v-16-gb-512-gb-ssd-windows-11-home-a514-55-notebook/p/itmd7173c35fdafd,87490.0,3,0.03125,0,0
Dell,DELL Inspiron,5330,Inspiron,,Intel,Core Ultra 5 125H,Core Ultra 5,1.0,,,,,Integrated,,,,16,LPDDR5X,,512,SSD,,13.3,,,,,,,Windows 11 Home,True,98990.0,115000.0,16010.0,98990.0,106995.0,115000.0,2,https://www.flipkart.com/dell-inspiron-intel-core-ultra-5-125h-16-gb-512-gb-ssd-windows-11-home-5330-thin-light-laptop/p/itm81bdc530dcf54,106995.0,3,0.03125,0,0
HP,HP ENVY AI PC,14-fc0078TU,Envy,,Intel,Core Ultra 5 125U,Core Ultra 5,1.0,,,,,Integrated,,,,16,LPDDR5,,512,SSD,,14.0,,,,True,,,Windows 11 Home,True,120925.0,125000.0,4075.0,120925.0,122962.5,125000.0,2,https://www.flipkart.com/hp-envy-ai-pc-intel-core-ultra-5-125u-16-gb-512-gb-ssd-windows-11-home-14-fc0078tu-thin-light-laptop/p/itma4a95464cf19e,122962.5,3,0.03125,0,0
Acer,Acer Predator Helios Neo 16S AI,,Predator,,Intel,Core Ultra 9 275HX,Core Ultra 9,1.0,,,,,Integrated,,,,16,DDR5,,1024,SSD,,16.0,,,,,,,Windows 11 Home,True,262246.0,319990.0,57744.0,262246.0,291118.0,319990.0,6,https://www.flipkart.com/acer-predator-helios-neo-16s-ai-intel-core-ultra-9-275hx-16-gb-1-tb-ssd-windows-11-home-8-gb-graphics-nvidia-geforce-rtx-5070-phn16s-71-gaming-laptop/p/itmb27b13bdbdb17,291118.0,3,0.015625,0,1
MSI,MSI Prestige 16 Studio AI PC,,,,Intel,Core Ultra 7 155H,Core Ultra 7,1.0,,,,,Integrated,,,,32,LPDDR5,,1024,SSD,,16.0,,,,,,,Windows 11 Home,True,139990.0,179990.0,40000.0,139990.0,164990.0,189990.0,20,https://www.flipkart.com/msi-prestige-16-studio-ai-pc-intel-core-ultra-7-155h-32-gb-1-tb-ssd-windows-11-home-6-gb-graphics-b1veg-thin-light-laptop/p/itm763e2e0f0b0a4,164990.0,3,0.03125,0,0
Lenovo,Lenovo Yoga Slim 7 AI PC,14IMH9,Yoga,,Intel,Core Ultra 5 125H,Core Ultra 5,1.0,,,,,Integrated,,,,16,LPDDR5X,,512,SSD,,14.0,,,,,,,Windows 11 Home,True,99499.0,124890.0,25391.0,99499.0,115821.8,128590.0,10,https://www.flipkart.com/lenovo-yoga-slim-7-ai-pc-intel-core-ultra-5-125h-16-gb-512-gb-ssd-windows-11-home-14imh9-thin-light-laptop/p/itm77304edff3814,115821.8,3,0.03125,0,0
Samsung,Samsung Galaxy Book4 Pro 360 Evo AI PC,NP,,2021.0,Intel,Core Ultra 7 155H,Core Ultra 7,1.0,,,,,Integrated,,,,16,LPDDR5X,,512,SSD,,16.0,,,,True,,,Windows 11 Home,True,159999.0,188589.0,28590.0,159999.0,174294.0,188589.0,4,https://www.flipkart.com/samsung-galaxy-book4-pro-360-evo-ai-pc-intel-core-ultra-7-155h-16-gb-512-gb-ssd-windows-11-home-np960qgk-kg1in-np960qgk-lg1in-2-1-laptop/p/itm54d1534c14e6f,174294.0,3,0.03125,0,0
ASUS,"ASUS Vivobook 14 Flip OLED with Touch Screen, Metallic Design,",,Vivobook,2026.0,Intel,Core Ultra 7 256V,Core Ultra 7,2.0,,,,,Integrated,,,,16,LPDDR5X,,512,SSD,,14.0,,OLED,,True,,,Windows 11 Home,True,110990.0,118990.0,8000.0,110990.0,114990.0,118990.0,10,https://www.flipkart.com/asus-vivobook-14-flip-oled-2026-touch-screen-metallic-design-intel-core-ultra-7-256v-16-gb-512-gb-ssd-windows-11-home-tp3407sa-sg184ws-2-1-laptop/p/itmb193516d88191,114990.0,3,0.03125,0,0
HP,HP AI PC,14-gr1023TU,,,Intel,Core Ultra 7 155H,Core Ultra 7,1.0,,,,,Integrated,,,,16,DDR5,,512,SSD,,14.0,,,,,,,Windows 11 Home,True,97313.0,99900.0,2587.0,97313.0,98606.5,99900.0,4,https://www.flipkart.com/hp-ai-pc-intel-core-ultra-7-155h-16-gb-512-gb-ssd-windows-11-home-14-gr1023tu-thin-light-laptop/p/itm3a3020e1ac05e,98606.5,3,0.03125,0,0
ASUS,ASUS ROG Zephyrus G16 AI PC,,ROG,2024.0,Intel,Core Ultra 7 155H,Core Ultra 7,1.0,,,,,Integrated,,,,16,LPDDR5X,,1024,SSD,,16.0,,,,,,,Windows 11 Home,True,193975.0,207999.0,14024.0,193975.0,200987.0,207999.0,6,https://www.flipkart.com/asus-rog-zephyrus-g16-ai-pc-intel-core-ultra-7-155h-16-gb-1-tb-ssd-windows-11-home-8-gb-graphics-nvidia-geforce-rtx-4060-240-hz-gu605mv-co4711ws-gaming-laptop/p/itmd4dbadae0d71c,200987.0,3,0.015625,0,1
Lenovo,Lenovo IdeaPad Slim 5 WUXGA IPS,16IMH9,IdeaPad,,Intel,Core Ultra 5 125H,Core Ultra 5,1.0,,,,,Integrated,,,,16,LPDDR5X,,1024,SSD,,16.0,,IPS,,,,,Windows 11 Home,True,79890.0,111190.0,31300.0,79890.0,95540.0,111190.0,14,https://www.flipkart.com/lenovo-ideapad-slim-5-wuxga-ips-intel-core-ultra-125h-16-gb-1-tb-ssd-windows-11-home-16imh9-thin-light-laptop/p/itm23294734162fe,95540.0,3,0.015625,0,0
Acer,Acer Swift Lite OLED WUXGA,OLED,Swift,2025.0,Intel,Core Ultra 5 115U,Core Ultra 5,1.0,,,,,Integrated,,,,16,LPDDR5,,512,SSD,,14.0,,OLED,,,,,Windows 11 Home,True,96485.0,115999.0,19514.0,96485.0,106242.0,115999.0,12,https://www.flipkart.com/acer-swift-lite-2025-oled-wuxga-intel-core-ultra-5-115u-16-gb-512-gb-ssd-windows-11-home-sfl14-54m-thin-light-laptop/p/itm74374216a5492,106242.0,3,0.03125,0,0
Dell,DELL 14 Microsoft Office Home 2024,Inspiron,,2024.0,Qualcomm,Snapdragon X -,Snapdragon X,,,,,,Integrated,,,,16,LPDDR5X,,512,SSD,,14.0,,,,,,,Windows 11 Home,True,61990.0,87704.0,25714.0,61990.0,74847.0,87704.0,18,https://www.flipkart.com/dell-14-microsoft-office-home-2024-snapdragon-x-16-gb-512-gb-ssd-windows-11-home-inspiron-5441-thin-light-laptop/p/itmb16ff5081b580,74847.0,3,0.03125,0,0
Dell,DELL 14 Next Gen AI PC Microsoft Office Home 2024,,,2024.0,Intel,Core Ultra 5 226V,Core Ultra 5,2.0,,,,,Integrated,,,,16,LPDDR5X,,512,SSD,,14.0,,,,True,,,Windows 11,True,91490.0,102656.0,11166.0,91490.0,97073.0,102656.0,16,https://www.flipkart.com/dell-14-next-gen-ai-pc-microsoft-office-home-2024-intel-core-ultra-5-226v-16-gb-512-gb-ssd-windows-11-home-db14250-plus-2-1-db04250-thin-light-laptop/p/itmd5a3fea5e96f8,97073.0,3,0.03125,0,0
Dell,DELL 14,OIN54403001F1RINU1O,,,Intel,Core i3 13th Gen 1305U,Core i3,,,,,,Integrated,,,,8,DDR5,,512,SSD,,14.0,,,,,,,Windows 11 Home,True,58800.0,66990.0,8190.0,58800.0,62895.0,66990.0,8,https://www.flipkart.com/dell-14-intel-core-i3-13th-gen-1305u-8-gb-512-gb-ssd-windows-11-home-oin54403001f1rinu1o-thin-light-laptop/p/itm56bbf62ed4037,62895.0,3,0.015625,0,0
Dell,DELL PRO 15 DDR5 5600Mhz,DDR5,,2026.0,Intel,Core 3 14th Gen 100U,,,,,,,Integrated,,,,8,DDR5,5600.0,512,SSD,,15.6,,,,,,,Windows 11 Pro,True,51790.0,62789.0,10999.0,51790.0,60247.5,69900.0,18,https://www.flipkart.com/dell-pro-15-2026-ddr5-5600mhz-i3-14th-gen-intel-core-3-gen-100u-8-gb-512-gb-ssd-windows-11-pro-thin-light-laptop/p/itm51b9615f85177,60247.5,3,0.015625,0,0
Dell,DELL Inspiron 5440,Intel,Inspiron,2026.0,Intel,Core 3 14th Gen 100U,,,,,,,Integrated,,,,8,DDR5,,512,SSD,,14.0,,,,,,,Windows 11 Home,True,60339.0,65499.0,5160.0,56730.0,62179.09,73990.0,22,https://www.flipkart.com/dell-inspiron-5440-2026-i3-14th-gen-intel-core-3-gen-100u-8-gb-512-gb-ssd-windows-11-home-thin-light-laptop/p/itm0587042bee5d3,62179.09,3,0.015625,0,0
Dell,DELL Inspiron 5440,Intel,Inspiron,2025.0,Intel,Core i3 13th Gen 1305U,Core i3,,,,,,Integrated,,,,8,DDR5,,512,SSD,,14.0,,,,,,,Windows 11 Home,True,54990.0,68990.0,14000.0,54990.0,63890.0,73990.0,26,https://www.flipkart.com/dell-inspiron-5440-2025-intel-core-i3-13th-gen-1305u-8-gb-512-gb-ssd-windows-11-home-thin-light-laptop/p/itm1dc3eb60c7b18,63890.0,3,0.015625,0,0
Dell,DELL 15,Intel,,,Intel,Core i5 13th Gen 1334U,Core i5,,,,,,Integrated,,,,16,DDR4,,512,SSD,,15.0,,,,,,,Windows 11 Home,True,70990.0,71763.0,773.0,70990.0,71376.5,71763.0,16,https://www.flipkart.com/dell-15-previously-inspiron-intel-core-i5-13th-gen-1334u-16-gb-512-gb-ssd-windows-11-home-dc15250-db15250-thin-light-laptop/p/itm1e2ed725033ec,71376.5,3,0.03125,0,0
Dell,DELL 14 Plus Next Gen AI PC Microsoft Office Home 2024,,,2024.0,Intel,Core Ultra 5 226V,Core Ultra 5,2.0,,,,,Integrated,,,,16,LPDDR5X,,512,SSD,,14.0,,,,,,,Windows 11 Home,True,78990.0,98040.0,19050.0,78990.0,88515.0,98040.0,8,https://www.flipkart.com/dell-14-plus-next-gen-ai-pc-microsoft-office-home-2024-intel-core-ultra-5-226v-16-gb-512-gb-ssd-windows-11-home-db14250-thin-light-laptop/p/itm35f6fc2e7327a,88515.0,3,0.03125,0,0
Dell,DELL 15 Inspiron,DC15250,Inspiron,,Intel,Core 3 100U,,,,,,,Integrated,,,,8,DDR4,,512,SSD,,15.6,,,,,,,Windows 11 Home,True,57490.0,62500.0,5010.0,57490.0,59465.8,62500.0,20,https://www.flipkart.com/dell-15-inspiron-intel-core-3-100u-8-gb-512-gb-ssd-windows-11-home-dc15250-thin-light-laptop/p/itm0261fe56bb112,59465.8,3,0.015625,0,0
Dell,DELL 14 Plus Microsoft Office Home 2024,D,,2024.0,Intel,Core Ultra 7 256V,Core Ultra 7,2.0,,,,,Integrated,,,,16,LPDDR5X,,512,SSD,,14.0,,,,,,,Windows 11 Home,True,102990.0,116859.0,13869.0,102990.0,109924.5,116859.0,8,https://www.flipkart.com/dell-14-plus-microsoft-office-home-2024-intel-core-ultra-7-256v-16-gb-512-gb-ssd-windows-11-home-db14250-thin-light-laptop/p/itm31edf0baad0c4,109924.5,3,0.03125,0,0
Dell,DELL G15 Microsoft Office Home 2024,,,2024.0,Intel,Core i5 13th Gen 13450HX,Core i5,13.0,,,,,Integrated,,,,16,DDR5,,1024,SSD,,15.6,,,,,,,Windows 11 Home,True,119990.0,130000.0,10010.0,119990.0,124995.0,130000.0,4,https://www.flipkart.com/dell-g15-microsoft-office-home-2024-intel-core-i5-13th-gen-13450hx-16-gb-1-tb-ssd-windows-11-home-6-gb-graphics-nvidia-geforce-rtx-3050-120-hz-5530-gaming-laptop/p/itmd1b02da743465,124995.0,3,0.015625,0,0
Dell,DELL 15,3520,,,Intel,Core i3 12th Gen 1215U,Core i3,,,,,,Integrated,,,,8,DDR4,,512,SSD,,15.6,,,,,,,Windows 11 Home,True,57990.0,66990.0,9000.0,57990.0,61365.0,66990.0,16,https://www.flipkart.com/dell-15-intel-core-i3-12th-gen-1215u-8-gb-512-gb-ssd-windows-11-home-3520-thin-light-laptop/p/itmf0fc8e8bdc072,61365.0,3,0.015625,0,0
Dell,DELL INSPIRON,Intel,Inspiron,,Intel,Core 3 14th Gen 100U,,,,,,,Integrated,,,,8,DDR5,,512,HDD,,15.6,,,,,,,Windows 11 Home,True,58800.0,77990.0,19190.0,54507.0,65188.93,77990.0,14,https://www.flipkart.com/dell-inspiron-i3-14th-gen-intel-core-3-gen-100u-8-gb-512-gb-hdd-512-ssd-windows-11-home-5440-laptop/p/itmb7bfef6adb4c3,65188.93,3,0.015625,0,0
Dell,DELL G15,,,,Intel,Core i5 13th Gen 13450HX,Core i5,13.0,,,,,Integrated,,,,16,DDR5,,512,SSD,,15.6,,,,,,,Windows 11 Home,True,102990.0,119900.0,16910.0,102990.0,111445.0,119900.0,4,https://www.flipkart.com/dell-g15-5530-intel-core-i5-13th-gen-13450hx-16-gb-512-gb-ssd-windows-11-home-6-graphics-nvidia-geforce-rtx-3050-120-hz-gaming-laptop/p/itm2af1ddd730862,111445.0,3,0.03125,0,0
Dell,DELL Inspiron 15 Microsoft Office Home 2024,Microsoft,Inspiron,2026.0,Intel,Core i5 13th Gen 1334U,Core i5,,,,,,Integrated,,,,8,DDR4,,512,SSD,,15.6,,,,,,,Windows 11,True,66990.0,69990.0,3000.0,66990.0,68490.0,69990.0,16,https://www.flipkart.com/dell-inspiron-15-2026-microsoft-office-home-2024-intel-core-i5-13th-gen-1334u-8-gb-512-gb-ssd-windows-11-home-3530-dc-15250-thin-light-laptop/p/itm2878edc74d8e4,68490.0,3,0.015625,0,0
Dell,DELL Inspiron 5440,Intel,Inspiron,2026.0,Intel,Core 3 14th Gen 100U,,,,,,,Integrated,,,,16,DDR5,,512,SSD,,14.0,,,,,,,Windows 11 Pro,True,64890.0,79900.0,15010.0,64890.0,72395.0,79900.0,6,https://www.flipkart.com/dell-inspiron-5440-2026-i3-14th-gen-intel-core-3-gen-100u-16-gb-512-gb-ssd-windows-11-pro-thin-light-laptop/p/itm2e51b5c320312,72395.0,3,0.03125,0,0
Dell,DELL 14 Plus series,ODB14255507,,2024.0,AMD,Ryzen AI 5 Hexa Core AI 5 340 -,Ryzen AI,,,,,,Integrated,,,,16,LPDDR5X,,512,SSD,,14.0,,,,,,,Windows 11 Home,True,74990.0,98990.0,24000.0,74990.0,86990.0,98990.0,12,https://www.flipkart.com/dell-14-plus-series-amd-ryzen-ai-5-hexa-core-340-16-gb-512-gb-ssd-windows-11-home-odb1425550701rinu1-thin-light-laptop/p/itm7a3471c3fcd36,86990.0,3,0.03125,0,0
Dell,DELL Inspiron,3530,Inspiron,,Intel,Core i5 13th Gen 1334U,Core i5,,,,,,Integrated,,,,8,DDR4,,512,SSD,,15.6,,,,,,,Windows 11 Home,True,66990.0,69990.0,3000.0,64522.0,67913.5,69999.0,18,https://www.flipkart.com/dell-inspiron-intel-core-i5-13th-gen-1334u-8-gb-512-gb-ssd-windows-11-home-3530-thin-light-laptop/p/itm3d8252f6a031d,67913.5,3,0.015625,0,0
Dell,DELL Inspiron 5440,Intel,Inspiron,2025.0,Intel,Core i3 13th Gen 1305U,Core i3,,,,,,Integrated,,,,16,DDR5,,512,SSD,,14.0,,,,,,,Windows 11 Home,True,67560.0,78980.0,11420.0,67560.0,73270.0,78980.0,12,https://www.flipkart.com/dell-inspiron-5440-2025-intel-core-i3-13th-gen-1305u-16-gb-512-gb-ssd-windows-11-home-thin-light-laptop/p/itmedd3b1335552d,73270.0,3,0.03125,0,0
Dell,DELL 16 14 Microsoft Office Home 2024,,,2024.0,AMD,Ryzen AI 5 Hexa Core 340 AI -,Ryzen AI,,,,,,Integrated,,,,16,LPDDR5X,,512,SSD,,16.0,,,,,,,Windows 11,True,96990.0,112388.0,15398.0,96990.0,104689.0,112388.0,6,https://www.flipkart.com/dell-16-14-microsoft-office-home-2024-amd-ryzen-ai-5-hexa-core-340-16-gb-512-gb-ssd-windows-11-home-db16255-laptop/p/itmb43fb45c2abbb,104689.0,3,0.03125,0,0
Dell,DELL Inspiron MSO '2024,Inspiron,Inspiron,2024.0,Intel,Core i3 13th Gen 1305U,Core i3,,,,,,Integrated,,,,8,DDR4,,512,SSD,,15.6,,,,,,,Windows 11 Home,True,59481.0,69990.0,10509.0,59481.0,63208.5,69990.0,20,https://www.flipkart.com/dell-inspiron-mso-2024-intel-core-i3-13th-gen-1305u-8-gb-512-gb-ssd-windows-11-home-3530-thin-light-laptop/p/itm56b02a3274b1b,63208.5,3,0.015625,0,0
Dell,DELL Dell Pro 15 Essential PV15250,Pro,,,Intel,Core i5 13th Gen 1334U,Core i5,,,,,,Integrated,,,,8,DDR5,,512,SSD,,15.6,,,,,,,Linux,False,64990.0,84999.0,20009.0,64990.0,74994.5,84999.0,4,https://www.flipkart.com/dell-pro-15-essential-pv15250-intel-core-i5-13th-gen-1334u-8-gb-512-gb-ssd-ubuntu-business-laptop/p/itm3bec9eaacc0fd,74994.5,3,0.015625,0,0
Dell,DELL,New,,,Intel,Core i5 12th Gen 1235U,Core i5,,10.0,,,,Integrated,,,,8,DDR4,,512,SSD,,14.96,,,120.0,,,,Windows 11 Home,True,68990.0,70000.0,1010.0,68990.0,69495.0,70000.0,2,https://www.flipkart.com/dell-intel-core-i5-12th-gen-1235u-8-gb-512-gb-ssd-windows-11-home-new-inspiron-15-laptop-thin-light/p/itmbb62f4fcc7145,69495.0,3,0.015625,0,0
Dell,DELL Alienware 15,,Alienware,,Intel,Core 7 240H,,,,,,,Integrated,,,,16,DDR5,,512,SSD,,15.3,,,,,,,Windows 11 Home,True,169990.0,210649.0,40659.0,159990.0,187242.0,210649.0,24,https://www.flipkart.com/dell-alienware-15-intel-core-7-240h-16-gb-512-gb-ssd-windows-11-home-8-graphics-nvidia-geforce-rtx-5060-165-hz-can15260cto06mino-gaming-laptop/p/itmbf3201918dfac,187242.0,3,0.03125,0,1
Dell,DELL 15,3530,,,Intel,Core i7 13th Gen 1355U,Core i7,,,,,,Integrated,,,,16,DDR4,,512,SSD,,15.6,,,,,,,Windows 11 Home,True,92990.0,95990.0,3000.0,92990.0,94490.0,95990.0,10,https://www.flipkart.com/dell-15-intel-core-i7-13th-gen-1355u-16-gb-512-gb-ssd-windows-11-home-3530-thin-light-laptop/p/itm836637f91bd3b,94490.0,3,0.03125,0,0
Dell,DELL 14,Intel,,,Intel,Core 3 100U,,,,,,,Integrated,,,,8,DDR5,,512,SSD,,14.0,,,,,,,Windows 11 Home,True,69990.0,84400.0,14410.0,69990.0,77195.0,84400.0,6,https://www.flipkart.com/dell-14-i3-14th-gen-intel-core-3-100u-8-gb-512-gb-ssd-windows-11-home-dc14250-laptop/p/itm5128ca808c1ea,77195.0,3,0.015625,0,0
Dell,DELL Inspiron MSO 2024,Inspiron,Inspiron,2024.0,Intel,Core i5 13th Gen 1334U,Core i5,,,,,,Integrated,,,,16,DDR4,,512,SSD,,15.6,,,,,,,Windows 11 Home,True,71137.0,98999.0,27862.0,71137.0,85068.0,98999.0,14,https://www.flipkart.com/dell-inspiron-mso-2024-intel-core-i5-13th-gen-1334u-16-gb-512-gb-ssd-windows-11-home-3530-thin-light-laptop/p/itm56b02a3274b1b,85068.0,3,0.03125,0,0
Dell,DELL Alienware 16 Aurora Microsoft Office Home 2024,Microsoft,Alienware,2024.0,Intel,Core 7 240H,,,,,,,Integrated,,,,16,DDR5,,1024,SSD,,16.0,,,,,,,Windows 11,True,191990.0,194781.0,2791.0,191990.0,193385.5,194781.0,2,https://www.flipkart.com/dell-alienware-16-aurora-i7-14th-gen-microsoft-office-home-2024-intel-core-7-240h-16-gb-1-tb-ssd-windows-11-home-8-gb-graphics-nvidia-geforce-rtx-5050-ac-16250-gaming-laptop/p/itm656eae0ef1b7d,193385.5,3,0.015625,0,1
Dell,DELL Inspiron 15 MSO'24,15,Inspiron,,Intel,Core i5 13th Gen 1334U,Core i5,,,,,,Integrated,,,,16,DDR4,,1024,SSD,,15.0,,,,,,,Windows 11 Home,True,86763.0,95900.0,9137.0,86763.0,91331.5,95900.0,6,https://www.flipkart.com/dell-inspiron-15-mso-24-intel-core-i5-13th-gen-1334u-16-gb-1-tb-ssd-windows-11-home-dc15250-thin-light-laptop/p/itm2f6e458597bec,91331.5,3,0.015625,0,0
Dell,DELL inspiron 15,Inspiron,Inspiron,,AMD,Ryzen 5 Quad Core 7520U,Ryzen 5,7.0,,,,,Integrated,,,,8,LPDDR5,,512,SSD,,15.6,,,,,,,Windows 11 Home,True,54559.0,65800.0,11241.0,54559.0,60179.5,65800.0,4,https://www.flipkart.com/dell-inspiron-15-amd-ryzen-5-quad-core-7520u-8-gb-512-gb-ssd-windows-11-home-3535-laptop/p/itmf8176c4bff1f7,60179.5,3,0.015625,0,0
Dell,DELL Inspiron 15,3530,Inspiron,,Intel,Core i5 1334U,Core i5,,,,,,Integrated,,,,16,DDR4,,512,SSD,,15.6,,,,,,,Windows 11 Home,True,71990.0,79990.0,8000.0,71990.0,75990.0,79990.0,10,https://www.flipkart.com/dell-inspiron-15-intel-core-i5-1334u-16-gb-512-gb-ssd-windows-11-home-3530-thin-light-laptop/p/itmd9735b628eb7e,75990.0,3,0.03125,0,0
Dell,DELL Inspiron 3530,Inspiron,Inspiron,,Intel,Core i7 13th Gen 1355U,Core i7,,,,,,Integrated,,,,16,DDR4,,512,SSD,,15.6,,,,,,,Windows 11 Home,True,93500.0,99999.0,6499.0,93500.0,96749.5,99999.0,8,https://www.flipkart.com/dell-inspiron-3530-intel-core-i7-13th-gen-1355u-16-gb-512-gb-ssd-windows-11-home-thin-light-laptop/p/itm1e8ad2b18043a,96749.5,3,0.03125,0,0
Dell,DELL 3 Years Warranty Vostro 3530,Intel,Vostro,2025.0,Intel,Core i5 13th Gen 1334U,Core i5,,,,,,Integrated,,,,16,DDR4,,512,SSD,,15.6,,,,,,,Windows 11 Home,True,72890.0,99999.0,27109.0,72890.0,86444.5,99999.0,6,https://www.flipkart.com/dell-3-years-warranty-vostro-3530-2025-intel-core-i5-13th-gen-1334u-16-gb-512-gb-ssd-windows-11-home-thin-light-laptop/p/itme2b49092541f0,86444.5,3,0.03125,0,0
Dell,DELL Inspiron,Inspiron,Inspiron,,Intel,Core i5 11th Gen 11300H,Core i5,11.0,,,,,Integrated,,,,16,DDR4,,512,SSD,,15.6,,,,,,,Windows 10,True,69990.0,81872.0,11882.0,69990.0,75931.0,81872.0,8,https://www.flipkart.com/dell-inspiron-intel-core-i5-11th-gen-11300h-16-gb-512-gb-ssd-windows-10-2-graphics-5518-thin-light-laptop/p/itm1e9b014e322b6,75931.0,3,0.03125,0,0
Dell,"DELL Inspiron 15 with Backlit Keyboard,",,Inspiron,,Intel,Core i5 13th Gen 1334U,Core i5,,,,,,Integrated,,,,16,DDR4,,512,SSD,,15.6,,,,,,,Windows 11,True,71990.0,74990.0,3000.0,71990.0,73490.0,74990.0,8,https://www.flipkart.com/dell-inspiron-15-backlit-keyboard-intel-core-i5-13th-gen-1334u-16-gb-512-gb-ssd-windows-11-home-dc15250-thin-light-laptop/p/itm23d84e15561c4,73490.0,3,0.03125,0,0
Dell,DELL Inspiron 3520,Inspiron,Inspiron,,Intel,Core i5 12th Gen 1235U,Core i5,,,,,,Integrated,,,,8,DDR4,,512,SSD,,15.6,,,,,,,Windows 11 Home,True,65900.0,69900.0,4000.0,65900.0,67900.0,69900.0,10,https://www.flipkart.com/dell-inspiron-3520-intel-core-i5-12th-gen-1235u-8-gb-512-gb-ssd-windows-11-home-thin-light-laptop/p/itm4859affe88b94,67900.0,3,0.015625,0,0
Dell,DELL Inspiron 15 With MSO'2024 & Backlit KB,,Inspiron,2024.0,Intel,Core i5 13th Gen 1334U,Core i5,,,,,,Integrated,,,,16,DDR4,,1024,SSD,,15.6,,,,,,,Windows 11,True,79990.0,92863.0,12873.0,79990.0,86426.5,92863.0,6,https://www.flipkart.com/dell-inspiron-15-mso-2024-backlit-kb-intel-core-i5-13th-gen-1334u-16-gb-1-tb-ssd-windows-11-home-dc15250-thin-light-laptop/p/itm23d84e15561c4,86426.5,3,0.015625,0,0
Dell,DELL 14,7441,,,Qualcomm,Snapdragon X Plus -,Snapdragon X,,,,,,Integrated,,,,16,LPDDR5,,512,SSD,,14.0,,,,True,,,Windows 11 Home,True,99990.0,139900.0,39910.0,99990.0,119945.0,139900.0,2,https://www.flipkart.com/dell-14-snapdragon-x-plus-16-gb-512-gb-ssd-windows-11-home-7441-thin-light-laptop/p/itm780e8d95f98e7,119945.0,3,0.03125,0,0
HP,HP Victus,Intel,Victus,2024.0,Intel,Core 5 210H,,,,,,,Integrated,,,,24,DDR5,,512,SSD,,15.6,,,,,,,Windows 11 Home,True,92990.0,147674.0,54684.0,92990.0,120332.0,147674.0,28,https://www.flipkart.com/hp-victus-i5-14th-gen-intel-core-5-210h-24-gb-512-gb-ssd-windows-11-home-4-graphics-nvidia-geforce-rtx-3050-15-fa2500tx-15-fa2497tx-gaming-laptop/p/itm4ee921f6132cd,120332.0,3,0.046875,0,1
Acer,Acer Aspire 7,,Aspire,,Intel,Core 5 210H,,,,,,,Integrated,,,,16,DDR4,,512,SSD,,15.6,,,,,,,Windows 11 Home,True,87824.0,165990.0,78166.0,87824.0,126907.0,165990.0,20,https://www.flipkart.com/acer-aspire-7-intel-core-5-210h-16-gb-512-gb-ssd-windows-11-home-4-graphics-nvidia-geforce-rtx-3050-a715-79g-gaming-laptop/p/itm16e348955bedb,126907.0,3,0.03125,0,0
HP,HP Victus,,Victus,2024.0,Intel,Core i5 14th Gen 14450HX,Core i5,14.0,,,,,Integrated,,,,16,DDR5,,512,SSD,,16.1,,,,,,,Windows 11 Home,True,112853.0,130958.0,18105.0,112853.0,121905.5,130958.0,20,https://www.flipkart.com/hp-victus-intel-core-i5-14th-gen-14450hx-16-gb-512-gb-ssd-windows-11-home-6-graphics-nvidia-geforce-rtx-3050-144-hz-16-r1707tx-16-r1705tx-16-r1703tx-gaming-laptop/p/itm63eabe025aaaa,121905.5,3,0.03125,0,1
ASUS,"ASUS Gaming V16 for Creator with Office 2024 + M365 Basic*, AI PC",for,,2025.0,Intel,Core 7 240,,,,,,,Integrated,,,,16,DDR5,,512,SSD,,16.0,,,,,,,Windows 11 Home,True,99990.0,137990.0,38000.0,99990.0,122990.0,149990.0,22,https://www.flipkart.com/asus-gaming-v16-2025-creator-office-2024-m365-basic-ai-pc-i7-14th-gen-intel-core-7-240h-16-gb-512-gb-ssd-windows-11-home-8-graphics-nvidia-geforce-rtx-5050-144-hz-v3607vh-rp038ws-laptop/p/itmd370afa37c2f5,122990.0,5,0.03125,0,1
HP,HP victus,,Victus,,AMD,Ryzen 5 Hexa Core 5600H,Ryzen 5,5.0,,,,,Integrated,,,,8,DDR4,,512,SSD,,16.1,,,,,,,Windows 10,True,74547.0,85900.0,11353.0,74547.0,80223.5,85900.0,16,https://www.flipkart.com/hp-victus-amd-ryzen-5-hexa-core-5600h-8-gb-512-gb-ssd-windows-10-home-4-graphics-nvidia-geforce-gtx-nvidia-16-e0075ax-gaming-laptop/p/itm08528d71de97a,80223.5,3,0.015625,0,1
MSI,MSI Thin 15,,,,Intel,Core i5 13th Gen 13420H,Core i5,13.0,,,,,Integrated,,,,16,DDR4,,512,SSD,,15.6,,,,,,,Windows 11 Home,True,98645.0,99900.0,1255.0,93234.0,97860.85,99900.0,20,https://www.flipkart.com/msi-thin-15-intel-core-i5-13th-gen-13420h-16-gb-512-gb-ssd-windows-11-home-6-graphics-nvidia-geforce-rtx-3050-144-hz-b13udx-129in-b13udx-3223in-gaming-laptop/p/itmd0e88a93d7711,97860.85,3,0.03125,0,0
ASUS,ASUS Vivobook 16X with Office 2024 + M365 Basic*,,Vivobook,2025.0,Intel,Core i5 13th Gen 13420H,Core i5,13.0,,,,,Integrated,,,,16,DDR4,,512,SSD,,16.0,,,,,,,Windows 11 Home,True,93207.0,98900.0,5693.0,93207.0,96053.5,98900.0,12,https://www.flipkart.com/asus-vivobook-16x-2025-office-2024-m365-basic-intel-core-i5-13th-gen-13420h-16-gb-512-gb-ssd-windows-11-home-4-graphics-nvidia-geforce-rtx-3050-144-hz-k3605vc-rp412ws-gaming-laptop/p/itm9e70454315f97,96053.5,5,0.03125,0,0
Lenovo,Lenovo LOQ,,LOQ,2021.0,Intel,Core i5 12th Gen 12450HX,Core i5,12.0,,,,,Integrated,,,,12,DDR5,,512,SSD,,15.6,,,,,,,Windows 11 Home,True,98990.0,105000.0,6010.0,98990.0,101995.0,105000.0,10,https://www.flipkart.com/lenovo-loq-intel-core-i5-12th-gen-12450hx-12-gb-512-gb-ssd-windows-11-home-4-graphics-nvidia-geforce-rtx-2050-144-hz-65-w-15iax9d1-gaming-laptop/p/itm4a19730d181b4,101995.0,3,0.0234375,0,1
Lenovo,Lenovo LOQe,,,2024.0,AMD,Ryzen 5 Hexa Core 7535HS,Ryzen 5,7.0,,,,,Integrated,,,,16,DDR5,,512,SSD,,15.6,,,,,,,Windows 11 Home,True,99990.0,153590.0,53600.0,99990.0,126790.0,153590.0,16,https://www.flipkart.com/lenovo-loqe-amd-ryzen-5-hexa-core-7535hs-16-gb-512-gb-ssd-windows-11-home-6-graphics-nvidia-geforce-rtx-3050-144-hz-loq-15arp10e-gaming-laptop/p/itm91800a4606ea7,126790.0,3,0.03125,0,1
Lenovo,Lenovo Legion 7 WQXGA OLED,,Legion,2024.0,Intel,Core Ultra 9 275HX,Core Ultra 9,1.0,,,,,Integrated,,,,32,DDR5,,1024,SSD,,16.0,,OLED,,,,,Windows 11 Home,True,253490.0,286190.0,32700.0,253490.0,269840.0,286190.0,14,https://www.flipkart.com/lenovo-legion-7-wqxga-oled-intel-core-ultra-9-275hx-32-gb-1-tb-ssd-windows-11-home-8-gb-graphics-nvidia-geforce-rtx-5060-16iax10-gaming-laptop/p/itmfec58f35c0189,269840.0,3,0.03125,0,1
Acer,Acer Nitro V 15,,Nitro,,Intel,Core i7 13th Gen 13620H,Core i7,13.0,,,,,Integrated,,,,16,DDR4,,512,SSD,,15.6,,,,,,,Windows 11 Home,True,119990.0,125599.0,5609.0,119990.0,122794.5,125599.0,30,https://www.flipkart.com/acer-nitro-v-15-intel-core-i7-13th-gen-13620h-16-gb-512-gb-ssd-windows-11-home-8-graphics-nvidia-geforce-rtx-5050-anv15-52-gaming-laptop/p/itmca41715d4a6d8,122794.5,3,0.03125,0,1
ASUS,"ASUS Gaming V16 for Creator with Office 2024 + M365 Basic*, AI PC",for,,2025.0,Intel,Core 5 210,,,,,,,Integrated,,,,16,DDR5,,512,SSD,,16.0,,,,,,,Windows 11 Home,True,89990.0,125990.0,36000.0,89990.0,107990.0,125990.0,14,https://www.flipkart.com/asus-gaming-v16-2025-creator-office-2024-m365-basic-ai-pc-i5-14th-gen-intel-core-5-210h-16-gb-512-gb-ssd-windows-11-home-8-graphics-nvidia-geforce-rtx-5050-144-hz-v3607vh-rp037ws-laptop/p/itm7d7ee6f36f528,107990.0,5,0.03125,0,1
Lenovo,Lenovo LOQ 2025,,LOQ,2025.0,Intel,Core i7 14th Gen 14700HX,Core i7,14.0,,,,,Integrated,,,,16,DDR5,,1024,SSD,,15.6,,,,,,,Windows 11 Home,True,147990.0,338290.0,190300.0,147990.0,230120.32,338290.0,56,https://www.flipkart.com/lenovo-loq-2025-intel-core-i7-14th-gen-14700hx-16-gb-1-tb-ssd-windows-11-home-8-gb-graphics-nvidia-geforce-rtx-5050-15irx10-gaming-laptop/p/itma450dfe0cb70b,230120.32,3,0.015625,0,1
Lenovo,Lenovo LOQ,,LOQ,2021.0,Intel,Core i5 13th Gen 13450HX,Core i5,13.0,,,,,Integrated,,,,16,DDR5,,512,SSD,,15.6,,,,,,,Windows 11 Home,True,125990.0,135000.0,9010.0,113990.0,152291.54,228090.0,52,https://www.flipkart.com/lenovo-loq-intel-core-i5-13th-gen-13450hx-16-gb-512-gb-ssd-windows-11-home-6-graphics-nvidia-geforce-rtx-3050-144-hz-95-w-15irx9d2-15irx9-gaming-laptop/p/itm4a19730d181b4,152291.54,3,0.03125,0,1
ASUS,ASUS ROG Zephyrus Duo 16 OLED with Touch Screen,,ROG,2026.0,Intel,Core Ultra 9 386H,Core Ultra 9,1.0,,,,,Integrated,,,,64,LPDDR5X,,2048,SSD,,16.0,,OLED,,True,,,Windows 11 Home,True,729990.0,839990.0,110000.0,729990.0,784990.0,839990.0,4,https://www.flipkart.com/asus-rog-zephyrus-duo-16-oled-2026-touch-screen-intel-core-ultra-9-386h-64-gb-2-tb-ssd-windows-11-home-24-gb-graphics-nvidia-geforce-rtx-5090-120-hz-gx651ax-sr099ws-gaming-laptop/p/itm441b0ac6e5df0,784990.0,3,0.03125,0,1
HP,HP Victus,,Victus,2021.0,AMD,Ryzen 5 Hexa Core 5600H,Ryzen 5,5.0,,,,,Integrated,,,,8,DDR4,,512,SSD,,15.6,,,,,,,Windows 11 Home,True,90093.0,95900.0,5807.0,90093.0,92996.5,95900.0,10,https://www.flipkart.com/hp-victus-amd-ryzen-5-hexa-core-5600h-8-gb-512-gb-ssd-windows-11-home-4-graphics-nvidia-geforce-rtx-3050-15-fb0050ax-gaming-laptop/p/itm86ca62161fd3f,92996.5,3,0.015625,0,1
MSI,MSI Katana 15,,,,Intel,Core i5 13th Gen 13420H,Core i5,13.0,,,,,Integrated,,,,16,DDR5,,1024,SSD,,15.6,,,,,,,Windows 11 Home,True,102990.0,116990.0,14000.0,102990.0,109990.0,116990.0,14,https://www.flipkart.com/msi-katana-15-intel-core-i5-13th-gen-13420h-16-gb-1-tb-ssd-windows-11-home-6-gb-graphics-nvidia-geforce-rtx-3050-144-hz-75-w-b13udxk-gaming-laptop/p/itm46d7fa4f505a2,109990.0,3,0.015625,0,1
HP,HP HyperX Omen,,Omen,,Intel,Core i7 14th Gen 14650HX,Core i7,14.0,,,,,Integrated,,,,24,DDR5,,1024,SSD,,15.3,,,,,,,Windows 11 Home,True,167931.0,221999.0,54068.0,167931.0,194965.0,221999.0,34,https://www.flipkart.com/hp-hyperx-omen-intel-core-i7-14th-gen-14650hx-24-gb-1-tb-ssd-windows-11-home-8-gb-graphics-nvidia-geforce-rtx-5050-15-ga0028tx-gaming-laptop/p/itme4efd91a109d9,194965.0,3,0.0234375,0,1
HP,HP Victus,,Victus,2024.0,Intel,Core i5 13th Gen 13420H,Core i5,13.0,,,,,Integrated,,,,16,DDR4,,512,SSD,,15.6,,,,,,,Windows 11 Home,True,89990.0,99000.0,9010.0,89990.0,109634.78,125990.0,58,https://www.flipkart.com/hp-victus-intel-core-i5-13th-gen-13420h-16-gb-512-gb-ssd-windows-11-home-4-graphics-nvidia-geforce-rtx-2050-144-hz-15-fa2703tx-gaming-laptop/p/itm280d703c08614,109634.78,3,0.03125,0,1
HP,HP Victus,,Victus,,Intel,Core i5 13th Gen 13420,Core i5,13.0,,,,,Integrated,,,,16,DDR4,,512,SSD,,15.6,,,,,,,Windows 11 Home,True,112829.0,124990.0,12161.0,112829.0,128263.28,159421.0,18,https://www.flipkart.com/hp-victus-intel-core-i5-13th-gen-13420-h-16-gb-512-gb-ssd-windows-11-home-6-graphics-nvidia-geforce-rtx-3050-15-fa2196tx-15-fa2197tx-gaming-laptop/p/itm8143e1b0af034,128263.28,3,0.03125,0,1
ASUS,ASUS TUF Gaming A16,AMD,TUF Gaming,2025.0,AMD,Ryzen 7 7445HS,Ryzen 7,7.0,,,,,Integrated,,,,16,DDR5,,1024,SSD,,16.0,,,,,,,Windows 11 Home,True,135000.0,160000.0,25000.0,135000.0,147500.0,160000.0,18,https://www.flipkart.com/asus-tuf-gaming-a16-2025-amd-ryzen-7-7445hs-16-gb-1-tb-ssd-windows-11-home-6-gb-graphics-nvidia-geforce-rtx-4050-144-hz-fa607nug-rl189ws-laptop/p/itmef1df61b648a5,147500.0,3,0.015625,0,1
ASUS,ASUS ROG Zephyrus G16 OLED,Intel,ROG,2026.0,Intel,Core Ultra 9 386H,Core Ultra 9,1.0,,,,,Integrated,,,,32,LPDDR5X,,2048,SSD,,16.0,,OLED,,,,,Windows 11 Home,True,509990.0,593990.0,84000.0,489990.0,547990.0,593990.0,10,https://www.flipkart.com/asus-rog-zephyrus-g16-oled-2026-intel-core-ultra-9-386h-32-gb-2-tb-ssd-windows-11-home-12-gb-graphics-nvidia-geforce-rtx-5070-ti-240-hz-gu606ar-tb039ws-gaming-laptop/p/itmdee0c1001d6a1,547990.0,3,0.015625,0,1
HP,HP 15,Intel,,2024.0,Intel,Core 3 100U,,,,,,,Integrated,,,,8,DDR4,,512,SSD,,15.6,,,,,,,Windows 11 Home,True,54900.0,67990.0,13090.0,54900.0,61445.0,67990.0,20,https://www.flipkart.com/hp-15-i3-14th-gen-intel-core-3-100u-8-gb-512-gb-ssd-windows-11-home-15-fd1253tu-15-fd1225tu-thin-light-laptop/p/itm09491ad4135b2,61445.0,3,0.015625,0,0
HP,HP 15R,Intel,,2025.0,Intel,Core i3 13th Gen 1315U,Core i3,,,,,,Integrated,,,,8,DDR4,,512,SSD,,15.6,,,,,,,Windows 11 Pro,True,55999.0,72500.0,16501.0,54990.0,61621.65,72500.0,20,https://www.flipkart.com/hp-15r-2025-intel-core-i3-13th-gen-1315u-8-gb-512-gb-ssd-windows-11-pro-g9-thin-light-laptop/p/itmff5abac6385ed,61621.65,3,0.015625,0,0
HP,HP MS Office 2024,15-fr0045TU,,2024.0,Intel,Core i5 13th Gen 13420H,Core i5,13.0,,,,,Integrated,,,,16,DDR4,,512,SSD,,15.6,,,,,,,Windows 11 Home,True,67990.0,69023.0,1033.0,67990.0,68506.5,69023.0,14,https://www.flipkart.com/hp-ms-office-2024-intel-core-i5-13th-gen-13420h-16-gb-512-gb-ssd-windows-11-home-15-fr0045tu-thin-light-laptop/p/itm5a4df44828227,68506.5,3,0.03125,0,0
HP,HP G9,250R,,,Intel,Core i3 13th Gen 1315U,Core i3,,,,,,Integrated,,,,16,DDR4,,512,SSD,,15.6,,,,,,,Windows 11 Pro,True,59894.0,64999.0,5105.0,59894.0,63383.25,69990.0,16,https://www.flipkart.com/hp-g9-intel-core-i3-13th-gen-1315u-16-gb-512-gb-ssd-windows-11-pro-250r-business-laptop/p/itmff5abac6385ed,63383.25,3,0.03125,0,0
HP,HP Laptop,15s-fq5329TU,,,Intel,Core i5 12th Gen 1235U,Core i5,,,,,,Integrated,,,,8,DDR4,,512,SSD,,15.6,,,,,,,Windows 11 Home,True,72900.0,75926.0,3026.0,72900.0,74413.0,75926.0,2,https://www.flipkart.com/hp-laptop-intel-core-i5-12th-gen-1235u-8-gb-512-gb-ssd-windows-11-home-15s-fq5329tu-thin-light/p/itm4e4d051344e51,74413.0,3,0.015625,0,0
HP,HP 15,AMD,,2024.0,AMD,Ryzen 3 Quad Core 7320U,Ryzen 3,7.0,,,,,Integrated,,,,8,DDR4,,512,SSD,,15.6,,,,True,,,Windows 11 Home,True,52990.0,55990.0,3000.0,50490.0,55435.02,60990.0,44,https://www.flipkart.com/hp-15-2024-amd-ryzen-3-quad-core-7320u-8-gb-512-gb-ssd-windows-11-home-15-fc0500au-15-fc0154au-thin-light-laptop/p/itm54d54d7d6142f,55435.02,3,0.015625,0,0
HP,HP 15s Metal,15-hr0005TU,,2024.0,Intel,Core i3 13th Gen 1315U,Core i3,,,,,,Integrated,,,,8,DDR4,,512,SSD,,15.6,,,,,,,Windows 11 Home,True,54990.0,67990.0,13000.0,54990.0,61490.0,67990.0,6,https://www.flipkart.com/hp-15s-metal-intel-core-i3-13th-gen-1315u-8-gb-512-gb-ssd-windows-11-home-15-hr0005tu-thin-light-laptop/p/itmb433fd9435785,61490.0,3,0.015625,0,0
HP,HP 15,15-fd0576TU,,2024.0,Intel,Core i5 13th Gen 1335U,Core i5,,,,,,Integrated,,,,16,DDR4,,512,SSD,,15.6,,,,,,,Windows 11 Home,True,75690.0,84690.0,9000.0,75690.0,80190.0,84690.0,8,https://www.flipkart.com/hp-15-intel-core-i5-13th-gen-1335u-16-gb-512-gb-ssd-windows-11-home-15-fd0576tu-15-fd0467tu-thin-light-laptop/p/itm3d552029526ba,80190.0,3,0.03125,0,0
HP,HP 240 G10 Professional,Professional,,2025.0,Intel,Core i3 13th Gen 1315U,Core i3,,,,,,Integrated,,,,8,DDR4,,512,SSD,,14.0,,,,,,,Windows 11 Home,True,56890.0,59990.0,3100.0,56890.0,58440.0,59990.0,12,https://www.flipkart.com/hp-240-g10-2025-professional-intel-core-i3-13th-gen-1315u-8-gb-512-gb-ssd-windows-11-home-thin-light-laptop/p/itm18544aec3fcd1,58440.0,3,0.015625,0,0
HP,HP 15,15-Fd0640TU,,2024.0,Intel,Core 5 120U,,,,,,,Integrated,,,,16,DDR5,,512,SSD,,15.6,,,,,,,Windows 11 Home,True,78700.0,85000.0,6300.0,78700.0,81850.0,85000.0,16,https://www.flipkart.com/hp-15-intel-core-5-120u-16-gb-512-gb-ssd-windows-11-home-15-fd0640tu-15-fd0682tu-15-fd0746tu-thin-light-laptop/p/itm1c0ebc1fda7cf,81850.0,3,0.03125,0,0
HP,HP Laptop,15s,,,AMD,Ryzen 3 Quad Core 5300U,Ryzen 3,5.0,,,,,Integrated,,,,8,DDR4,,512,SSD,,15.5,,,,,,,Windows 11 Home,True,55683.0,59990.0,4307.0,55683.0,57836.5,59990.0,10,https://www.flipkart.com/hp-laptop-amd-ryzen-3-quad-core-5300u-8-gb-512-gb-ssd-windows-11-home-15s-eq2212au-thin-light/p/itmd82eb9bd7fabe,57836.5,3,0.015625,0,0
HP,HP 15s,15-fd0006TU,,,Intel,Core i3 13th Gen 1315U,Core i3,,,,,,Integrated,,,,8,DDR4,,512,SSD,,15.6,,,,,,,Windows 11 Home,True,54990.0,69990.0,15000.0,54990.0,61728.75,69990.0,8,https://www.flipkart.com/hp-15s-intel-core-i3-13th-gen-1315u-8-gb-512-gb-ssd-windows-11-home-15-fd0006tu-15-fd0569tu-thin-light-laptop/p/itm5978c19db874e,61728.75,3,0.015625,0,0
HP,HP 255 R G10,255,,,AMD,Ryzen 5 Hexa Core 7535U,Ryzen 5,7.0,,,,,Integrated,,,,8,DDR5,,512,SSD,,15.6,,,,,,,Windows 11 Home,True,58000.0,68900.0,10900.0,58000.0,63450.0,68900.0,16,https://www.flipkart.com/hp-255-r-g10-amd-ryzen-5-hexa-core-7535u-8-gb-512-gb-ssd-windows-11-home-business-laptop/p/itmfbb6f5232de2f,63450.0,3,0.015625,0,0
HP,HP 255R G10 Professional DDR5 5600Mhz,Professional,,2026.0,AMD,Ryzen 3 Quad Core 7335U,Ryzen 3,7.0,,,,,Integrated,,,,8,DDR5,5600.0,512,SSD,,15.6,,,,,,,Windows 11 Home,True,52790.0,56999.0,4209.0,49990.0,56616.81,64990.0,16,https://www.flipkart.com/hp-255r-g10-2026-professional-ddr5-5600mhz-amd-ryzen-3-quad-core-7335u-8-gb-512-gb-ssd-windows-11-home-thin-light-laptop/p/itm3300a324937f1,56616.81,3,0.015625,0,0
HP,HP 15,15-fd0668TU,,,Intel,Core i3 13th Gen 1315U,Core i3,,,,,,Integrated,,,,16,DDR4,,512,SSD,,15.6,,,,,,,Windows 11 Home,True,61399.0,79990.0,18591.0,61399.0,70694.5,79990.0,6,https://www.flipkart.com/hp-15-intel-core-i3-13th-gen-1315u-16-gb-512-gb-ssd-windows-11-home-15-fd0668tu-thin-light-laptop/p/itm44ca89d3e5687,70694.5,3,0.03125,0,0
HP,HP 15s,15s-fq2629TU,,,Intel,Core i3 11th Gen 1125G,Core i3,,,,,,Integrated,,,,8,DDR4,,512,SSD,,15.6,,,,,,,Windows 11 Home,True,57999.0,65999.0,8000.0,57999.0,63124.75,68000.0,8,https://www.flipkart.com/hp-15s-intel-core-i3-11th-gen-1125g4-8-gb-512-gb-ssd-windows-11-home-15s-fq2629tu-thin-light-laptop/p/itm6b83aa8fab029,63124.75,3,0.015625,0,0
HP,HP 240 G9,240,,,Intel,Core i3 12th Gen 1215,Core i3,,,,,,Integrated,,,,8,DDR4,,512,SSD,,14.0,,,,,,,Windows 11 Home,True,64105.0,73990.0,9885.0,64105.0,69047.5,73990.0,6,https://www.flipkart.com/hp-240-g9-intel-core-i3-12th-gen-1215-8-gb-512-gb-ssd-windows-11-home-laptop/p/itmaeab3e70c465d,69047.5,3,0.015625,0,0
HP,HP Laptop,15s-fy5010TU,,,Intel,Core i3 12th Gen 1215U,Core i3,,,,,,Integrated,,,,8,DDR4,,256,SSD,,15.6,,,,,,,Windows 11 Home,True,56989.0,59990.0,3001.0,56989.0,59852.12,68890.0,8,https://www.flipkart.com/hp-laptop-intel-core-i3-12th-gen-1215u-8-gb-256-gb-ssd-windows-11-home-15s-fy5010tu-thin-light/p/itm513a135df4d30,59852.12,3,0.03125,0,0
Lenovo,Lenovo IdeaPad Slim 3,15IAU7,IdeaPad,,Intel,Core i5 12th Gen 1235U,Core i5,,,,,,Integrated,,,,16,DDR4,,512,SSD,,15.6,,,,,,,Windows 11 Home,True,51990.0,83743.0,31753.0,51990.0,67866.5,83743.0,12,https://www.flipkart.com/lenovo-ideapad-slim-3-intel-core-i5-12th-gen-1235u-16-gb-512-gb-ssd-windows-11-home-15iau7-thin-light-laptop/p/itme38b4c2cd4dfa,67866.5,3,0.03125,0,0
Acer,Acer Aspire 3,Intel,Aspire,2025.0,Intel,Core i5 13th Gen 1334U,Core i5,,,,,,Integrated,,,,16,DDR4,,512,SSD,,15.6,,,,,,,Windows 11 Home,True,67994.0,75990.0,7996.0,67994.0,75379.5,90990.0,18,https://www.flipkart.com/acer-aspire-3-2025-intel-core-i5-13th-gen-1334u-16-gb-512-gb-ssd-windows-11-home-a325-53-thin-light-laptop/p/itm3bdf32931e850,75379.5,3,0.03125,0,0
Lenovo,Lenovo IdeaPad Slim 5,15IAL7,IdeaPad,,Intel,Core i5 12th Gen 1235U,Core i5,,,,,,Integrated,,,,16,DDR4,,512,SSD,,15.6,,,,,,,Windows 11 Home,True,58491.0,97890.0,39399.0,58491.0,78190.5,97890.0,6,https://www.flipkart.com/lenovo-ideapad-slim-5-intel-core-i5-12th-gen-1235u-16-gb-512-gb-ssd-windows-11-home-15ial7-thin-light-laptop/p/itmcc25f14f7409a,78190.5,3,0.03125,0,0
Lenovo,Lenovo Ideapad,15IAH8,IdeaPad,2021.0,Intel,Core i5 12th Gen 12450H,Core i5,12.0,,,,,Integrated,,,,16,LPDDR5,,512,SSD,,15.6,,,,,,,Windows 11 Home,True,73938.0,75000.0,1062.0,69990.0,79021.69,90000.0,26,https://www.flipkart.com/lenovo-ideapad-intel-core-i5-12th-gen-12450h-16-gb-512-gb-ssd-windows-11-home-4-graphics-15iah8-thin-light-laptop/p/itm76f0e5d975817,79021.69,3,0.03125,0,0
Lenovo,Lenovo V14,V14,,,Intel,Core i5 12th Gen 1235U,Core i5,,,,,,Integrated,,,,8,DDR4,,512,SSD,,14.0,,,,,,,Windows 11 Home,True,61900.0,75000.0,13100.0,61900.0,69152.15,76990.0,20,https://www.flipkart.com/lenovo-v14-intel-core-i5-12th-gen-1235u-8-gb-512-gb-ssd-windows-11-home-itl-g2-thin-light-laptop/p/itm330ccb4eab074,69152.15,3,0.015625,0,0
Dell,DELL Inspiron,5440,Inspiron,,Intel,Core i5 13th Gen 1334U,Core i5,,,,,,Integrated,,,,8,DDR5,,512,SSD,,14.0,,,,,,,Windows 11 Home,True,78799.0,89999.0,11200.0,78799.0,84399.0,89999.0,2,https://www.flipkart.com/dell-inspiron-intel-core-i5-13th-gen-1334u-8-gb-512-gb-ssd-windows-11-home-5440-thin-light-laptop/p/itm2648f8764214d,84399.0,3,0.015625,0,0
Dell,DELL 15,3530,,,Intel,Core i5 13th Gen 1334U,Core i5,,,,,,Integrated,,,,16,DDR4,,512,SSD,,15.6,,,,,,,Windows 11 Home,True,76990.0,85990.0,9000.0,76990.0,81490.0,85990.0,8,https://www.flipkart.com/dell-15-intel-core-i5-13th-gen-1334u-16-gb-512-gb-ssd-windows-11-home-3530-thin-light-laptop/p/itm2878edc74d8e4,81490.0,3,0.03125,0,0
Acer,Acer Aspire Lite,AL15-52,Aspire,,Intel,Core i5 12th Gen 1235U,Core i5,,,,,,Integrated,,,,8,DDR4,,512,SSD,,15.6,,,,,,,Windows 11 Home,True,66650.0,80990.0,14340.0,66650.0,73820.0,80990.0,6,https://www.flipkart.com/acer-aspire-lite-intel-core-i5-12th-gen-1235u-8-gb-512-gb-ssd-windows-11-home-al15-52-thin-light-laptop/p/itm1bc0bcb4598e7,73820.0,3,0.015625,0,0
Dell,DELL Inspiron,Inspiron,Inspiron,2021.0,Intel,Core i5 13th Gen 1335U,Core i5,,,,,,Integrated,,,,8,LPDDR5,,512,SSD,,14.0,,,,,,,Windows 11 Home,True,73451.0,82990.0,9539.0,73451.0,78220.5,82990.0,8,https://www.flipkart.com/dell-inspiron-intel-core-i5-13th-gen-1335u-8-gb-512-gb-ssd-windows-11-home-5430-thin-light-laptop/p/itmd36b744a13d70,78220.5,3,0.015625,0,0
Motorola,MOTOROLA Motobook 60 Full Metal WUXGA OLED,14IR,,2024.0,Intel,Core 5 210H,,,,,,,Integrated,,,,16,DDR5,,512,SSD,,14.0,,OLED,,,,,Windows 11 Home,True,69990.0,135000.0,65010.0,69990.0,102495.0,135000.0,74,https://www.flipkart.com/motorola-motobook-60-full-metal-wuxga-oled-intel-core-5-210h-16-gb-512-gb-ssd-windows-11-home-14irh10r-thin-light-laptop/p/itm2928b4d532ca8,102495.0,3,0.03125,0,0
Samsung,Samsung Galaxy Book4 Edge Series Copilot AI,,,2024.0,Qualcomm,Snapdragon X -,Snapdragon X,,,,,,Integrated,,,,16,LPDDR5X,,512,SSD,,15.6,,,,,,,Windows 11,True,69990.0,92390.0,22400.0,69990.0,81190.0,92390.0,96,https://www.flipkart.com/samsung-galaxy-book4-edge-series-copilot-ai-pc-full-metal-chasis-snapdragon-x-16-gb-512-gb-ssd-windows-11-home-np750xqb-ka1in-thin-light-laptop/p/itm1d61ec8d90cc7,81190.0,3,0.03125,0,0
Dell,DELL Inspiron,7640,Inspiron,,Intel,Core i5 13th Gen 13420H,Core i5,13.0,,,,,Integrated,,,,16,LPDDR5,,512,SSD,,16.0,,,,,,,Windows 11 Home,True,88255.0,100490.0,12235.0,88255.0,94372.5,100490.0,6,https://www.flipkart.com/dell-inspiron-intel-core-i5-13th-gen-13420h-16-gb-512-gb-ssd-windows-11-home-7640-laptop/p/itmb6ca0d0f98b11,94372.5,3,0.03125,0,0
MSI,MSI Modern 14,Modern,,,Intel,Core i5 12th Gen 1235U,Core i5,,,,,,Integrated,,,,16,DDR4,,512,SSD,,14.0,,,,,,,Windows 11 Home,True,65499.0,67990.0,2491.0,65499.0,66744.5,67990.0,12,https://www.flipkart.com/msi-modern-14-intel-core-i5-12th-gen-1235u-16-gb-512-gb-ssd-windows-11-home-c12mo-1212in-business-laptop/p/itm60c14709fdf3b,66744.5,3,0.03125,0,0
Lenovo,Lenovo IdeaPad Slim 3 Next Gen AI PC WUXGA IPS Copilot + PC with 1Yr ADP,,IdeaPad,2024.0,Qualcomm,Snapdragon X -,Snapdragon X,,,,,,Integrated,,,,16,LPDDR5X,,512,SSD,,15.3,,IPS,,,,,Windows 11 Home,True,63990.0,93490.0,29500.0,63990.0,78740.0,93490.0,96,https://www.flipkart.com/lenovo-ideapad-slim-3-next-gen-ai-pc-wuxga-ips-copilot-1yr-adp-snapdragon-x-16-gb-512-gb-ssd-windows-11-home-15q8x10-thin-light-laptop/p/itm973f2ace963c8,78740.0,3,0.03125,0,0
Lenovo,Lenovo IdeaPad 3,15ITL6,IdeaPad,,Intel,Core i5 11th Gen 1135G,Core i5,,,,,,Integrated,,,,8,DDR4,,512,SSD,,15.6,,,,,,,Windows 11 Home,True,54890.0,87890.0,33000.0,51291.0,72456.83,97890.0,6,https://www.flipkart.com/lenovo-ideapad-3-intel-core-i5-11th-gen-1135g7-8-gb-512-gb-ssd-windows-11-home-15itl6-thin-light-laptop/p/itme603a3b75554d,72456.83,3,0.015625,0,0
Lenovo,Lenovo IdeaPad Slim 3,IdeaPad,IdeaPad,2024.0,Intel,Core i5 12th Gen 12450H,Core i5,12.0,,,,,Integrated,,,,16,DDR4,,512,SSD,,14.0,,,,,,,Windows 11 Home,True,77990.0,88990.0,11000.0,77990.0,83490.0,88990.0,10,https://www.flipkart.com/lenovo-ideapad-slim-3-intel-core-i5-12th-gen-12450h-16-gb-512-gb-ssd-windows-11-home-thin-light-laptop/p/itm9c941ce3b0545,83490.0,3,0.03125,0,0
Lenovo,Lenovo IdeaPad Slim 5,IdeaPad,IdeaPad,,Intel,Core i5 11th Gen 1135G,Core i5,,,,,,Integrated,,,,16,DDR4,,512,SSD,,15.6,,,,,,,Windows 11 Home,True,76990.0,97890.0,20900.0,76990.0,87440.0,97890.0,4,https://www.flipkart.com/lenovo-ideapad-slim-5-intel-core-i5-11th-gen-1135g7-16-gb-512-gb-ssd-windows-11-home-15itl05-thin-light-laptop/p/itm53ff10cf99fa9,87440.0,3,0.03125,0,0
Dell,DELL Inspiron 14,5440,Inspiron,,Intel,Core i5 13th Gen 1334U,Core i5,,,,,,Integrated,,,,16,DDR5,,512,SSD,,14.0,,,,,,,Windows 11 Home,True,86090.0,98990.0,12900.0,86090.0,92540.0,98990.0,4,https://www.flipkart.com/dell-inspiron-14-intel-core-i5-13th-gen-1334u-16-gb-512-gb-ssd-windows-11-home-5440-thin-light-laptop/p/itm8a2bde51b85a2,92540.0,3,0.03125,0,0
HP,HP 14,14-ck2018TU,,,Intel,Core i5 10th Gen 10210U,Core i5,10.0,,,,,Integrated,,,,8,DDR4,,512,SSD,,14.0,,,,,,,Windows 10,True,72890.0,75098.0,2208.0,72890.0,73994.0,75098.0,2,https://www.flipkart.com/hp-14-intel-core-i5-10th-gen-10210u-8-gb-512-gb-ssd-windows-10-home-14-ck2018tu-thin-light-laptop/p/itm795e17634373c,73994.0,3,0.015625,0,0
Lenovo,Lenovo V 14,Intel,,2025.0,Intel,Core i5 12th Gen 1235U,Core i5,,,,,,Integrated,,,,16,DDR4,,512,SSD,,14.0,,,,,,,Windows 11 Pro,True,69900.0,75990.0,6090.0,69900.0,72945.0,75990.0,8,https://www.flipkart.com/lenovo-v-14-2025-intel-core-i5-12th-gen-1235u-16-gb-512-gb-ssd-windows-11-pro-thin-light-laptop/p/itm06121c218e9d8,72945.0,3,0.03125,0,0
Dell,DELL,Vostro,,,Intel,Core i5 13th Gen 1334U,Core i5,,,,,,Integrated,,,,16,DDR4,,512,SSD,,15.6,,,,,,,Windows 11 Home,True,74561.0,75499.0,938.0,74561.0,75030.0,75499.0,4,https://www.flipkart.com/dell-intel-core-i5-13th-gen-1334u-16-gb-512-gb-ssd-windows-11-home-vostro-3530-thin-light-laptop/p/itm004d57924c22f,75030.0,3,0.03125,0,0
Lenovo,Lenovo V 14,Intel,,2025.0,Intel,Core i5 12th Gen 1235U,Core i5,,,,,,Integrated,,,,8,DDR4,,512,SSD,,14.0,,,,,,,Windows 11 Pro,True,63995.0,79900.0,15905.0,63995.0,71947.5,79900.0,12,https://www.flipkart.com/lenovo-v-14-2025-intel-core-i5-12th-gen-1235u-8-gb-512-gb-ssd-windows-11-pro-thin-light-laptop/p/itm06121c218e9d8,71947.5,3,0.015625,0,0
Dell,DELL Inspiron 3530,Intel,Inspiron,2026.0,Intel,Core i5 13th Gen 1334U,Core i5,,,,,,Integrated,,,,8,DDR4,,512,SSD,,15.6,,,,,,,Windows 11 Home,True,62990.0,79690.0,16700.0,62990.0,71340.0,79690.0,12,https://www.flipkart.com/dell-inspiron-3530-2026-intel-core-i5-13th-gen-1334u-8-gb-512-gb-ssd-windows-11-home-15-dc-15250-thin-light-laptop/p/itm672bf7685863c,71340.0,3,0.015625,0,0
HP,HP 15s,15s,,2021.0,Intel,Core i5 12th Gen 1240P,Core i5,,,,,,Integrated,,,,8,DDR4,,512,SSD,,15.6,,,,,,,Windows 11 Home,True,72990.0,75990.0,3000.0,72990.0,75240.0,78990.0,4,https://www.flipkart.com/hp-15s-intel-core-i5-12th-gen-1240p-8-gb-512-gb-ssd-windows-11-home-15s-fq5010tu-thin-light-laptop/p/itm6664edbe195a9,75240.0,3,0.015625,0,0
Lenovo,Lenovo IdeaPad Slim 3,15ITL6,IdeaPad,,Intel,Core i5 11th Gen 1135G,Core i5,,,,,,Integrated,,,,16,DDR4,,512,SSD,,15.6,,,,,,,Windows 11 Home,True,52999.0,68190.0,15191.0,52999.0,60594.5,68190.0,6,https://www.flipkart.com/lenovo-ideapad-slim-3-intel-core-i5-11th-gen-1135g7-16-gb-512-gb-ssd-windows-11-home-15itl6-thin-light-laptop/p/itmf7ba442601f89,60594.5,3,0.03125,0,0
Lenovo,Lenovo IdeaPad Slim 3,IdeaPad,IdeaPad,2024.0,Intel,Core i5 13th Gen 13420H,Core i5,13.0,,,,,Integrated,,,,16,DDR5,,512,SSD,,15.3,,,,,,,Windows 11 Home,True,76990.0,119990.0,43000.0,76990.0,100390.0,128390.0,18,https://www.flipkart.com/lenovo-ideapad-slim-3-intel-core-i5-13th-gen-13420h-16-gb-512-gb-ssd-windows-11-home-15irh10-thin-light-laptop/p/itm01a19c73a4619,100390.0,3,0.03125,0,0
Dell,DELL Inspiron,Inspiron,Inspiron,,Intel,Core i5 12th Gen 1240P,Core i5,,,,,,Integrated,,,,16,DDR4,,512,SSD,,14.0,,,,,,,Windows 11 Home,True,81300.0,102000.0,20700.0,81300.0,91650.0,102000.0,8,https://www.flipkart.com/dell-inspiron-intel-core-i5-12th-gen-1240p-16-gb-512-gb-ssd-windows-11-home-5420-thin-light-laptop/p/itm9e4212db07bfc,91650.0,3,0.03125,0,0
Acer,Acer Aspire 5,A515-56,Aspire,2021.0,Intel,Core i5 11th Gen 1135G,Core i5,,,,,,Integrated,,,,8,DDR4,,512,SSD,,15.6,,,,,,,Windows 11 Home,True,72308.0,74990.0,2682.0,72308.0,73649.0,74990.0,6,https://www.flipkart.com/acer-aspire-5-intel-core-i5-11th-gen-1135g7-8-gb-512-gb-ssd-windows-11-home-a515-56-51ev-thin-light-laptop/p/itmc86d7a8682959,73649.0,3,0.015625,0,0
Infinix,Infinix,XL21,,,Intel,Core i7 10th Gen 1065G,Core i7,,,,,,Integrated,,,,8,LPDDR4X,,512,SSD,,14.0,,,,,,,Windows 11 Home,True,46990.0,64990.0,18000.0,46990.0,55990.0,64990.0,14,https://www.flipkart.com/infinix-intel-core-i7-10th-gen-1065g7-8-gb-512-gb-ssd-windows-11-home-128-mb-graphics-xl21-thin-light-laptop/p/itm16234aa3afdfa,55990.0,3,0.015625,0,0
Samsung,Samsung Galaxy Book4 Metal,NP750XGJ,,,Intel,Core i7 13th Gen 1355U,Core i7,,,,,,Integrated,,,,16,LPDDR4X,,512,SSD,,15.6,,,,,,,Windows 11 Home,True,82990.0,123490.0,40500.0,82990.0,103240.0,123490.0,18,https://www.flipkart.com/samsung-galaxy-book4-metal-intel-core-i7-13th-gen-1355u-16-gb-512-gb-ssd-windows-11-home-np750xgj-kg3in-np750xgj-lg3in-np750xgj-lg8in-thin-light-laptop/p/itm1df5212efb9fc,103240.0,3,0.03125,0,0
Microsoft,"MICROSOFT Surface Pro 12"" with Type Cover",,,,Qualcomm,Snapdragon X Plus -,Snapdragon X,,,,,,Integrated,,,,16,LPDDR5X,,256,SSD,,12.0,,,,True,,,Windows 11,True,133990.0,145898.0,11908.0,133990.0,140315.79,150398.0,78,https://www.flipkart.com/microsoft-surface-pro-12-type-cover-core-8-365-6-months-snapdragon-x-plus-16-gb-256-gb-ssd-windows-11-home-ep2-27654-ep2-32019-laptop/p/itm1adddaf77a282,140315.79,3,0.0625,0,0
Lenovo,Lenovo IdeaPad Slim 3 with 1Yr ADP,15,IdeaPad,2024.0,Intel,Core i3 13th Gen 1315U,Core i3,,,,,,Integrated,,,,8,LPDDR5,,512,SSD,,15.6,,,,,,,Windows 11 Home,True,57500.0,59500.0,2000.0,57500.0,58500.0,59500.0,24,https://www.flipkart.com/lenovo-ideapad-slim-3-1yr-adp-intel-core-i3-13th-gen-1315u-8-gb-512-gb-ssd-windows-11-home-15iru8-thin-light-laptop/p/itm6a418f522fd19,58500.0,3,0.015625,0,0
Microsoft,"MICROSOFT Surface Pro 12"" with Type Cover & Pen",,,,Qualcomm,Snapdragon X Plus Processor 16 GB LPDDR5X RAM 64 bit Windows 11 Operating System 512 GB SSD 30,Snapdragon X,,,,,,Integrated,,,,16,LPDDR5X,,512,SSD,,12.0,,,,True,,,Windows 11,True,150990.0,165398.0,14408.0,150990.0,158194.0,165398.0,60,https://www.flipkart.com/microsoft-surface-pro-12-type-cover-pen-core-8-365-6-months-snapdragon-x-plus-16-gb-512-gb-ssd-windows-11-home-ep2-27670-ep2-33040-laptop/p/itmf5e8efb329020,158194.0,3,0.03125,0,0
Microsoft,"MICROSOFT Surface Pro 12"" with Type Cover",,,,Qualcomm,Snapdragon X Plus -,Snapdragon X,,,,,,Integrated,,,,16,LPDDR5X,,512,SSD,,12.0,,,,True,,,Windows 11,True,141990.0,154898.0,12908.0,141990.0,148444.0,154898.0,30,https://www.flipkart.com/microsoft-surface-pro-12-type-cover-core-8-365-6-months-snapdragon-x-plus-16-gb-512-gb-ssd-windows-11-home-ep2-27670-ep2-32019-laptop/p/itm4b1a63a47e7e9,148444.0,3,0.03125,0,0
Acer,Acer,A325-45,,,Intel,Celeron Dual Core N4500,,,,,,,Integrated,,,,12,LPDDR4X,,512,SSD,,15.6,,,,,,,Windows 11 Home,True,41890.0,44990.0,3100.0,41890.0,43440.0,44990.0,12,https://www.flipkart.com/acer-intel-celeron-dual-core-n4500-12-gb-512-gb-ssd-windows-11-home-a325-45-notebook/p/itm221ab1a19bc6a,43440.0,3,0.0234375,0,0
Samsung,Samsung Galaxy Book4 Metal,NP750XGJ-K,,,Intel,Core i5 13th Gen 1335U,Core i5,,,,,,Integrated,,,,8,LPDDR4X,,512,SSD,,15.6,,,,,,,Windows 11 Home,True,60990.0,78189.0,17199.0,60990.0,69589.5,78189.0,16,https://www.flipkart.com/samsung-galaxy-book4-metal-intel-core-i5-13th-gen-1335u-8-gb-512-gb-ssd-windows-11-home-np750xgj-kg1in-np750xgj-lg1in-np750xgj-lg6in-thin-light-laptop/p/itm1df5212efb9fc,69589.5,3,0.015625,0,0
HP,HP 15,15-fr0028TU,,,Intel,Core i5 13th Gen 13420H,Core i5,13.0,,,,,Integrated,,,,16,DDR4,,512,SSD,,15.6,,,,,,,Windows 11 Home,True,71990.0,98447.0,26457.0,71990.0,85218.5,98447.0,10,https://www.flipkart.com/hp-15-intel-core-i5-13th-gen-13420h-16-gb-512-gb-ssd-windows-11-home-15-fr0028tu-15-fr0045tu-thin-light-laptop/p/itma36ceee31e597,85218.5,3,0.03125,0,0
MSI,MSI Modern 15,Modern,,,Intel,Core i7 12th Gen 1255U,Core i7,,,,,,Integrated,,,,16,DDR4,,1024,SSD,,15.0,,,,,,,Windows 11 Home,True,64990.0,71990.0,7000.0,64990.0,68490.0,71990.0,8,https://www.flipkart.com/msi-modern-15-intel-core-i7-12th-gen-1255u-16-gb-1-tb-ssd-windows-11-home-b12mo-1050in-business-laptop/p/itm21f8007ef0cd1,68490.0,3,0.015625,0,0
Acer,Acer Aspire,AL15-53,Aspire,,Intel,Core i3 13th Gen 1305U,Core i3,,,,,,Integrated,,,,8,DDR4,,512,SSD,,15.6,,,,,,,Windows 11 Home,True,55351.0,59990.0,4639.0,53091.0,61014.12,88999.0,8,https://www.flipkart.com/acer-aspire-intel-core-i3-13th-gen-1305u-8-gb-512-gb-ssd-windows-11-home-al15-53-notebook/p/itm1bc0bcb4598e7,61014.12,3,0.015625,0,0
Lenovo,Lenovo Yoga 7 OLED AI PC,14IML9,Yoga,,Intel,Core Ultra 5 125H,Core Ultra 5,1.0,,,,,Integrated,,,,16,LPDDR5X,,1024,SSD,,14.0,,OLED,,True,,,Windows 11 Home,True,110990.0,130090.0,19100.0,110990.0,120540.0,130090.0,12,https://www.flipkart.com/lenovo-yoga-7-oled-ai-pc-intel-core-ultra-5-125h-16-gb-1-tb-ssd-windows-11-home-14iml9-2-1-laptop/p/itm1ef35128279ee,120540.0,3,0.015625,0,0
MSI,MSI Commercial 14 H Pro,Commercial,,,Intel,Core i7 13th Gen 13700H,Core i7,13.0,,,,,Integrated,,,,32,DDR4,,1024,SSD,,14.0,,,,,,,Windows 11 Pro,True,92990.0,123990.0,31000.0,92990.0,108490.0,123990.0,8,https://www.flipkart.com/msi-commercial-14-h-pro-intel-core-i7-13th-gen-13700h-32-gb-1-tb-ssd-windows-11-pro-a13mg-vpro-065in-business-laptop/p/itm869e7ffedde0f,108490.0,3,0.03125,0,0
Acer,Acer Aspire 14,AS14H-53,Aspire,,Intel,Core 7 240H,,,,,,,Integrated,,,,16,LPDDR5,,512,SSD,,14.0,,,,,,,Windows 11 Home,True,74990.0,84999.0,10009.0,74990.0,79994.5,84999.0,6,https://www.flipkart.com/acer-aspire-14-intel-core-7-240h-16-gb-512-gb-ssd-windows-11-home-as14h-53-notebook/p/itmc1c9a77071a5b,79994.5,3,0.03125,0,0
ASUS,ASUS ExpertBook P1 with 1 Yr ADP,P1,ExpertBook,2024.0,Intel,Core i7 13th Gen 13620H,Core i7,13.0,,,,,Integrated,,,,32,DDR5,,512,SSD,,15.6,,,,,,,Windows 11 Home,True,98999.0,99999.0,1000.0,98999.0,99499.0,99999.0,6,https://www.flipkart.com/asus-expertbook-p1-1-yr-adp-intel-core-i7-13th-gen-13620h-32-gb-512-gb-ssd-windows-11-home-p1503cva-s71076ws-thin-light-laptop/p/itmc4c88e702be9c,99499.0,3,0.0625,0,0
Lenovo,Lenovo IdeaPad Slim 1,15AMN7,IdeaPad,,AMD,Ryzen 3 Quad Core 7320U,Ryzen 3,7.0,,,,,Integrated,,,,8,LPDDR5,,512,SSD,,15.6,,,,,,,Windows 11 Home,True,34899.0,59390.0,24491.0,34899.0,47144.5,59390.0,16,https://www.flipkart.com/lenovo-ideapad-slim-1-amd-ryzen-3-quad-core-7320u-8-gb-512-gb-ssd-windows-11-home-15amn7-thin-light-laptop/p/itm76f0e5d975817,47144.5,3,0.015625,0,0
Lenovo,Lenovo IdeaPad Flex 5,14IAU7,IdeaPad,,Intel,Core i3 12th Gen 1215U,Core i3,,,,,,Integrated,,,,8,LPDDR4X,,512,SSD,,14.0,,,,True,,,Windows 11 Home,True,57990.0,84990.0,27000.0,39572.0,61942.0,84990.0,28,https://www.flipkart.com/lenovo-ideapad-flex-5-intel-core-i3-12th-gen-1215u-8-gb-512-gb-ssd-windows-11-home-14iau7-thin-light-laptop/p/itm2e70fa64d7a76,61942.0,3,0.015625,0,0
Lenovo,Lenovo IdeaPad Slim 3,15IGL05,IdeaPad,,Intel,Celeron Dual Core N4020,,,,,,,Integrated,,,,8,DDR4,,256,SSD,,15.6,,,,,,,Windows 11 Home,True,27990.0,38990.0,11000.0,27990.0,33490.0,38990.0,10,https://www.flipkart.com/lenovo-ideapad-slim-3-intel-celeron-dual-core-n4020-8-gb-256-gb-ssd-windows-11-home-15igl05-thin-light-laptop/p/itm4a1dfc32cc4a9,33490.0,3,0.03125,0,0
Lenovo,Lenovo IdeaPad Slim 3,IdeaPad,IdeaPad,2024.0,Intel,Core i3 13th Gen 1315U,Core i3,,,,,,Integrated,,,,8,LPDDR5,,512,SSD,,15.6,,,,,,,Windows 11 Home,True,55990.0,89990.0,34000.0,54900.0,77034.47,121490.0,38,https://www.flipkart.com/lenovo-ideapad-slim-3-intel-core-i3-13th-gen-1315u-8-gb-512-gb-ssd-windows-11-home-15iru8-thin-light-laptop/p/itm5b24df123e032,77034.47,3,0.015625,0,0
Lenovo,Lenovo IdeaPad 3,15ITL6,IdeaPad,,Intel,Core i3 11th Gen 1115G,Core i3,,,,,,Integrated,,,,8,DDR4,,512,SSD,,15.6,,,,,,,Windows 10,True,36990.0,57890.0,20900.0,36990.0,46806.67,57890.0,12,https://www.flipkart.com/lenovo-ideapad-3-intel-core-i3-11th-gen-1115g4-8-gb-512-gb-ssd-windows-10-home-15itl6-15itl6-ub-thin-light-laptop/p/itme603a3b75554d,46806.67,3,0.015625,0,0
Lenovo,Lenovo IdeaPad 1,11IGL05,IdeaPad,2021.0,Intel,Celeron Dual Core N4020,,,,,,,Integrated,,,,4,DDR4,,256,SSD,,11.6,,,,,,,Windows 11 Home,True,27290.0,38990.0,11700.0,27290.0,33140.0,38990.0,16,https://www.flipkart.com/lenovo-ideapad-1-intel-celeron-dual-core-n4020-4-gb-256-gb-ssd-windows-11-home-11igl05-thin-light-laptop/p/itmb5e25e1c94885,33140.0,3,0.015625,0,0
Lenovo,Lenovo Ideapad Slim 3 OLED with 1Yr ADP,15Q8X10,IdeaPad,,Qualcomm,Snapdragon X -,Snapdragon X,,,,,,Integrated,,,,16,LPDDR5X,,512,SSD,,15.1,,OLED,,,,,Windows 11 Home,True,66990.0,86690.0,19700.0,66990.0,76840.0,86690.0,18,https://www.flipkart.com/lenovo-ideapad-slim-3-oled-1yr-adp-snapdragon-x-16-gb-512-gb-ssd-windows-11-home-15q8x10-laptop/p/itm5306716cd0f2f,76840.0,3,0.03125,0,0
Lenovo,Lenovo IdeaPad 3,IdeaPad,IdeaPad,2021.0,Intel,Core i3 11th Gen 1115G,Core i3,,,,,,Integrated,,,,8,DDR4,,256,SSD,,15.6,,,,,,,Windows 11 Home,True,35658.0,62038.0,26380.0,35658.0,48848.0,62038.0,6,https://www.flipkart.com/lenovo-ideapad-3-intel-core-i3-11th-gen-1115g4-8-gb-256-gb-ssd-windows-11-home-15itl6-ub-thin-light-laptop/p/itme603a3b75554d,48848.0,3,0.03125,0,0
Lenovo,Lenovo IdeaPad Slim 3,15AMN8,IdeaPad,2021.0,AMD,Ryzen 3 Quad Core 7320U,Ryzen 3,7.0,,,,,Integrated,,,,8,LPDDR5,,512,SSD,,15.6,,,,,,,Windows 11 Home,True,57279.0,63190.0,5911.0,55194.0,60436.06,68500.0,16,https://www.flipkart.com/lenovo-ideapad-slim-3-amd-ryzen-quad-core-7320u-8-gb-512-gb-ssd-windows-11-home-15amn8-thin-light-laptop/p/itm726ac134d0530,60436.06,3,0.015625,0,0
Lenovo,Lenovo V14 Octa,Intel,,2025.0,Intel,Core i5 13th Gen 13420H,Core i5,13.0,,,,,Integrated,,,,16,DDR4,,512,SSD,,14.0,,,,,,,Windows 11 Home,True,74000.0,75000.0,1000.0,72900.0,74072.22,75000.0,18,https://www.flipkart.com/lenovo-v14-octa-core-2025-intel-i5-13th-gen-13420h-16-gb-512-gb-ssd-windows-11-home-thin-light-laptop/p/itm7732c1b23a5e1,74072.22,3,0.03125,0,0
Lenovo,Lenovo IdeaPad 3,IdeaPad,IdeaPad,,Intel,Core i3 12th Gen 1215U,Core i3,,,,,,Integrated,,,,8,DDR4,,512,SSD,,15.6,,,,,,,Windows 11 Home,True,35099.0,69990.0,34891.0,35099.0,52544.5,69990.0,6,https://www.flipkart.com/lenovo-ideapad-3-intel-core-i3-12th-gen-1215u-8-gb-512-gb-ssd-windows-11-home-15iau7-thin-light-laptop/p/itmf7ba442601f89,52544.5,3,0.015625,0,0
Lenovo,Lenovo V15,V15,,,Intel,Core i3 12th Gen 1215U,Core i3,,,,,,Integrated,,,,8,DDR4,,512,SSD,,15.6,,,,,,,Windows 11 Home,True,54771.0,58187.0,3416.0,49390.0,55286.33,59990.0,6,https://www.flipkart.com/lenovo-v15-intel-core-i3-12th-gen-1215u-8-gb-512-gb-ssd-windows-11-home-g3-iap-thin-light-laptop/p/itmf6172499e1c65,55286.33,3,0.015625,0,0
Lenovo,Lenovo IdeaPad 3,15ITL6,IdeaPad,,Intel,Core i3 11th Gen 1115G,Core i3,,,,,,Integrated,,,,8,DDR4,,256,SSD,,15.6,,,,,,,DOS,False,37790.0,57990.0,20200.0,37790.0,47890.0,57990.0,8,https://www.flipkart.com/lenovo-ideapad-3-intel-core-i3-11th-gen-1115g4-8-gb-256-gb-ssd-dos-15itl6-thin-light-laptop/p/itme603a3b75554d,47890.0,3,0.03125,0,0
Lenovo,Lenovo V 15,AMD,,2025.0,AMD,Ryzen 3 Quad Core 7320U,Ryzen 3,7.0,,,,,Integrated,,,,8,LPDDR5,,512,SSD,,15.6,,,,,,,Windows 11 Pro,True,51590.0,52990.0,1400.0,51590.0,57134.5,66999.0,20,https://www.flipkart.com/lenovo-v-15-2025-amd-ryzen-3-quad-core-7320u-8-gb-512-gb-ssd-windows-11-pro-thin-light-laptop/p/itm8a5bab8986d9b,57134.5,3,0.015625,0,0
Lenovo,Lenovo IdeaPad Slim 5 Co,,IdeaPad,,Qualcomm,Snapdragon X Plus -,Snapdragon X,,,,,,Integrated,,,,16,LPDDR5X,,1024,SSD,,14.0,,,,,,,Windows 11,True,87991.0,125890.0,37899.0,87991.0,106940.5,125890.0,10,https://www.flipkart.com/lenovo-ideapad-slim-5-co-pilot-next-gen-ai-pc-full-metal-1yr-adp-snapdragon-x-plus-16-gb-1-tb-ssd-windows-11-home-14q8x9-thin-light-laptop/p/itm8a59041fc8c0f,106940.5,3,0.015625,0,0
Lenovo,Lenovo Ideapad Slim 3,81WE01QL,IdeaPad,2021.0,Intel,Core i3 10th Gen 1005G,Core i3,,,,,,Integrated,,,,8,DDR4,,512,SSD,,15.6,,,,,,,Windows 11 Home,True,35997.0,54990.0,18993.0,35997.0,45493.5,54990.0,14,https://www.flipkart.com/lenovo-ideapad-slim-3-intel-core-i3-10th-gen-1005g1-8-gb-512-gb-ssd-windows-11-home-81we01qlin-81we01qjin-laptop/p/itm6976e7038f4ba,45493.5,3,0.015625,0,0
Lenovo,Lenovo IdeaPad Slim 3 with 1Yr ADP,15Q8X10,IdeaPad,2024.0,Qualcomm,Snapdragon X -,Snapdragon X,,,,,,Integrated,,,,16,LPDDR5X,,1024,SSD,,15.3,,,,,,,Windows 11 Home,True,66615.0,98999.0,32384.0,66615.0,82807.0,98999.0,18,https://www.flipkart.com/lenovo-ideapad-slim-3-1yr-adp-snapdragon-x-16-gb-1-tb-ssd-windows-11-home-15q8x10-thin-light-laptop/p/itm9f8e47980095e,82807.0,3,0.015625,0,0
Lenovo,Lenovo V 15,AMD,,2025.0,AMD,Ryzen 5 Quad Core 7520U,Ryzen 5,7.0,,,,,Integrated,,,,16,LPDDR5,,512,SSD,,15.6,,,,,,,Windows 11 Pro,True,63891.0,70990.0,7099.0,61919.0,67111.83,70990.0,6,https://www.flipkart.com/lenovo-v-15-2025-amd-ryzen-5-quad-core-7520u-16-gb-512-gb-ssd-windows-11-pro-thin-light-laptop/p/itm1aa04132ef637,67111.83,3,0.03125,0,0
Lenovo,Lenovo IdeaPad Slim 3,IdeaPad,IdeaPad,2024.0,Intel,Core i5 13th Gen 13420H,Core i5,13.0,,,,,Integrated,,,,16,DDR5,,512,SSD,,14.0,,,,,,,Windows 11 Home,True,76990.0,113090.0,36100.0,76990.0,95040.0,113090.0,10,https://www.flipkart.com/lenovo-ideapad-slim-3-intel-core-i5-13th-gen-13420h-16-gb-512-gb-ssd-windows-11-home-14irh10-thin-light-laptop/p/itm0b07504bda890,95040.0,3,0.03125,0,0
Lenovo,Lenovo V 14,Intel,,2025.0,Intel,Core i5 13th Gen 13420H,Core i5,13.0,,,,,Integrated,,,,8,DDR4,,512,SSD,,14.0,,,,,,,Windows 11 Home,True,63695.0,92990.0,29295.0,62990.0,75804.71,92990.0,14,https://www.flipkart.com/lenovo-v-14-2025-intel-core-i5-13th-gen-13420h-8-gb-512-gb-ssd-windows-11-home-v14-thin-light-laptop/p/itm77a8152131636,75804.71,3,0.015625,0,0
Lenovo,Lenovo IdeaPad Slim 3 WUXGA IPS with 1Yr ADP,,IdeaPad,2024.0,Intel,Core i5 13th Gen 13420H,Core i5,13.0,,,,,Integrated,,,,16,DDR5,,512,SSD,,15.3,,IPS,,,,,Windows 11 Home,True,79990.0,90000.0,10010.0,79990.0,84995.0,90000.0,20,https://www.flipkart.com/lenovo-ideapad-slim-3-wuxga-ips-1yr-adp-intel-core-i5-13th-gen-13420h-16-gb-512-gb-ssd-windows-11-home-15irh10-thin-light-laptop/p/itme80ce152342ee,84995.0,3,0.03125,0,0
Lenovo,Lenovo IdeaPad Slim 3 Backlit Keyboard with MSO'2024,,IdeaPad,2024.0,Intel,Core i5 13th Gen 13420H,Core i5,13.0,,,,,Integrated,,,,24,DDR5,,1024,SSD,,15.3,,,,,,,Windows 11 Home,True,58650.0,,,58650.0,58650.0,58650.0,8,https://www.flipkart.com/lenovo-ideapad-slim-3-backlit-keyboard-mso-2024-intel-core-i5-13th-gen-13420h-24-gb-1-tb-ssd-windows-11-home-15irh10-thin-light-laptop/p/itm0d5d0630f37d2,58650.0,3,0.0234375,0,0
Lenovo,Lenovo IdeaPad Slim 5 WUXGA OLED AI PC,14IM,IdeaPad,,Intel,Core Ultra 5 125H,Core Ultra 5,1.0,,,,,Integrated,,,,16,LPDDR5X,,1024,SSD,,14.0,,OLED,,,,,Windows 11 Home,True,97000.0,125000.0,28000.0,97000.0,111000.0,125000.0,12,https://www.flipkart.com/lenovo-ideapad-slim-5-wuxga-oled-ai-pc-intel-core-ultra-125h-16-gb-1-tb-ssd-windows-11-home-14imh9-thin-light-laptop/p/itm089031723a8df,111000.0,3,0.015625,0,0
Lenovo,Lenovo IdeaPad Slim 3,14IRU8,IdeaPad,,Intel,Core i3 13th Gen 1305U,Core i3,,,,,,Integrated,,,,8,LPDDR5,,512,SSD,,14.0,,,,,,,Windows 11 Home,True,59886.0,69900.0,10014.0,53000.0,63027.89,69900.0,18,https://www.flipkart.com/lenovo-ideapad-slim-3-intel-core-i3-13th-gen-1305u-8-gb-512-gb-ssd-windows-11-home-14iru8-thin-light-laptop/p/itm726ac134d0530,63027.89,3,0.015625,0,0
Lenovo,Lenovo IdeaPad Slim 3,IdeaPad,IdeaPad,2021.0,AMD,Ryzen 3 Quad Core 7320U,Ryzen 3,7.0,,,,,Integrated,,,,8,LPDDR5,,512,SSD,,15.6,,,,,,,Windows 11 Home,True,59990.0,69990.0,10000.0,59990.0,64990.0,69990.0,6,https://www.flipkart.com/lenovo-ideapad-slim-3-amd-ryzen-quad-core-7320u-8-gb-512-gb-ssd-windows-11-home-15amn8-thin-light-laptop/p/itm4186ac983c899,64990.0,3,0.015625,0,0
Lenovo,Lenovo LOQ,,LOQ,2021.0,Intel,Core i7 13th Gen 13650HX,Core i7,13.0,,,,,Integrated,,,,16,DDR5,,512,SSD,,15.6,,,,,,,Windows 11 Home,True,110990.0,123090.0,12100.0,110990.0,122024.62,131290.0,26,https://www.flipkart.com/lenovo-loq-intel-core-i7-13th-gen-13650hx-16-gb-512-gb-ssd-windows-11-home-6-graphics-nvidia-geforce-rtx-3050-15irx9-gaming-laptop/p/itme3e94a3f73f71,122024.62,3,0.03125,0,1
Lenovo,Lenovo IdeaPad Slim 3 with 1Yr ADP,15,IdeaPad,2021.0,AMD,Ryzen 5 Quad Core 7520U,Ryzen 5,7.0,,,,,Integrated,,,,16,LPDDR5,,512,SSD,,15.6,,,,,,,Windows 11 Home,True,61890.0,75000.0,13110.0,61890.0,68445.0,75000.0,8,https://www.flipkart.com/lenovo-ideapad-slim-3-1yr-adp-amd-ryzen-5-quad-core-7520u-16-gb-512-gb-ssd-windows-11-home-15amn8-thin-light-laptop/p/itm76f0e5d975817,68445.0,3,0.03125,0,0
MSI,MSI Modern 14,Modern,,,Intel,Core i3 12th Gen 1215U,Core i3,,,,,,Integrated,,,,8,DDR4,,512,SSD,,14.0,,,,,,,Windows 11 Home,True,42990.0,47990.0,5000.0,42990.0,49471.0,55990.0,26,https://www.flipkart.com/msi-modern-14-intel-core-i3-12th-gen-1215u-8-gb-512-gb-ssd-windows-11-home-c12mo-1401in-business-laptop/p/itm8820edd8b6c55,49471.0,3,0.015625,0,0
MSI,MSI Modern 14,Modern,,2021.0,Intel,Core i5 13th Gen 1334U,Core i5,,,,,,Integrated,,,,16,DDR4,,512,SSD,,14.0,,,,,,,Windows 11 Home,True,52990.0,73990.0,21000.0,52990.0,63490.0,73990.0,18,https://www.flipkart.com/msi-modern-14-intel-core-i5-13th-gen-1334u-16-gb-512-gb-ssd-windows-11-home-c13m-116in-thin-light-laptop/p/itmc1e2cec962619,63490.0,3,0.03125,0,0
MSI,MSI Modern 14,Modern,,2021.0,Intel,Core i3 13th Gen 1315U,Core i3,,,,,,Integrated,,,,16,DDR4,,512,SSD,,14.0,,,,,,,Windows 11 Home,True,64990.0,75990.0,11000.0,64990.0,70490.0,75990.0,16,https://www.flipkart.com/msi-modern-14-intel-core-i3-13th-gen-1315u-16-gb-512-gb-ssd-windows-11-home-c13m-1424in-thin-light-laptop/p/itm3e7b79e0702a6,70490.0,3,0.03125,0,0
MSI,MSI Modern 15 H,Modern,,2021.0,Intel,Core i7 13th Gen 13620H,Core i7,13.0,,,,,Integrated,,,,16,DDR4,,512,SSD,,15.6,,,,,,,Windows 11 Home,True,79990.0,83990.0,4000.0,79990.0,81990.0,83990.0,10,https://www.flipkart.com/msi-modern-15-h-intel-core-i7-13th-gen-13620h-16-gb-512-gb-ssd-windows-11-home-b13m-225in-thin-light-laptop/p/itmf2d9af92de204,81990.0,3,0.03125,0,0
MSI,MSI Cyborg 15 AI PC,,,,Intel,Core Ultra 7 155H,Core Ultra 7,1.0,,,,,Integrated,,,,16,DDR5,,1024,SSD,,15.6,,,,,,,Windows 11 Home,True,102990.0,119990.0,17000.0,102990.0,111490.0,119990.0,18,https://www.flipkart.com/msi-cyborg-15-ai-pc-intel-core-ultra-7-155h-16-gb-1-tb-ssd-windows-11-home-6-gb-graphics-nvidia-geforce-rtx-4050-a1vek-050in-gaming-laptop/p/itmd077e48d29cee,111490.0,3,0.015625,0,0
MSI,MSI Prestige 13 Evo AI PC,Prestige,,,Intel,Core Ultra 5 125H,Core Ultra 5,1.0,,,,,Integrated,,,,16,LPDDR5,,1024,SSD,,13.3,,,,,,,Windows 11 Home,True,94990.0,111990.0,17000.0,94990.0,103490.0,111990.0,14,https://www.flipkart.com/msi-prestige-13-evo-ai-pc-intel-core-ultra-5-125h-16-gb-1-tb-ssd-windows-11-home-a1mg-thin-light-laptop/p/itm01c95e069735f,103490.0,3,0.015625,0,0
ASUS,"ASUS Gaming V16 with Office 2024 + M365 Basic*, AI PC,",,,2025.0,Intel,Core 7 240H,,,,,,,Integrated,,,,16,DDR5,,512,SSD,,16.0,,,,,,,Windows 11 Home,True,92990.0,113990.0,21000.0,92990.0,103490.0,113990.0,4,https://www.flipkart.com/asus-gaming-v16-2025-office-2024-m365-basic-ai-pc-i7-14th-gen-intel-core-7-240h-16-gb-512-gb-ssd-windows-11-home-6-graphics-nvidia-geforce-rtx-4050-144-hz-v3607vu-rp275ws-laptop/p/itm787b40d6e3a05,103490.0,5,0.03125,0,1
ASUS,"ASUS TUF Gaming F16 for Creator with MSO 2024+M365 Basic*,AI PC,",for,TUF Gaming,2025.0,Intel,Core 5 210H,,,,,,,Integrated,,,,16,DDR5,,512,SSD,,16.0,,,,,,,Windows 11 Home,True,141990.0,213990.0,72000.0,141990.0,177990.0,213990.0,8,https://www.flipkart.com/asus-tuf-gaming-f16-2025-creator-mso-2024-m365-basic-ai-pc-i5-14th-gen-intel-core-5-210h-16-gb-512-gb-ssd-windows-11-home-6-graphics-nvidia-geforce-rtx-4050-144-ghz-fx677vu-rl055ws-laptop/p/itmea62169fa9f52,177990.0,5,0.03125,0,1
Lenovo,Lenovo LOQ Essential,,LOQ,2024.0,AMD,Ryzen 7 Octa Core 7735HS,Ryzen 7,7.0,,,,,Integrated,,,,16,DDR5,,512,SSD,,15.6,,,,,,,Windows 11 Home,True,133890.0,212690.0,78800.0,133890.0,173290.0,212690.0,12,https://www.flipkart.com/lenovo-loq-essential-amd-ryzen-7-octa-core-7735hs-16-gb-512-gb-ssd-windows-11-home-6-graphics-nvidia-geforce-rtx-4050-15arp10e-gaming-laptop/p/itm399bfa20e0e93,173290.0,3,0.03125,0,1
HP,HP Victus,,Victus,,Intel,Core i7 12th Gen 12650H,Core i7,12.0,,,,,Integrated,,,,16,DDR4,,512,SSD,,15.6,,,,,,,Windows 11 Home,True,101553.0,120090.0,18537.0,101553.0,114758.4,120990.0,10,https://www.flipkart.com/hp-victus-intel-core-i7-12th-gen-12650h-16-gb-512-gb-ssd-windows-11-home-4-graphics-nvidia-geforce-rtx-3050-15-fa0188tx-gaming-laptop/p/itm236b5aaa84afc,114758.4,3,0.03125,0,1
Lenovo,Lenovo LOQ,,LOQ,,Intel,Core i5 12th Gen 12450HX,Core i5,12.0,,,,,Integrated,,,,16,DDR5,,512,SSD,,15.6,,,,,,,Windows 11 Home,True,107848.0,111900.0,4052.0,101198.0,108986.5,115000.0,12,https://www.flipkart.com/lenovo-loq-intel-core-i5-12th-gen-12450hx-16-gb-512-gb-ssd-windows-11-home-6-graphics-nvidia-geforce-rtx-3050-144-hz-83gs00pjin-gaming-laptop/p/itme3e94a3f73f71,108986.5,3,0.03125,0,1
Acer,Acer Nitro 5 Pro,,Nitro,,Intel,Core i7 14th Gen 14650HX,Core i7,14.0,,,,,Integrated,,,,16,DDR5,,1024,SSD,,16.0,,,,,,,Windows 11 Home,True,172990.0,261990.0,89000.0,172990.0,217490.0,261990.0,18,https://www.flipkart.com/acer-nitro-5-pro-intel-core-i7-14th-gen-14650hx-16-gb-1-tb-ssd-windows-11-home-6-gb-graphics-nvidia-geforce-rtx-4050-an5p16-73g2-gaming-laptop/p/itm56415c85fa1be,217490.0,3,0.015625,0,1
Lenovo,Lenovo LOQ 15IRX9.,,LOQ,2024.0,Intel,Core i5 13th Gen 13450HX,Core i5,13.0,,,,,Integrated,,,,16,DDR5,,512,SSD,,15.6,,,,,,,Windows 11 Home,True,129990.0,150000.0,20010.0,129990.0,139995.0,150000.0,12,https://www.flipkart.com/lenovo-loq-15irx9-intel-core-i5-13th-gen-13450hx-16-gb-512-gb-ssd-windows-11-home-6-graphics-nvidia-geforce-rtx-4050-83dv01aain-gaming-laptop/p/itm69f9d9a3e34f9,139995.0,3,0.03125,0,1
Acer,Acer Nitro V,,Nitro,,Intel,Core i7 13th Gen 13620H,Core i7,13.0,,,,,Integrated,,,,16,DDR5,,1024,SSD,,15.6,,,,,,,Windows 11 Home,True,112970.0,135999.0,23029.0,112970.0,124484.5,135999.0,18,https://www.flipkart.com/acer-nitro-v-intel-core-i7-13th-gen-13620h-16-gb-1-tb-ssd-windows-11-home-6-gb-graphics-nvidia-geforce-rtx-4050-anv15-51-gaming-laptop/p/itm771bcbdbde25c,124484.5,3,0.015625,0,1
Lenovo,Lenovo LQQ Essential,,,2024.0,AMD,Ryzen 7 Octa Core 7735HS,Ryzen 7,7.0,,,,,Integrated,,,,16,DDR5,,512,SSD,,15.6,,,,,,,Windows 11 Home,True,122500.0,136490.0,13990.0,122500.0,129495.0,136490.0,2,https://www.flipkart.com/lenovo-lqq-essential-amd-ryzen-7-octa-core-7735hs-16-gb-512-gb-ssd-windows-11-home-6-graphics-nvidia-geforce-rtx-4050-loq-15arp10e-gaming-laptop/p/itm60295aae1de17,129495.0,3,0.03125,0,0
Acer,Acer Nitro 5,,Nitro,,Intel,Core i5 14th Gen 14450HX,Core i5,14.0,,,,,Integrated,,,,16,DDR5,,1024,SSD,,16.0,,,,,,,Windows 11 Home,True,162990.0,248990.0,86000.0,162990.0,205990.0,248990.0,10,https://www.flipkart.com/acer-nitro-5-intel-core-i5-14th-gen-14450hx-16-gb-1-tb-ssd-windows-11-home-6-gb-graphics-nvidia-geforce-rtx-4050-an516-73g1-gaming-laptop/p/itm1f0997662756c,205990.0,3,0.015625,0,1
Lenovo,Lenovo,,,2024.0,Intel,Core i7 13th Gen 13645HX,Core i7,13.0,,,,,Integrated,,,,16,DDR5,,512,SSD,,15.6,,,,,,,Windows 11 Home,True,146201.0,178999.0,32798.0,146201.0,162600.0,178999.0,18,https://www.flipkart.com/lenovo-intel-core-i7-13th-gen-13645hx-16-gb-512-gb-ssd-windows-11-home-6-graphics-nvidia-geforce-rtx-4050-loq-15irx9-gaming-laptop/p/itm789e85166ae8e,162600.0,3,0.03125,0,0
ASUS,"ASUS Vivobook 16X for Creator,",,Vivobook,,Intel,Core i5 12th Gen 12500H,Core i5,12.0,,,,,Integrated,,,,16,DDR4,,512,SSD,,16.0,,,,,,,Windows 11 Home,True,125999.0,130999.0,5000.0,125999.0,128499.0,130999.0,4,https://www.flipkart.com/asus-vivobook-16x-creator-intel-core-i5-12th-gen-12500h-16-gb-512-gb-ssd-windows-11-home-6-graphics-nvidia-geforce-rtx-4050-k3605zu-rp304ws-gaming-laptop/p/itmfc0e20779f204,128499.0,3,0.03125,0,0
ASUS,ASUS TUF Gaming F16,Intel,TUF Gaming,2024.0,Intel,Core 5 210H,,,,,,,Integrated,,,,16,DDR5,,512,SSD,,16.0,,,,,,,Windows 11 Home,True,128649.0,139900.0,11251.0,99999.0,129419.5,139900.0,10,https://www.flipkart.com/asus-tuf-gaming-f16-i5-14th-gen-intel-core-5-210h-16-gb-512-gb-ssd-windows-11-home-6-graphics-nvidia-geforce-rtx-4050-fx677vu-rl055ws-laptop/p/itm6ac895441fe92,129419.5,3,0.03125,0,1
Lenovo,Lenovo LOQ,,LOQ,,Intel,Core i7 12th Gen 12650HX,Core i7,12.0,,,,,Integrated,,,,16,DDR5,,512,SSD,,15.6,,,,,,,Windows 11 Home,True,133551.0,145999.0,12448.0,133551.0,139775.0,145999.0,12,https://www.flipkart.com/lenovo-loq-intel-core-i7-12th-gen-12650hx-16-gb-512-gb-ssd-windows-11-home-6-graphics-nvidia-geforce-rtx-4050-6gb-gddr6-144-hz-15iax9e-gaming-laptop/p/itm3c923dd73a353,139775.0,3,0.03125,0,1
ASUS,"ASUS Vivobook Pro 15 OLED For Creator,",,Vivobook,,Intel,Core i9 13th Gen 13900H,Core i9,13.0,,,,,Integrated,,,,16,DDR5,,1024,SSD,,15.6,,OLED,,,,,Windows 11,True,171551.0,195999.0,24448.0,171551.0,183775.0,195999.0,8,https://www.flipkart.com/asus-vivobook-pro-15-oled-creator-intel-h-series-core-i9-13th-gen-13900h-16-gb-1-tb-ssd-windows-11-home-6-gb-graphics-nvidia-geforce-rtx-4050-120-hz-65-tgp-k6502vu-ma952ws-gaming-laptop/p/itmb9d3913e7ee95,183775.0,3,0.015625,0,0
Dell,DELL G15,,,,Intel,Core i7 13th Gen 13650HX,Core i7,13.0,,,,,Integrated,,,,16,DDR5,,1024,SSD,,15.6,,,,,,,Windows 11 Home,True,149790.0,170000.0,20210.0,149790.0,159895.0,170000.0,10,https://www.flipkart.com/dell-g15-intel-core-i7-13th-gen-13650hx-16-gb-1-tb-ssd-windows-11-home-6-gb-graphics-nvidia-geforce-rtx-4050-165-hz-5530-gaming-laptop/p/itmd7cee9c365f29,159895.0,3,0.015625,0,0
Lenovo,Lenovo Legion 5,,Legion,2021.0,Intel,Core i7 14th Gen 14650HX,Core i7,14.0,,,,,Integrated,,,,16,DDR5,,1024,SSD,,16.0,,,,,,,Windows 11 Home,True,195000.0,290000.0,95000.0,195000.0,242500.0,290000.0,6,https://www.flipkart.com/lenovo-legion-5-intel-core-i7-14th-gen-14650hx-16-gb-1-tb-ssd-windows-11-home-8-gb-graphics-nvidia-geforce-rtx-4070-16irx9-gaming-laptop/p/itm52d4580057187,242500.0,3,0.015625,0,1
ASUS,ASUS ROG Strix G16,,ROG,2024.0,Intel,Core i7 13th Gen 13650HX,Core i7,13.0,,,,,Integrated,,,,16,DDR5,,1024,SSD,,16.0,,,,,,,Windows 11 Home,True,180803.0,198990.0,18187.0,180803.0,189896.5,198990.0,8,https://www.flipkart.com/asus-rog-strix-g16-intel-core-i7-13th-gen-13650hx-16-gb-1-tb-ssd-windows-11-home-6-gb-graphics-nvidia-geforce-rtx-4050-165-hz-g614ju-n4200ws-gaming-laptop/p/itmba9dc9051be27,189896.5,3,0.015625,0,1
Lenovo,Lenovo LOQ,,LOQ,2021.0,Intel,Core i7 13th Gen 13620H,Core i7,13.0,,,,,Integrated,,,,16,DDR5,,512,SSD,,15.6,,,,,,,Windows 11 Home,True,148000.0,151000.0,3000.0,148000.0,149500.0,151000.0,12,https://www.flipkart.com/lenovo-loq-intel-core-i7-13th-gen-13620h-16-gb-512-gb-ssd-windows-11-home-6-graphics-nvidia-geforce-rtx-4050-15irh8-gaming-laptop/p/itme091d6103d2b3,149500.0,3,0.03125,0,1
MSI,MSI Prestige 16Evo,Prestige,,,Intel,Core i7 13th Gen 13700H,Core i7,13.0,,,,,Integrated,,,,16,LPDDR5,,1024,SSD,,16.0,,,,,,,Windows 11 Home,True,148700.0,159990.0,11290.0,148700.0,154345.0,159990.0,10,https://www.flipkart.com/msi-prestige-16evo-intel-core-i7-13th-gen-13700h-16-gb-1-tb-ssd-windows-11-home-a13m-266in-thin-light-laptop/p/itm4a7de88b8b6a9,154345.0,3,0.015625,0,0
HP,HP OMEN,,Omen,,Intel,Core i5 13th Gen 13420H,Core i5,13.0,,,,,Integrated,,,,16,DDR5,,512,SSD,,16.1,,,,,,,Windows 11 Home,True,116746.0,118990.0,2244.0,116746.0,117868.0,118990.0,24,https://www.flipkart.com/hp-omen-intel-core-i5-13th-gen-13420h-16-gb-512-gb-ssd-windows-11-home-6-graphics-nvidia-geforce-rtx-4050-144-hz-120-w-16-wd0880tx-gaming-laptop/p/itmf78f7125cef63,117868.0,3,0.03125,0,1
Acer,Acer Nitro 5 Pro,,Nitro,,Intel,Core i5 14th Gen 14450HX,Core i5,14.0,,,,,Integrated,,,,16,DDR5,,1024,SSD,,16.0,,,,,,,Windows 11 Home,True,162990.0,248990.0,86000.0,162990.0,213490.0,268990.0,32,https://www.flipkart.com/acer-nitro-5-pro-intel-core-i5-14th-gen-14450hx-16-gb-1-tb-ssd-windows-11-home-6-gb-graphics-nvidia-geforce-rtx-4050-an5p16-73g2-gaming-laptop/p/itm609add2d30ce8,213490.0,3,0.015625,0,1
HP,HP Omen,,Omen,,AMD,Ryzen 7 Octa Core 7840HS,Ryzen 7,7.0,,,,,Integrated,,,,16,DDR5,,1024,SSD,,16.1,,,,,,,Windows 11 Home,True,106319.0,125900.0,19581.0,106319.0,116109.5,125900.0,2,https://www.flipkart.com/hp-omen-amd-ryzen-7-octa-core-7840hs-16-gb-1-tb-ssd-windows-11-home-6-gb-graphics-nvidia-geforce-rtx-4050-165-hz-16-xd0015ax-gaming-laptop/p/itmabad31c69922e,116109.5,3,0.015625,0,1
MSI,MSI Stealth 16 Studio,,,,Intel,Core i7 13th Gen 13700H,Core i7,13.0,,,,,Integrated,,,,32,DDR5,,1024,SSD,,16.0,,,,,,,Windows 11 Home,True,189040.0,279000.0,89960.0,189040.0,234020.0,279000.0,8,https://www.flipkart.com/msi-stealth-16-studio-intel-core-i7-13th-gen-13700h-32-gb-1-tb-ssd-windows-11-home-8-gb-graphics-nvidia-geforce-rtx-4060-240-hz-a13vf-023in-gaming-laptop/p/itm658eded415e2c,234020.0,3,0.03125,0,0
ASUS,ASUS TUF Gaming F16 with Office 2024 + M365 Basic*,,TUF Gaming,2025.0,Intel,Core i7 14th Gen 14650HX,Core i7,14.0,,,,,Integrated,,,,16,DDR5,,1024,SSD,,16.0,,,,,,,Windows 11 Home,True,186390.0,229900.0,43510.0,139990.0,191815.0,229900.0,14,https://www.flipkart.com/asus-tuf-gaming-f16-2025-office-2024-m365-basic-intel-core-i7-14th-gen-14650hx-16-gb-1-tb-ssd-windows-11-home-8-gb-graphics-nvidia-geforce-rtx-5060-165-hz-fx608jmr-rv049ws-laptop/p/itm941aa64dad2a5,191815.0,5,0.015625,0,1
Lenovo,Lenovo LOQ,,LOQ,2021.0,Intel,Core i5 12th Gen 12450H,Core i5,12.0,,,,,Integrated,,,,16,DDR5,,512,SSD,,15.6,,,,,,,Windows 11 Home,True,105990.0,120000.0,14010.0,93990.0,109508.75,131190.0,24,https://www.flipkart.com/lenovo-loq-intel-core-i5-12th-gen-12450h-16-gb-512-gb-ssd-windows-11-home-6-graphics-nvidia-geforce-rtx-3050-15irh8-gaming-laptop/p/itme091d6103d2b3,109508.75,3,0.03125,0,1
Lenovo,Lenovo LOQ,,LOQ,2021.0,Intel,Core i7 14th Gen 14700HX,Core i7,14.0,,,,,Integrated,,,,16,DDR5,,1024,SSD,,15.6,,,,,,,Windows 11 Home,True,168990.0,199000.0,30010.0,168990.0,183995.0,199000.0,12,https://www.flipkart.com/lenovo-loq-intel-core-i7-14th-gen-14700hx-16-gb-1-tb-ssd-windows-11-home-8-gb-graphics-nvidia-geforce-rtx-4060-15irx9-gaming-laptop/p/itme3e94a3f73f71,183995.0,3,0.015625,0,1
HP,HP OMEN,,Omen,,Intel,Core i7 13th Gen 13700HX,Core i7,13.0,,,,,Integrated,,,,16,DDR5,,512,SSD,,16.1,,,,,,,Windows 11 Home,True,130900.0,176990.0,46090.0,130900.0,153945.0,176990.0,8,https://www.flipkart.com/hp-omen-intel-core-i7-13th-gen-13700hx-16-gb-512-gb-ssd-windows-11-home-8-graphics-nvidia-geforce-rtx-4060-16-wf0056tx-gaming-laptop/p/itm02b151446f589,153945.0,3,0.03125,0,1
ASUS,ASUS TUF Gaming F16,Intel,TUF Gaming,2026.0,Intel,Core i7 14th Gen 14650HX,Core i7,14.0,,,,,Integrated,,,,16,DDR5,,1024,SSD,,16.0,,,,,,,Windows 11 Home,True,201990.0,269990.0,68000.0,201990.0,254105.5,299990.0,18,https://www.flipkart.com/asus-tuf-gaming-f16-2026-intel-core-i7-14th-gen-14650hx-16-gb-1-tb-ssd-windows-11-home-8-gb-graphics-nvidia-geforce-rtx-5050-144-hz-fx608jhi-tu225ws-laptop/p/itmde630859152d4,254105.5,3,0.015625,0,1
HP,HP Victus,,Victus,2024.0,Intel,Core i5 14th Gen 14450HX,Core i5,14.0,,,,,Integrated,,,,24,DDR5,,512,SSD,,15.6,,,,,,,Windows 11 Home,True,112970.0,121999.0,9029.0,112970.0,117484.5,121999.0,20,https://www.flipkart.com/hp-victus-intel-core-i5-14th-gen-14450hx-24-gb-512-gb-ssd-windows-11-home-6-graphics-nvidia-geforce-rtx-4050-15-fa2382tx-gaming-laptop/p/itmc8b9497c77521,117484.5,3,0.046875,0,1
ASUS,ASUS ROG Strix G16 with Office 2024 + M365 Basic*,,ROG,2025.0,Intel,Core Ultra 9 275HX,Core Ultra 9,1.0,,,,,Integrated,,,,16,DDR5,,1024,SSD,,16.0,,,,,,,Windows 11 Home,True,199990.0,227990.0,28000.0,199990.0,213990.0,227990.0,10,https://www.flipkart.com/asus-rog-strix-g16-2025-office-2024-m365-basic-intel-core-ultra-9-275hx-16-gb-1-tb-ssd-windows-11-home-8-gb-graphics-nvidia-geforce-rtx-5060-240-hz-g615lm-s5128ws-gaming-laptop/p/itm9486b8549da35,213990.0,5,0.015625,0,1
Lenovo,Lenovo LOQ 2025,,LOQ,2025.0,Intel,Core i7 14th Gen 14700HX,Core i7,14.0,,,,,Integrated,,,,16,DDR5,,512,SSD,,15.6,,,,,,,Windows 11 Home,True,186990.0,345490.0,158500.0,179990.0,257458.18,345490.0,22,https://www.flipkart.com/lenovo-loq-2025-intel-core-i7-14th-gen-14700hx-16-gb-512-gb-ssd-windows-11-home-8-graphics-nvidia-geforce-rtx-5060-15irx10-gaming-laptop/p/itm3ebff9af7509f,257458.18,3,0.03125,0,1
Lenovo,Lenovo Legion 7,,Legion,,Intel,Core Ultra 9 275HX,Core Ultra 9,1.0,,,,,Integrated,,,,32,DDR5,,1024,SSD,,16.0,,,,,,,Windows 11 Home,True,325990.0,339390.0,13400.0,274490.0,315356.67,339390.0,12,https://www.flipkart.com/lenovo-legion-7-intel-core-ultra-9-275hx-32-gb-1-tb-ssd-windows-11-home-12-gb-graphics-nvidia-geforce-rtx-5070-ti-pro-16iax10h-gaming-laptop/p/itm85d80715e0258,315356.67,3,0.03125,0,1
ASUS,ASUS ROG Strix G16 with Office 2024 + M365 Basic*,,ROG,2025.0,Intel,Core Ultra 9 275HX,Core Ultra 9,1.0,,,,,Integrated,,,,32,DDR5,,1024,SSD,,16.0,,,,,,,Windows 11 Home,True,251999.0,350999.0,99000.0,251999.0,301499.0,350999.0,4,https://www.flipkart.com/asus-rog-strix-g16-2025-office-2024-m365-basic-intel-core-ultra-9-275hx-32-gb-1-tb-ssd-windows-11-home-8-gb-graphics-nvidia-geforce-rtx-5070-240-hz-g615lp-s5022ws-gaming-laptop/p/itmb27d8daded6dd,301499.0,5,0.03125,0,1
ASUS,ASUS ROG Zephyrus G14 OLED,AMD,ROG,2026.0,AMD,Ryzen AI 9 10 Core 465 -,Ryzen AI 9,,,,,,Integrated,,,,16,LPDDR5X,,1024,SSD,,14.0,,OLED,,,,,Windows 11 Home,True,259990.0,311990.0,52000.0,259990.0,285990.0,311990.0,4,https://www.flipkart.com/asus-rog-zephyrus-g14-oled-2026-amd-ryzen-ai-9-10-core-465-16-gb-1-tb-ssd-windows-11-home-8-gb-graphics-nvidia-geforce-rtx-5060-120-hz-ga403gm-sy163ws-gaming-laptop/p/itm87cc204c071c1,285990.0,3,0.015625,0,1
ASUS,ASUS ROG Strix G16,Intel,ROG,2026.0,Intel,Core Ultra 7 255HX,Core Ultra 7,1.0,,,,,Integrated,,,,16,DDR5,,1024,SSD,,16.0,,,,,,,Windows 11 Home,True,239990.0,287990.0,48000.0,239990.0,263990.0,287990.0,6,https://www.flipkart.com/asus-rog-strix-g16-2026-intel-core-ultra-7-255hx-16-gb-1-tb-ssd-windows-11-home-8-gb-graphics-nvidia-geforce-rtx-5060-300-hz-g615lm-ts268ws-gaming-laptop/p/itm81126ead617f8,263990.0,3,0.015625,0,1
Samsung,Samsung Galaxy Book5 AI Metal,NP750XHD,,2024.0,Intel,Core Ultra 5 225U,Core Ultra 5,1.0,,,,,Integrated,,,,16,LPDDR5X,,512,SSD,,15.6,,,,,,,Windows 11 Home,True,86990.0,99990.0,13000.0,86990.0,93490.0,99990.0,14,https://www.flipkart.com/samsung-galaxy-book5-ai-metal-intel-core-ultra-5-225u-16-gb-512-gb-ssd-windows-11-home-np750xhd-thin-light-laptop/p/itmc33d2563d0ffc,93490.0,3,0.03125,0,0
Samsung,Samsung Galaxy Book3,NP750XFG-KA3IN,,,Intel,Core i7 13th Gen 1355U,Core i7,,,,,,Integrated,,,,16,LPDDR4X,,512,SSD,,15.6,,,,,,,Windows 11 Home,True,79990.0,120990.0,41000.0,79990.0,100490.0,120990.0,14,https://www.flipkart.com/samsung-galaxy-book3-intel-core-i7-13th-gen-1355u-16-gb-512-gb-ssd-windows-11-home-np750xfg-ka3in-thin-light-laptop/p/itm060a8fab083ca,100490.0,3,0.03125,0,0
Samsung,Samsung Galaxy Book5 Pro Next Gen AI PC Full Metal Chasis,,,,Intel,Core Ultra 7 256V,Core Ultra 7,2.0,,,,,Integrated,,,,16,LPDDR5X,,512,SSD,,14.0,,,,True,,,Windows 11,True,154999.0,167990.0,12991.0,154999.0,161494.5,167990.0,14,https://www.flipkart.com/samsung-galaxy-book5-pro-next-gen-ai-pc-full-metal-chasis-intel-core-ultra-7-256v-16-gb-512-gb-ssd-windows-11-home-np940xha-thin-light-laptop/p/itm87a0d01864c90,161494.5,3,0.03125,0,0
Samsung,Samsung Galaxy Book 2,NP550,Galaxy Book,,Intel,Core i7 12th Gen 1255U,Core i7,,,,,,Integrated,,,,16,DDR4,,512,SSD,,15.6,,,,,,,Windows 11 Home,True,72990.0,92990.0,20000.0,72990.0,82990.0,92990.0,14,https://www.flipkart.com/samsung-galaxy-book-2-intel-core-i7-12th-gen-1255u-16-gb-512-gb-ssd-windows-11-home-np550-thin-light-laptop/p/itm2822d57f3725d,82990.0,3,0.03125,0,0
Samsung,Samsung Galaxy Book4 Pro Evo AI PC,NP960X,,2021.0,Intel,Core Ultra 5 125H,Core Ultra 5,1.0,,,,,Integrated,,,,16,LPDDR5X,,512,SSD,,16.0,,,,True,,,Windows 11 Home,True,149032.0,163289.0,14257.0,149032.0,156160.5,163289.0,14,https://www.flipkart.com/samsung-galaxy-book4-pro-evo-ai-pc-intel-core-ultra-5-125h-16-gb-512-gb-ssd-windows-11-home-np960xgk-kg1in-np960xgk-lg1in-thin-light-laptop/p/itm370bc665c0725,156160.5,3,0.03125,0,0
Samsung,Samsung Galaxy Book2 Pro EVO AMOLED,,,,Intel,Core i7 12th Gen 1260P,Core i7,,,,,,Integrated,,,,16,DDR5,,512,SSD,,15.6,,,,,,,Windows 11 Home,True,122999.0,149990.0,26991.0,122999.0,136494.5,149990.0,10,https://www.flipkart.com/samsung-galaxy-book2-pro-evo-amoled-intel-core-i7-12th-gen-1260p-16-gb-512-gb-ssd-windows-11-home-np950xed-ka1in-thin-light-laptop/p/itmf9bf3a55844bb,136494.5,3,0.03125,0,0
Acer,"Acer Aspire Lite with Backlit Keyboard,",,Aspire,,Intel,Core i5 12th Gen 1235U,Core i5,,,,,,Integrated,,,,16,DDR4,,512,SSD,,15.6,,,,,,,Windows 11,True,64900.0,69800.0,4900.0,64900.0,67350.0,69800.0,18,https://www.flipkart.com/acer-aspire-lite-backlit-keyboard-intel-core-i5-12th-gen-1235u-16-gb-512-gb-ssd-windows-11-home-al15-52-thin-light-laptop/p/itm1bc0bcb4598e7,67350.0,3,0.03125,0,0
Acer,Acer Aspire 3,Intel,Aspire,,Intel,Core 3 100U,,,,,,,Integrated,,,,8,DDR4,,512,SSD,,14.0,,,,,,,Windows 11 Home,True,49990.0,94999.0,45009.0,49990.0,72494.5,94999.0,16,https://www.flipkart.com/acer-aspire-3-i3-14th-gen-intel-core-100u-8-gb-512-gb-ssd-windows-11-home-a324-53-notebook/p/itmcc145dc1a3908,72494.5,3,0.015625,0,0
Acer,Acer Aspire 14,AS14-39,Aspire,,AMD,Ryzen 3 3200U,Ryzen 3,3.0,,,,,Integrated,,,,8,DDR4,,256,SSD,,14.0,,,,,,,Windows 11 Home,True,45990.0,51990.0,6000.0,45990.0,48990.0,51990.0,22,https://www.flipkart.com/acer-aspire-14-amd-ryzen-3-3200u-8-gb-256-gb-ssd-windows-11-home-as14-39-notebook/p/itmaaf97abbd3aef,48990.0,3,0.03125,0,0
Acer,Acer Aspire Lite,AL15-41,Aspire,,AMD,Ryzen 3 7330U,Ryzen 3,7.0,,,,,Integrated,,,,8,DDR4,,512,SSD,,15.6,,,,,,,Windows 11 Home,True,47419.0,58990.0,11571.0,47419.0,53204.5,58990.0,18,https://www.flipkart.com/acer-aspire-lite-amd-ryzen-3-7330u-8-gb-512-gb-ssd-windows-11-home-al15-41-notebook/p/itmd7a3885edd674,53204.5,3,0.015625,0,0
Acer,Acer Aspire 3,A311-45,Aspire,,AMD,Ryzen 3 Quad Core 7330U,Ryzen 3,7.0,,,,,Integrated,,,,8,DDR4,,512,SSD,,15.6,,,,,,,Windows 11 Home,True,46990.0,79990.0,33000.0,46990.0,63490.0,79990.0,8,https://www.flipkart.com/acer-aspire-3-amd-ryzen-quad-core-7330u-8-gb-512-gb-ssd-windows-11-home-a311-45-notebook/p/itm4aa124f53945a,63490.0,3,0.015625,0,0
Acer,Acer Aspire 3,A324-45,Aspire,,Intel,Celeron Dual Core N4500,,,,,,,Integrated,,,,12,LPDDR4X,,512,SSD,,14.0,,,,,,,Windows 11 Home,True,39500.0,40000.0,500.0,39500.0,39750.0,40000.0,16,https://www.flipkart.com/acer-aspire-3-intel-celeron-dual-core-n4500-12-gb-512-gb-ssd-windows-11-home-a324-45-thin-light-laptop/p/itmbbfe217e40d59,39750.0,3,0.0234375,0,0
Acer,Acer Aspire 3,A325-42,Aspire,,AMD,Ryzen 3 5400U,Ryzen 3,5.0,,,,,Integrated,,,,8,DDR4,,512,SSD,,15.6,,,,,,,Windows 11 Home,True,43999.0,52999.0,9000.0,43999.0,48499.0,52999.0,22,https://www.flipkart.com/acer-aspire-3-amd-ryzen-5400u-8-gb-512-gb-ssd-windows-11-home-a325-42-notebook/p/itma7d73828c7c3f,48499.0,3,0.015625,0,0
Acer,"Acer Aspire Lite Metal , Backlit Keyboard",,Aspire,2026.0,AMD,Ryzen 3 7330U,Ryzen 3,7.0,,,,,Integrated,,,,8,DDR4,,512,SSD,,15.6,,,,,,,Windows 11 Home,True,44990.0,69990.0,25000.0,44990.0,57490.0,69990.0,18,https://www.flipkart.com/acer-aspire-lite-metal-2026-backlit-keyboard-amd-ryzen-3-7330u-8-gb-512-gb-ssd-windows-11-home-al15-42-notebook/p/itm3896a4c2a0406,57490.0,3,0.015625,0,0
Acer,Acer One 14,A114-43,,,AMD,Ryzen 3 Quad Core 7320U,Ryzen 3,7.0,,,,,Integrated,,,,8,LPDDR5,,256,SSD,,14.0,,,,,,,Windows 11 Home,True,40790.0,55000.0,14210.0,40790.0,47895.0,55000.0,20,https://www.flipkart.com/acer-one-14-amd-ryzen-3-quad-core-7320u-8-gb-256-gb-ssd-windows-11-home-a114-43-thin-light-laptop/p/itm283f44123aab0,47895.0,3,0.03125,0,0
Acer,Acer Aspire 3,A325-42,Aspire,,AMD,Ryzen 3 5300U,Ryzen 3,5.0,,,,,Integrated,,,,8,DDR4,,256,SSD,,15.6,,,,,,,Windows 11 Home,True,40990.0,49990.0,9000.0,40990.0,45490.0,49990.0,16,https://www.flipkart.com/acer-aspire-3-amd-ryzen-5300u-8-gb-256-gb-ssd-windows-11-home-a325-42-notebook/p/itm0a8558b1e5a9d,45490.0,3,0.03125,0,0
Acer,Acer One 15,AO15-41M,,,AMD,Ryzen 3 Octa Core 7320U,Ryzen 3,7.0,,,,,Integrated,,,,8,LPDDR5,,256,SSD,,15.6,,,,,,,Windows 11 Home,True,42895.0,57500.0,14605.0,42895.0,50197.5,57500.0,10,https://www.flipkart.com/acer-one-15-amd-ryzen-3-octa-core-7320u-8-gb-256-gb-ssd-windows-11-home-ao15-41m-g2-notebook/p/itmd10ebd21ce9cc,50197.5,3,0.03125,0,0
Acer,Acer Aspire 3 with Infinity Learn NEET 2027 Capsule Course,,Aspire,2027.0,Intel,Celeron Dual Core N4500,,,,,,,Integrated,,,,8,LPDDR4X,,256,SSD,,15.6,,,,,,,Windows 11 Home,True,35990.0,69990.0,34000.0,35990.0,52990.0,69990.0,16,https://www.flipkart.com/acer-aspire-3-infinity-learn-neet-2027-capsule-course-intel-celeron-dual-core-n4500-8-gb-256-gb-ssd-windows-11-home-a325-45-notebook/p/itm0fe0a0d44010c,52990.0,3,0.03125,0,0
Acer,Acer Aspire One,A114-45,Aspire,,Intel,Celeron Dual Core N4500,,,,,,,Integrated,,,,12,LPDDR4X,,256,SSD,,14.0,,,,,,,Windows 11 Home,True,39591.0,44990.0,5399.0,39591.0,42290.5,44990.0,10,https://www.flipkart.com/acer-aspire-one-intel-celeron-dual-core-n4500-12-gb-256-gb-ssd-windows-11-home-a114-45-thin-light-laptop/p/itmce5b5e15ad48f,42290.5,3,0.046875,0,0
Acer,Acer Aspire One,A114-45,Aspire,,Intel,Celeron Dual Core N4500,,,,,,,Integrated,,,,12,LPDDR4X,,512,SSD,,14.0,,,,,,,Windows 11 Home,True,46499.0,59999.0,13500.0,46499.0,53249.0,59999.0,8,https://www.flipkart.com/acer-aspire-one-intel-celeron-dual-core-n4500-12-gb-512-gb-ssd-windows-11-home-a114-45-notebook/p/itmb80971f8b2c27,53249.0,3,0.0234375,0,0
Acer,Acer ‎Acer One 14,A114-43,,,AMD,Ryzen 3 Quad Core 7320U,Ryzen 3,7.0,,,,,Integrated,,,,8,LPDDR5,,512,SSD,,14.0,,,,,,,Windows 11 Home,True,51177.0,59999.0,8822.0,51177.0,55588.0,59999.0,16,https://www.flipkart.com/acer-acer-one-14-amd-ryzen-3-quad-core-7320u-8-gb-512-gb-ssd-windows-11-home-a114-43-thin-light-laptop/p/itm0178ff325b6f1,55588.0,3,0.015625,0,0
Acer,Acer Aspire Lite,AL15-41,Aspire,,AMD,Ryzen 3 Quad Core 5300U,Ryzen 3,5.0,,,,,Integrated,,,,16,DDR4,,512,SSD,,15.6,,,,,,,Windows 11 Home,True,55375.0,65990.0,10615.0,53479.0,57721.5,65990.0,16,https://www.flipkart.com/acer-aspire-lite-amd-ryzen-3-quad-core-5300u-16-gb-512-gb-ssd-windows-11-home-al15-41-thin-light-laptop/p/itm1bc0bcb4598e7,57721.5,3,0.03125,0,0
Acer,Acer Aspire Lite,AL15-41,Aspire,,AMD,Ryzen 3 Quad Core 7330U,Ryzen 3,7.0,,,,,Integrated,,,,16,DDR4,,512,SSD,,15.6,,,,,,,Windows 11 Home,True,60124.0,63990.0,3866.0,60124.0,62057.0,63990.0,12,https://www.flipkart.com/acer-aspire-lite-amd-ryzen-3-quad-core-7330u-16-gb-512-gb-ssd-windows-11-home-al15-41-thin-light-laptop/p/itm1bc0bcb4598e7,62057.0,3,0.03125,0,0
Acer,Acer Travellite,TL04-41M,,,AMD,Ryzen 3 Octa Core 5400U,Ryzen 3,5.0,,,,,Integrated,,,,8,DDR4,,512,SSD,,14.0,,,,,,,Windows 11 Home,True,44490.0,65000.0,20510.0,44490.0,54745.0,65000.0,8,https://www.flipkart.com/acer-travellite-amd-ryzen-3-octa-core-5400u-8-gb-512-gb-ssd-windows-11-home-tl04-41m-notebook/p/itmac1a6d5209d87,54745.0,3,0.015625,0,0
Acer,Acer Aspire 3,A324-53,Aspire,,Intel,Core i3 13th Gen 1305U,Core i3,,,,,,Integrated,,,,8,DDR4,,512,SSD,,14.0,,,,,,,Windows 11 Home,True,52650.0,65999.0,13349.0,52650.0,59324.5,65999.0,10,https://www.flipkart.com/acer-aspire-3-intel-core-i3-13th-gen-1305u-8-gb-512-gb-ssd-windows-11-home-a324-53-thin-light-laptop/p/itma6a6812aa712e,59324.5,3,0.015625,0,0
Acer,Acer Aspire 3,A325-42,Aspire,,AMD,Ryzen 3 5400U,Ryzen 3,5.0,,,,,Integrated,,,,8,DDR4,,256,SSD,,15.6,,,,,,,Windows 11 Home,True,40990.0,59990.0,19000.0,40990.0,50490.0,59990.0,6,https://www.flipkart.com/acer-aspire-3-amd-ryzen-5400u-8-gb-256-gb-ssd-windows-11-home-a325-42-thin-light-laptop/p/itm7acff1863265f,50490.0,3,0.03125,0,0
Acer,Acer Aspire 3,A325-45,Aspire,,Intel,Celeron Dual Core N4500,,,,,,,Integrated,,,,8,LPDDR4X,,512,SSD,,15.6,,,,,,,Windows 11 Home,True,42864.0,46999.0,4135.0,42864.0,44931.5,46999.0,10,https://www.flipkart.com/acer-aspire-3-intel-celeron-dual-core-n4500-8-gb-512-gb-ssd-windows-11-home-a325-45-thin-light-laptop/p/itm9ca67a1a3ea22,44931.5,3,0.015625,0,0
MSI,MSI Modern 15,Modern,,,Intel,Core i5 12th Gen 1235U,Core i5,,,,,,Integrated,,,,16,DDR4,,512,SSD,,15.6,,,,,,,Windows 11 Home,True,77274.0,78990.0,1716.0,77274.0,78132.0,78990.0,10,https://www.flipkart.com/msi-modern-15-intel-core-i5-12th-gen-1235u-16-gb-512-gb-ssd-windows-11-home-b12mo-thin-light-laptop/p/itm60c14709fdf3b,78132.0,3,0.03125,0,0
MSI,MSI Prestige 16 Evo AI PC,Prestige,,,Intel,Core Ultra 7 155H,Core Ultra 7,1.0,,,,,Integrated,,,,16,LPDDR5,,1024,SSD,,16.0,,,,,,,Windows 11 Home,True,99990.0,134990.0,35000.0,99990.0,117490.0,134990.0,12,https://www.flipkart.com/msi-prestige-16-evo-ai-pc-intel-core-ultra-7-155h-16-gb-1-tb-ssd-windows-11-home-b1mg-thin-light-laptop/p/itm4d200daec4a57,117490.0,3,0.015625,0,0
MSI,MSI Intel Core i7 12th Gen 12650H,,,,Intel,Core i7 12th Gen 12650H,Core i7,12.0,,,,,Integrated,,,,16,DDR4,,512,SSD,,15.6,,,,,,,Windows 11 Home,True,101365.0,111999.0,10634.0,101365.0,106682.0,111999.0,12,https://www.flipkart.com/msi-intel-core-i7-12th-gen-12650h-16-gb-512-gb-ssd-windows-11-home-4-graphics-nvidia-geforce-rtx-2050-thin-15-b12ucx-2242in-gaming-laptop/p/itm92d046ef51211,106682.0,4,0.03125,0,0
MSI,MSI Prestige 14,Prest,,,Intel,Core i7 10th Gen 10510U,Core i7,10.0,,,,,Integrated,,,,16,DDR4,,512,SSD,,14.0,,,,,,,Windows 10,True,109690.0,123990.0,14300.0,109690.0,116840.0,123990.0,8,https://www.flipkart.com/msi-prestige-14-intel-core-i7-10th-gen-10510u-16-gb-512-gb-ssd-windows-10-home-2-graphics-a10ras-097in-thin-light-laptop/p/itme7650c02f7893,116840.0,3,0.03125,0,0
MSI,MSI Katana 15 HX B14,,,,Intel,Core i5 14450HX,Core i5,14.0,,,,,Integrated,,,,16,DDR5,,512,SSD,,15.6,,,,,,,Windows 11 Home,True,135000.0,148990.0,13990.0,135000.0,141995.0,148990.0,6,https://www.flipkart.com/msi-katana-15-hx-b14-intel-core-i5-14450hx-16-gb-512-gb-ssd-windows-11-home-8-graphics-nvidia-geforce-rtx-5050-144-hz-b14wek-438in-gaming-laptop/p/itm5380113e27259,141995.0,3,0.03125,0,1
Samsung,Samsung Galaxy Book4 Metal,NP750XGJ-L,,,Intel,Core i3 13th Gen 1315U,Core i3,,,,,,Integrated,,,,8,LPDDR4X,,512,SSD,,15.6,,,,,,,Windows 11 Home,True,51990.0,57499.0,5509.0,51990.0,54744.5,57499.0,20,https://www.flipkart.com/samsung-galaxy-book4-metal-intel-core-i3-13th-gen-1315u-8-gb-512-gb-ssd-windows-11-home-np750xgj-lg9in-thin-light-laptop/p/itmc29d559898e6f,54744.5,3,0.015625,0,0
ASUS,ASUS ExpertBook P1 with 1 Yr ADP,Intel,ExpertBook,,Intel,Core 5 210H,,,,,,,Integrated,,,,32,DDR5,,512,SSD,,15.6,,,,,,,Windows 11 Home,True,88990.0,114990.0,26000.0,88990.0,101990.0,114990.0,42,https://www.flipkart.com/asus-expertbook-p1-1-yr-adp-i5-14th-gen-intel-core-5-210h-32-gb-512-gb-ssd-windows-11-home-p1503cva-s72288ws-laptop/p/itm30538466342b3,101990.0,3,0.0625,0,0
HP,HP Laptop,15-fd0129TU,,,Intel,Core i3 13th Gen 1315U,Core i3,,,,,,Integrated,,,,8,DDR4,,512,SSD,,15.6,,,,,,,Windows 11 Home,True,57890.0,59999.0,2109.0,57890.0,58944.5,59999.0,8,https://www.flipkart.com/hp-laptop-intel-core-i3-13th-gen-1315u-8-gb-512-gb-ssd-windows-11-home-15-fd0129tu-15-fd0568tu-thin-light/p/itmcf7c16556a324,58944.5,3,0.015625,0,0
HP,HP 15 with MSO'2024,15-fc0025AU,,2024.0,AMD,Ryzen 3 Quad Core 7320U,Ryzen 3,7.0,,,,,Integrated,,,,8,DDR4,,512,SSD,,15.6,,,,,,,Windows 11 Home,True,51980.0,56913.0,4933.0,51980.0,54395.83,56913.0,6,https://www.flipkart.com/hp-15-mso-2024-amd-ryzen-3-quad-core-7320u-8-gb-512-gb-ssd-windows-11-home-15-fc0025au-15-fc0500au-thin-light-laptop/p/itm3f21e9fdfc42f,54395.83,3,0.015625,0,0
HP,HP 250R G10,Intel,,2025.0,Intel,Core 3 14th Gen 100U,,,,,,,Integrated,,,,8,DDR4,,512,SSD,,15.6,,,,,,,Windows 11 Home,True,53935.0,66990.0,13055.0,53935.0,61226.25,69990.0,24,https://www.flipkart.com/hp-250r-g10-2025-i3-14th-gen-intel-core-3-gen-100u-8-gb-512-gb-ssd-windows-11-home-thin-light-laptop/p/itmd5c1ce605db95,61226.25,3,0.015625,0,0
HP,HP Professional,240,,,Intel,Core i5 13th Gen 1334U,Core i5,,,,,,Integrated,,,,16,DDR4,,1024,SSD,,14.0,,,,,,,Windows 11 Pro,True,84990.0,86990.0,2000.0,84990.0,85990.0,86990.0,12,https://www.flipkart.com/hp-professional-intel-core-i5-13th-gen-1334u-16-gb-1-tb-ssd-windows-11-pro-240-g10-notebook/p/itmf5438070b97db,85990.0,3,0.015625,0,0
HP,"HP Professional 14,",240,,,Intel,Core i5 13th Gen 1334U,Core i5,,,,,,Integrated,,,,16,DDR5,,512,SSD,,14.0,,,,,,,Windows 11 Pro,True,82999.0,99990.0,16991.0,82999.0,91494.5,99990.0,10,https://www.flipkart.com/hp-professional-14-intel-core-i5-13th-gen-1334u-16-gb-512-gb-ssd-windows-11-pro-240-g10-thin-light-laptop/p/itm84e8fe2d61b08,91494.5,3,0.03125,0,0
HP,HP 15,15-fc0805AU,,2024.0,AMD,Ryzen 5 Quad Core 7520U,Ryzen 5,7.0,,,,,Integrated,,,,8,DDR5,,512,SSD,,15.6,,,,,,,Windows 11 Home,True,61754.0,87179.0,25425.0,61754.0,74466.5,87179.0,10,https://www.flipkart.com/hp-15-amd-ryzen-5-quad-core-7520u-8-gb-512-gb-ssd-windows-11-home-15-fc0805au-thin-light-laptop/p/itm044828973e180,74466.5,3,0.015625,0,0
HP,HP 15s,15s-eq2143au,,,AMD,Ryzen 3 Quad Core 5300U,Ryzen 3,5.0,,,,,Integrated,,,,8,DDR4,,512,SSD,,15.6,,,,,,,Windows 11 Home,True,52900.0,57737.0,4837.0,52900.0,54721.5,57737.0,8,https://www.flipkart.com/hp-15s-amd-ryzen-3-quad-core-5300u-8-gb-512-gb-ssd-windows-11-home-15s-eq2143au-thin-light-laptop/p/itm59e288d010cef,54721.5,3,0.015625,0,0
HP,HP {2026},255R,,2026.0,AMD,Ryzen 5 Hexa Core 7535U,Ryzen 5,7.0,,,,,Integrated,,,,8,DDR5,,512,SSD,,15.6,,,,,,,Windows 11 Home,True,59900.0,69999.0,10099.0,59900.0,64949.5,69999.0,14,https://www.flipkart.com/hp-2026-amd-ryzen-5-hexa-core-7535u-8-gb-512-gb-ssd-windows-11-home-255r-g10-laptop/p/itm1f7ad53b95048,64949.5,3,0.015625,0,0
HP,HP 15s,15s-fq5007TU,,2021.0,Intel,Core i3 12th Gen 1215U,Core i3,,,,,,Integrated,,,,8,DDR4,,512,SSD,,15.6,,,,,,,Windows 11 Home,True,54900.0,59260.0,4360.0,54900.0,57989.75,59909.0,4,https://www.flipkart.com/hp-15s-intel-core-i3-12th-gen-1215u-8-gb-512-gb-ssd-windows-11-home-15s-fq5007tu-thin-light-laptop/p/itmd2ff5362367f2,57989.75,3,0.015625,0,0
HP,HP 15,AMD,,2025.0,AMD,Ryzen 3 Quad Core 7320U,Ryzen 3,7.0,,,,,Integrated,,,,16,LPDDR5,,512,SSD,,15.6,,,,,,,Windows 11 Home,True,60399.0,68990.0,8591.0,60399.0,64694.5,68990.0,8,https://www.flipkart.com/hp-15-2025-amd-ryzen-3-quad-core-7320u-16-gb-512-gb-ssd-windows-11-home-thin-light-laptop/p/itm21a0e5d4cf930,64694.5,3,0.03125,0,0
HP,HP 15,15-fd0262TU,,2024.0,Intel,Core 5 120U,,,,,,,Integrated,,,,24,DDR5,,512,SSD,,15.6,,,,,,,Windows 11 Home,True,82990.0,132489.0,49499.0,82990.0,107739.5,132489.0,8,https://www.flipkart.com/hp-15-intel-core-5-120u-24-gb-512-gb-ssd-windows-11-home-15-fd0262tu-thin-light-laptop/p/itm027a3317f4ff9,107739.5,3,0.046875,0,0
HP,HP Omnibook 5 2K OLED,16-fb0001QU,,2024.0,Qualcomm,Snapdragon X -,Snapdragon X,,,,,,Integrated,,,,16,LPDDR5X,,1024,SSD,,16.0,,OLED,,,,,Windows 11 Home,True,79900.0,105299.0,25399.0,79900.0,92599.5,105299.0,10,https://www.flipkart.com/hp-omnibook-5-2k-oled-snapdragon-x-16-gb-1-tb-ssd-windows-11-home-16-fb0001qu-thin-light-laptop/p/itmb3931d2ae1ddf,92599.5,3,0.015625,0,0
HP,HP Victus,Intel,Victus,,Intel,Core 5 120U,,,,,,,Integrated,,,,16,DDR4,,512,SSD,,15.6,,,,,,,Windows 11 Home,True,81160.0,82900.0,1740.0,74999.0,79281.4,82900.0,10,https://www.flipkart.com/hp-victus-i5-14th-gen-intel-core-5-120u-16-gb-512-gb-ssd-windows-11-home-15-fd1097tu-thin-light-laptop/p/itm6fde2b6452d54,79281.4,3,0.03125,0,1
HP,HP 14s,14s-fq1030AU,,,AMD,Ryzen 5 Hexa Core 5500U,Ryzen 5,5.0,,,,,Integrated,,,,8,DDR4,,512,SSD,,14.0,,,,,,,Windows 10,True,55750.0,66162.0,10412.0,55750.0,60956.0,66162.0,8,https://www.flipkart.com/hp-14s-amd-ryzen-5-hexa-core-5500u-8-gb-512-gb-ssd-windows-10-home-14s-fq1030au-thin-light-laptop/p/itm9760b8956b2bd,60956.0,3,0.015625,0,0
HP,HP 14s,14s,,,Intel,Core i3 12th Gen 1215U,Core i3,,,,,,Integrated,,,,8,DDR4,,512,SSD,,14.0,,,,,,,Windows 11 Home,True,57690.0,59990.0,2300.0,57690.0,58783.8,59990.0,10,https://www.flipkart.com/hp-14s-intel-core-i3-12th-gen-1215u-8-gb-512-gb-ssd-windows-11-home-dy5008tu-thin-light-laptop/p/itm9643034ac6cf7,58783.8,3,0.015625,0,0
HP,HP Omnibook 5 2K OLED,Omnibook,,2024.0,Qualcomm,Snapdragon X -,Snapdragon X,,,,,,Integrated,,,,16,LPDDR5X,,512,SSD,,14.0,,OLED,,,,,Windows 11 Home,True,91155.0,144065.0,52910.0,71690.0,102133.92,144065.0,12,https://www.flipkart.com/hp-omnibook-5-2k-oled-snapdragon-x-16-gb-512-gb-ssd-windows-11-home-14-he0014qu-thin-light-laptop/p/itm574fc09a43a4a,102133.92,3,0.03125,0,0
HP,HP 15 with Office 2024,15-FD0883TU,,2024.0,Intel,Core 3 14th Gen 100U,,,,,,,Integrated,,,,8,DDR5,,512,SSD,,15.6,,,,,,,Windows 11 Home,True,56990.0,81662.0,24672.0,56990.0,69326.0,81662.0,6,https://www.flipkart.com/hp-15-office-2024-intel-core-3-14th-gen-100u-8-gb-512-gb-ssd-windows-11-home-15-fd0883tu-laptop/p/itmc40f050c45530,69326.0,3,0.015625,0,0
HP,HP Victus,,Victus,,Intel,Core i5 12th Gen 12450H,Core i5,12.0,,,,,Integrated,,,,16,DDR4,,512,SSD,,15.6,,,,,,,Windows 11 Home,True,96481.0,99900.0,3419.0,89990.0,98808.23,111999.0,30,https://www.flipkart.com/hp-victus-intel-core-i5-12th-gen-12450h-16-gb-512-gb-ssd-windows-11-home-4-graphics-nvidia-geforce-rtx-3050-15-fa0666tx-gaming-laptop/p/itm236b5aaa84afc,98808.23,3,0.03125,0,1
HP,HP Victus,,Victus,2024.0,AMD,Ryzen 7 7445HS,Ryzen 7,7.0,,,NVIDIA,NVIDIA GeForce RTX 4050,Discrete,,,,16,DDR5,,512,SSD,,15.6,,,,,,,Windows 11 Home,True,114999.0,134990.0,19991.0,114999.0,124994.5,134990.0,10,https://www.flipkart.com/hp-victus-amd-ryzen-7-7445hs-16-gb-512-gb-ssd-windows-11-home-6-graphics-nvidia-geforce-rtx-4050-144-hz-15-fb3118ax-gaming-laptop/p/itm4485427971e99,124994.5,3,0.03125,0,1
HP,HP Victus,Intel,Victus,2024.0,Intel,Core 5 210,,,,,,,Integrated,,,,24,DDR5,,512,SSD,,15.6,,,,,,,Windows 11 Home,True,111990.0,171168.0,59178.0,111990.0,141579.0,171168.0,14,https://www.flipkart.com/hp-victus-i5-14th-gen-intel-core-5-210-h-24-gb-512-gb-ssd-windows-11-home-6-graphics-nvidia-geforce-rtx-3050-15-fa2556tx-gaming-laptop/p/itm5114b22280c2d,141579.0,3,0.046875,0,1
HP,HP Victus,FB01,Victus,,AMD,Ryzen 5 5600H,Ryzen 5,5.0,,,AMD,AMD Radeon RX 6500M,Discrete,,,,8,DDR4,,512,SSD,,15.6,,,,,,,Windows 11 Home,True,75920.0,82990.0,7070.0,75920.0,79455.0,82990.0,14,https://www.flipkart.com/hp-victus-amd-ryzen-5-5600h-8-gb-512-gb-ssd-windows-11-home-4-graphics-amd-radeon-rx-6500m-fb0184ax-gaming-laptop/p/itm9687851e16cba,79455.0,3,0.015625,0,1
HP,HP Victus,,Victus,,Intel,Core i7 13th Gen 13620H,Core i7,13.0,,,,,Integrated,,,,24,DDR5,,1024,SSD,,15.6,,,,,,,Windows 11 Home,True,149990.0,189990.0,40000.0,149990.0,169990.0,189990.0,14,https://www.flipkart.com/hp-victus-intel-core-i7-13th-gen-13620h-24-gb-1-tb-ssd-windows-11-home-8-gb-graphics-nvidia-geforce-rtx-5050-144-hz-15-fa2309tx-gaming-laptop/p/itme5665ac2bd4e4,169990.0,3,0.0234375,0,1
HP,HP Victus 15,,Victus,,Intel,Core i5 12th Gen 12450H,Core i5,12.0,,,,,Integrated,,,,8,DDR4,,512,SSD,,15.6,,,,,,,Windows 11 Home,True,85656.0,95990.0,10334.0,85656.0,90823.0,95990.0,8,https://www.flipkart.com/hp-victus-15-intel-core-i5-12th-gen-12450h-8-gb-512-gb-ssd-windows-11-home-4-graphics-nvidia-geforce-gtx-1650-144-hz-15-fa0070tx-gaming-laptop/p/itm08528d71de97a,90823.0,3,0.015625,0,1
HP,HP Victus,,Victus,,AMD,Ryzen 7 Hexa Core 7445H,Ryzen 7,7.0,,,,,Integrated,,,,16,DDR5,,512,SSD,,15.6,,,,,,,Windows 11 Home,True,104990.0,109990.0,5000.0,104990.0,107490.0,109990.0,6,https://www.flipkart.com/hp-victus-amd-ryzen-7-hexa-core-7445h-16-gb-512-gb-ssd-windows-11-home-4-graphics-nvidia-geforce-rtx-2050-15-fb3189ax-gaming-laptop/p/itm0b3058f1eb408,107490.0,3,0.03125,0,1
HP,HP Victus,,Victus,,Intel,Core i7 12th Gen 12650H,Core i7,12.0,,,,,Integrated,,,,8,DDR4,,512,SSD,,15.6,,,,,,,Windows 11 Home,True,100515.0,109990.0,9475.0,100515.0,105252.5,109990.0,10,https://www.flipkart.com/hp-victus-intel-core-i7-12th-gen-12650h-8-gb-512-gb-ssd-windows-11-home-4-graphics-nvidia-geforce-rtx-3050-144-hz-15-fa0073tx-gaming-laptop/p/itm944e378eaed68,105252.5,3,0.015625,0,1
HP,HP Victus,,Victus,,Intel,Core i5 12th Gen 12450H,Core i5,12.0,,,,,Integrated,,,,8,DDR4,,512,SSD,,15.6,,,,,,,Windows 11 Pro,True,94990.0,105000.0,10010.0,89990.0,98923.57,105000.0,14,https://www.flipkart.com/hp-victus-intel-core-i5-12th-gen-12450h-8-gb-512-gb-ssd-windows-11-pro-4-graphics-nvidia-geforce-rtx-2050-15-fa1312tx-gaming-laptop/p/itm3ef6fdacff19e,98923.57,3,0.015625,0,1
HP,HP Victus,,Victus,,Intel,Core i5 12th Gen 12450H,Core i5,12.0,,,,,Integrated,,,,16,DDR4,,1024,SSD,,15.6,,,,,,,Windows 11 Home,True,94990.0,105000.0,10010.0,94990.0,99995.0,105000.0,18,https://www.flipkart.com/hp-victus-intel-core-i5-12th-gen-12450h-16-gb-1-tb-ssd-windows-11-home-4-gb-graphics-nvidia-geforce-rtx-3050a-15-fa1388tx-gaming-laptop/p/itm9c378a535906f,99995.0,3,0.015625,0,1
HP,HP Victus 15,,Victus,,AMD,Ryzen 7 Octa Core 5800H,Ryzen 7,5.0,,,,,Integrated,,,,16,DDR4,,512,SSD,,15.6,,,,,,,Windows 11 Home,True,114590.0,120990.0,6400.0,114590.0,117790.0,120990.0,6,https://www.flipkart.com/hp-victus-15-amd-ryzen-7-octa-core-5800h-16-gb-512-gb-ssd-windows-11-home-4-graphics-nvidia-geforce-rtx-3050-15-fb0107ax-gaming-laptop/p/itm236b5aaa84afc,117790.0,3,0.03125,0,1
HP,HP Victus,,Victus,,AMD,Ryzen 7 Octa Core 5800H,Ryzen 7,5.0,,,,,Integrated,,,,16,DDR4,,512,SSD,,15.6,,,,,,,Windows 11 Home,True,110990.0,120000.0,9010.0,110990.0,115495.0,120000.0,10,https://www.flipkart.com/hp-victus-amd-ryzen-7-octa-core-5800h-16-gb-512-gb-ssd-windows-11-home-4-graphics-nvidia-geforce-rtx-3050-15-fb0053ax-gaming-laptop/p/itm86ca62161fd3f,115495.0,3,0.03125,0,1
ASUS,ASUS TUF Gaming F17,,TUF Gaming,,Intel,Core i5 11th Gen 11400H,Core i5,11.0,,,,,Integrated,,,,16,DDR4,,512,SSD,,17.3,,,,,,,Windows 11,True,50990.0,85990.0,35000.0,50990.0,68490.0,85990.0,20,https://www.flipkart.com/asus-tuf-gaming-f17-ai-powered-intel-core-i5-11th-gen-11400h-16-gb-512-gb-ssd-windows-11-home-4-graphics-nvidia-geforce-rtx-2050-165-hz-70-w-fx706hf-ny040w-laptop/p/itm5b135cad5c8a9,68490.0,3,0.03125,0,1
HP,HP 15s,15s-fq2671TU,,,Intel,Core i3 11th Gen 1115G,Core i3,,,,,,Integrated,,,,8,DDR4,,512,SSD,,15.6,,,,,,,Windows 11 Home,True,57990.0,59834.0,1844.0,57690.0,58889.5,59999.0,6,https://www.flipkart.com/hp-15s-intel-core-i3-11th-gen-1115g4-8-gb-512-gb-ssd-windows-11-home-15s-fq2671tu-thin-light-laptop/p/itm87114c2927ec1,58889.5,3,0.015625,0,0
ASUS,"ASUS Vivobook 15 with MSO 2024 + M365 Basic*, Backlit Keyboard,",,Vivobook,2025.0,Intel,Core 5 120U,,,,,,,Integrated,,,,8,DDR4,,512,SSD,,15.6,,,,,,,Windows 11 Home,True,69990.0,75990.0,6000.0,69990.0,72990.0,75990.0,4,https://www.flipkart.com/asus-vivobook-15-2025-i5-14th-gen-mso-2024-m365-basic-backlit-keyboard-intel-core-5-120u-8-gb-512-gb-ssd-windows-11-home-x1504vap-nj2863ws-thin-light-laptop/p/itm902b318e63962,72990.0,5,0.015625,0,0
Lenovo,Lenovo LOQ,,LOQ,,AMD,Ryzen 5 Quad Core 7235HS,Ryzen 5,7.0,,,,,Integrated,,,,24,DDR5,,512,SSD,,15.6,,,,,,,Windows 11 Home,True,100190.0,102990.0,2800.0,100190.0,101590.0,102990.0,10,https://www.flipkart.com/lenovo-loq-amd-ryzen-5-quad-core-7235hs-24-gb-512-gb-ssd-windows-11-home-6-graphics-nvidia-geforce-rtx-3050-144-hz-95-w-15arp9-gaming-laptop/p/itmd3fbbdced2d6b,101590.0,3,0.046875,0,1
Lenovo,Lenovo LOQ,,LOQ,2024.0,Intel,Core i7 13th Gen 13645HX,Core i7,13.0,,,,,Integrated,,,,16,DDR5,,1024,SSD,,15.6,,,,,,,Windows 11 Home,True,177990.0,197290.0,19300.0,177990.0,187640.0,197290.0,10,https://www.flipkart.com/lenovo-loq-intel-core-i7-13th-gen-13645hx-16-gb-1-tb-ssd-windows-11-home-8-gb-graphics-nvidia-geforce-rtx-5050-15irx10-gaming-laptop/p/itm6237d27fd02f9,187640.0,3,0.015625,0,1
Lenovo,Lenovo LOQ,,LOQ,2024.0,Intel,Core i7 13th Gen 13650HX,Core i7,13.0,,,,,Integrated,,,,16,DDR5,,1024,SSD,,15.6,,,,,,,Windows 11 Home,True,187990.0,269890.0,81900.0,187990.0,228940.0,269890.0,24,https://www.flipkart.com/lenovo-loq-intel-core-i7-13th-gen-13650hx-16-gb-1-tb-ssd-windows-11-home-8-gb-graphics-nvidia-geforce-rtx-5060-15irx10-gaming-laptop/p/itm925bbd4318d74,228940.0,3,0.015625,0,1
Lenovo,Lenovo LOQ 2025,,LOQ,2025.0,Intel,Core i7 13th Gen 13645HX,Core i7,13.0,,,,,Integrated,,,,16,DDR5,,1024,SSD,,15.6,,,,,,,Windows 11 Home,True,177990.0,320290.0,142300.0,177990.0,249140.0,320290.0,14,https://www.flipkart.com/lenovo-loq-2025-intel-core-i7-13th-gen-13645hx-16-gb-1-tb-ssd-windows-11-home-8-gb-graphics-nvidia-geforce-rtx-5050-15irx10-gaming-laptop/p/itmb534cc031e416,249140.0,3,0.015625,0,1
Lenovo,Lenovo Legion 5 WQXGA OLED,,Legion,,Intel,Core Ultra 7 255,Core Ultra 7,1.0,,,,,Integrated,,,,32,DDR5,,1024,SSD,,15.1,,OLED,,,,,Windows 11 Home,True,223644.0,260999.0,37355.0,223644.0,242321.5,260999.0,8,https://www.flipkart.com/lenovo-legion-5-wqxga-oled-intel-core-ultra-7-255-hx-32-gb-1-tb-ssd-windows-11-home-8-gb-graphics-nvidia-geforce-rtx-5060-15iax10-gaming-laptop/p/itm5380aeb5644c6,242321.5,3,0.03125,0,1
Lenovo,Lenovo,83GUA052IG,,,Intel,Core i5 13th Gen 13420H,Core i5,13.0,,,,,Integrated,,,,8,DDR5,,512,SSD,,14.0,,,,,,,Windows 11 Home,True,64107.0,72990.0,8883.0,64107.0,68548.5,72990.0,20,https://www.flipkart.com/lenovo-intel-core-i5-13th-gen-13420h-8-gb-512-gb-ssd-windows-11-home-83gua052ig-laptop/p/itm4c092eb88b63f,68548.5,3,0.015625,0,0
Lenovo,Lenovo IdeaPad Slim 3 Backlit Keyboard with MSO'2024,,IdeaPad,2024.0,Intel,Core i5 13th Gen 13420H,Core i5,13.0,,,,,Integrated,,,,16,DDR5,,512,SSD,,15.3,,,,,,,Windows 11 Home,True,73000.0,95000.0,22000.0,73000.0,84000.0,95000.0,8,https://www.flipkart.com/lenovo-ideapad-slim-3-backlit-keyboard-mso-2024-intel-core-i5-13th-gen-13420h-16-gb-512-gb-ssd-windows-11-home-15irh10-thin-light-laptop/p/itm2a90980ab87ad,84000.0,3,0.03125,0,0
Acer,Acer Predator Helios 16,,Predator,,Intel,Core i9 14th Gen 14900HX,Core i9,14.0,,,,,Integrated,,,,16,DDR5,,1024,SSD,,16.0,,,,,,,Windows 11 Home,True,201999.0,219990.0,17991.0,201999.0,210994.5,219990.0,16,https://www.flipkart.com/acer-predator-helios-16-intel-core-i9-14th-gen-14900hx-16-gb-1-tb-ssd-windows-11-home-8-gb-graphics-nvidia-geforce-rtx-4070-ph16-72-gaming-laptop/p/itm34f68c296ce65,210994.5,3,0.015625,0,1
ASUS,ASUS ExpertBook P5 with Full Metal AI PC with 1 Yr ADP,,ExpertBook,2024.0,Intel,Core Ultra 7 258V,Core Ultra 7,2.0,,,,,Integrated,,,,32,LPDDR5X,,1024,SSD,,14.0,,,,,,,Windows 11 Home,True,138990.0,184990.0,46000.0,138990.0,161990.0,184990.0,8,https://www.flipkart.com/asus-expertbook-p5-full-metal-ai-pc-1-yr-adp-intel-core-ultra-7-258v-32-gb-1-tb-ssd-windows-11-home-p5405csa-nz0215ws-thin-light-laptop/p/itm9a04cfff0490d,161990.0,3,0.03125,0,0
Acer,Acer Swift Neo Office 2024 + M365 Basic,UN,Swift,2024.0,Intel,Core Ultra 5 115U,Core Ultra 5,1.0,,,,,Integrated,,,,16,LPDDR5,,1024,SSD,,14.0,,,,,,,Windows 11 Home,True,85990.0,89999.0,4009.0,85990.0,87994.5,89999.0,2,https://www.flipkart.com/acer-swift-neo-office-2024-m365-basic-intel-core-ultra-5-115u-16-gb-1-tb-ssd-windows-11-home-un-35gsi-007-thin-light-laptop/p/itm9e55de1a60bc0,87994.5,5,0.015625,0,0
Lenovo,Lenovo ThinkPad E14,TP,ThinkPad,,Intel,Core i5 12th Gen 1235U,Core i5,,,,,,Integrated,,,,16,DDR4,,1024,SSD,,14.0,,,,,,,Windows 11 Home,True,121068.0,125000.0,3932.0,121068.0,123034.0,125000.0,12,https://www.flipkart.com/lenovo-thinkpad-e14-intel-core-i5-12th-gen-1235u-16-gb-1-tb-ssd-windows-11-home-tp-4-thin-light-laptop/p/itm3d17489527341,123034.0,3,0.015625,0,0
Lenovo,Lenovo ThinkBook 14 G6,,,,Intel,Core i3 13th Gen 1315U,Core i3,,,,,,Integrated,,,,8,DDR5,,512,SSD,,14.0,,,,,,,Windows 11 Home,True,53500.0,99999.0,46499.0,53500.0,75916.33,99999.0,12,https://www.flipkart.com/lenovo-thinkbook-14-g6-intel-core-i3-13th-gen-1315u-8-gb-512-gb-ssd-windows-11-home-thinkbook-thin-light-laptop/p/itm589529ec81a9f,75916.33,3,0.015625,0,0
Lenovo,Lenovo,ThinkBook,,,AMD,Ryzen 3 Quad Core 7330U,Ryzen 3,7.0,,,,,Integrated,,,,8,DDR4,,512,SSD,,15.6,,,,,,,Windows 11 Home,True,54771.0,61200.0,6429.0,54771.0,57985.5,61200.0,8,https://www.flipkart.com/lenovo-amd-ryzen-3-quad-core-7330u-8-gb-512-gb-ssd-windows-11-home-thinkbook-15-g5-thin-light-laptop/p/itm3138a03a4b1a2,57985.5,3,0.015625,0,0
ASUS,ASUS Vivobook 15,X1504ZA-NJ321WS,Vivobook,,Intel,Core i3 12th Gen 1215U,Core i3,,,,,,Integrated,,,,8,DDR4,,512,SSD,,15.6,,,,,,,Windows 11 Home,True,35990.0,54990.0,19000.0,35990.0,45490.0,54990.0,14,https://www.flipkart.com/asus-vivobook-15-intel-core-i3-12th-gen-1215u-8-gb-512-gb-ssd-windows-11-home-x1504za-nj321ws-thin-light-laptop/p/itmbe5bbf6a5168b,45490.0,3,0.015625,0,0
ASUS,ASUS Vivobook 15,X515EA-EJ312W,Vivobook,,Intel,Core i3 11th Gen 1115G,Core i3,,,,,,Integrated,,,,8,DDR4,,256,SSD,,15.6,,,,,,,Windows 11 Home,True,28990.0,44990.0,16000.0,28990.0,36990.0,44990.0,12,https://www.flipkart.com/asus-vivobook-15-intel-core-i3-11th-gen-1115g4-8-gb-256-gb-ssd-windows-11-home-x515ea-ej312w-thin-light-laptop/p/itm7aa1836156b37,36990.0,3,0.03125,0,0
ASUS,ASUS Vivobook 15 with Office 2024 + M365 Basic*,,Vivobook,2025.0,Intel,Core i3 13th Gen,Core i3,,,,,,Integrated,,,,8,DDR5,,512,SSD,,15.6,,,,,,,Windows 11 Home,True,50990.0,75990.0,25000.0,50990.0,63490.0,75990.0,18,https://www.flipkart.com/asus-vivobook-15-2025-office-2024-m365-basic-intel-core-i3-13th-gen-8-gb-512-gb-ssd-windows-11-home-x1504va-d5321ws-thin-light-laptop/p/itma044347a6922b,63490.0,5,0.015625,0,0
ASUS,"ASUS Vivobook 15, Backlit Keyboard,",,Vivobook,2024.0,Intel,Core i3 13th Gen 1315U,Core i3,,,,,,Integrated,,,,12,DDR4,,512,SSD,,15.6,,,,,,,Windows 11 Home,True,52990.0,77990.0,25000.0,52990.0,65490.0,77990.0,12,https://www.flipkart.com/asus-vivobook-15-backlit-keyboard-intel-core-i3-13th-gen-1315u-12-gb-512-gb-ssd-windows-11-home-x1504va-bq331ws-laptop/p/itma48fa4387703b,65490.0,3,0.0234375,0,0
ASUS,ASUS Vivobook 15,X1504ZA-NJ521WS,Vivobook,,Intel,Core i5 12th Gen 1235U,Core i5,,,,,,Integrated,,,,8,DDR4,,512,SSD,,15.6,,,,,,,Windows 11 Home,True,46990.0,69990.0,23000.0,46990.0,58490.0,69990.0,6,https://www.flipkart.com/asus-vivobook-15-intel-core-i5-12th-gen-1235u-8-gb-512-gb-ssd-windows-11-home-x1504za-nj521ws-x1504za-nj520ws-x1504za-nj528ws-thin-light-laptop/p/itmff0e170cb596e,58490.0,3,0.015625,0,0
ASUS,"ASUS Vivobook 15 with Office 2024 + M365 Basic*,",,Vivobook,2026.0,AMD,Ryzen 7 Octa Core,Ryzen 7,,,,,,Integrated,,,,16,DDR5,,512,SSD,,15.6,,,,,,,Windows 11 Home,True,80990.0,95000.0,14010.0,80990.0,87995.0,95000.0,8,https://www.flipkart.com/asus-vivobook-15-2026-office-2024-m365-basic-amd-ryzen-7-octa-core-170-16-gb-512-gb-ssd-windows-11-home-m1502naq-bq121ws-thin-light-laptop/p/itmfd4d7978b0424,87995.0,5,0.03125,0,0
ASUS,ASUS Vivobook 15,Intel,Vivobook,2026.0,Intel,Core 5 120U,,,,,,,Integrated,,,,16,DDR5,,512,SSD,,15.6,,,,,,,Windows 11 Home,True,79990.0,159990.0,80000.0,79990.0,119990.0,159990.0,2,https://www.flipkart.com/asus-vivobook-15-2026-intel-core-5-120u-16-gb-512-gb-ssd-windows-11-home-x1504vap-in008ws-thin-light-laptop/p/itmfe276bf10c864,119990.0,3,0.03125,0,0
ASUS,"ASUS Vivobook 15, with Backlit Keyboard,",,Vivobook,,Intel,Core i7 13th Gen 13620H,Core i7,13.0,,,,,Integrated,,,,16,DDR4,,512,SSD,,15.6,,,,,,,Windows 11 Home,True,68990.0,85990.0,17000.0,68990.0,79634.29,100000.0,14,https://www.flipkart.com/asus-vivobook-15-backlit-keyboard-intel-core-i7-13th-gen-13620h-16-gb-512-gb-ssd-windows-11-home-x1502va-bq838ws-thin-light-laptop/p/itm576883d3f6eb6,79634.29,3,0.03125,0,0
ASUS,ASUS Vivobook 15,X1504VA-BQ332WS,Vivobook,,Intel,Core i3 13th Gen 1315U,Core i3,,,,,,Integrated,,,,12,DDR4,,512,SSD,,15.6,,,,,,,Windows 11 Home,True,52990.0,77990.0,25000.0,52990.0,65490.0,77990.0,4,https://www.flipkart.com/asus-vivobook-15-intel-core-i3-13th-gen-1315u-12-gb-512-gb-ssd-windows-11-home-x1504va-bq332ws-thin-light-laptop/p/itmaab2ae69af1a4,65490.0,3,0.0234375,0,0
ASUS,ASUS Vivobook 15,Intel,Vivobook,2026.0,Intel,Core 3 304,,,,,,,Integrated,,,,8,DDR5,,512,SSD,,15.6,,,,,,,Windows 11 Home,True,58990.0,119990.0,61000.0,58990.0,89490.0,119990.0,2,https://www.flipkart.com/asus-vivobook-15-2026-intel-core-3-304-8-gb-512-gb-ssd-windows-11-home-x1504ma-bq424ws-thin-light-laptop/p/itm805c66d85b232,89490.0,3,0.015625,0,0
ASUS,ASUS Vivobook 15 with Office 2024 + M365 Basic,,Vivobook,2026.0,Intel,Core 3 14th Gen 100U,,,,,,,Integrated,,,,16,DDR5,,512,SSD,,15.6,,,,,,,Windows 11 Home,True,69990.0,92990.0,23000.0,69990.0,82990.0,101990.0,12,https://www.flipkart.com/asus-vivobook-15-2026-office-2024-m365-basic-i3-14th-gen-intel-core-3-gen-100u-16-gb-512-gb-ssd-windows-11-home-x1504vap-bq1341ws-thin-light-laptop/p/itme88b5e65d7a73,82990.0,5,0.03125,0,0
ASUS,ASUS Vivobook 15,X1504VA-NJ323WS,Vivobook,,Intel,Core i3 13th Gen 1315U,Core i3,,,,,,Integrated,,,,8,DDR4,,512,SSD,,15.6,,,,,,,Windows 11 Home,True,60014.0,69599.0,9585.0,60014.0,64806.5,69599.0,2,https://www.flipkart.com/asus-vivobook-15-intel-core-i3-13th-gen-1315u-8-gb-512-gb-ssd-windows-11-home-x1504va-nj323ws-thin-light-laptop/p/itmff0e170cb596e,64806.5,3,0.015625,0,0
ASUS,ASUS VivoBook 15,X515JA-BQ322WS,Vivobook,2021.0,Intel,Core i3 10th Gen 1005G,Core i3,,,,,,Integrated,,,,8,DDR4,,512,SSD,,15.6,,,,,,,Windows 11 Home,True,27990.0,50990.0,23000.0,27990.0,39490.0,50990.0,2,https://www.flipkart.com/asus-vivobook-15-intel-core-i3-10th-gen-1005g1-8-gb-512-gb-ssd-windows-11-home-x515ja-bq322ws-thin-light-laptop/p/itmee696f665be05,39490.0,3,0.015625,0,0
ASUS,ASUS,X512DA-BQ303WS,,,AMD,Ryzen 3,Ryzen 3,,,,,,Integrated,,,,8,DDR4,,256,SSD,,15.6,,,,,,,Windows 11 Home,True,64312.0,79999.0,15687.0,64312.0,72155.5,79999.0,2,https://www.flipkart.com/asus-amd-ryzen-3-dual-core-7th-gen-8-gb-256-gb-ssd-windows-11-home-x512da-bq303ws-laptop/p/itm765bdb5fdc769,72155.5,3,0.03125,0,0
ASUS,ASUS Vivobook 15,Intel,Vivobook,2026.0,Intel,Core 5 120U,,,,,,,Integrated,,,,8,DDR5,,512,SSD,,15.6,,,,,,,Windows 11 Home,True,66990.0,159990.0,93000.0,66990.0,113490.0,159990.0,4,https://www.flipkart.com/asus-vivobook-15-2026-intel-core-5-120u-8-gb-512-gb-ssd-windows-11-home-x1504vap-in012ws-thin-light-laptop/p/itm720b122ee7286,113490.0,3,0.015625,0,0
ASUS,ASUS,X1502ZA-EJ531WS,,,Intel,Core i5 12th Gen,Core i5,,,,,,Integrated,,,,8,DDR4,,512,SSD,,15.6,,,,,,,Windows 11 Home,True,74758.0,89990.0,15232.0,74758.0,82374.0,89990.0,2,https://www.flipkart.com/asus-intel-core-i5-12th-gen-8-gb-512-gb-ssd-windows-11-home-x1502za-ej531ws-laptop/p/itmb8433101b5e57,82374.0,3,0.015625,0,0
ASUS,"ASUS Vivobook 15 , AI PC with NPU up to 15TOPS,",,Vivobook,2026.0,Intel,Core 5 315,,,,,,,Integrated,,,15.0,8,DDR5,,512,SSD,,15.6,,,,,,,Windows 11 Home,True,82990.0,137990.0,55000.0,82990.0,110490.0,137990.0,2,https://www.flipkart.com/asus-vivobook-15-2026-ai-pc-npu-up-15tops-intel-core-5-315-8-gb-512-gb-ssd-windows-11-home-x1504ma-bq832ws-thin-light-laptop/p/itm13a7267a883cb,110490.0,3,0.015625,0,0
ASUS,ASUS Vivobook 15,X1504VA-NJ524WS,Vivobook,,Intel,Core i5 13th Gen 1335U,Core i5,,,,,,Integrated,,,,8,DDR4,,512,SSD,,15.6,,,,,,,Windows 11 Home,True,67677.0,80990.0,13313.0,67677.0,74333.5,80990.0,4,https://www.flipkart.com/asus-vivobook-15-intel-core-i5-13th-gen-1335u-8-gb-512-gb-ssd-windows-11-home-x1504va-nj524ws-thin-light-laptop/p/itm200184e4e0443,74333.5,3,0.015625,0,0
ASUS,ASUS,X1502VA-BQ836WS,,,Intel,Core i5 5th Gen,Core i5,,,,,,Integrated,,,,16,DDR4,,512,SSD,,15.6,,,,,,,Windows 11 Home,True,76999.0,85990.0,8991.0,76999.0,81494.5,85990.0,2,https://www.flipkart.com/asus-intel-core-i5-5th-gen-16-gb-512-gb-ssd-windows-11-home-x1502va-bq836ws-thin-light-laptop/p/itmbff9ba63079b7,81494.5,3,0.03125,0,0
ASUS,ASUS Vivobook 15,Intel,Vivobook,2026.0,Intel,Core 5 315,,,,,,,Integrated,,,,8,DDR5,,512,SSD,,15.6,,,,,,,Windows 11 Home,True,82990.0,137990.0,55000.0,82990.0,110490.0,137990.0,4,https://www.flipkart.com/asus-vivobook-15-2026-intel-core-5-315-8-gb-512-gb-ssd-windows-11-home-x1504ma-bq833ws-thin-light-laptop/p/itm2fe1df2a8689a,110490.0,3,0.015625,0,0
ASUS,"ASUS Vivobook 15, with Backlit Keyboard,",,Vivobook,2024.0,Intel,Core i5 13th Gen 1335U,Core i5,,,,,,Integrated,,,,8,DDR4,,512,SSD,,15.6,,,,,,,Windows 11 Home,True,70756.0,80990.0,10234.0,69010.0,76272.88,89990.0,8,https://www.flipkart.com/asus-vivobook-15-backlit-keyboard-intel-core-i5-13th-gen-1335u-8-gb-512-gb-ssd-windows-11-home-x1504va-nj1766ws-thin-light-laptop/p/itmb8beee48281dd,76272.88,3,0.015625,0,0
ASUS,ASUS Vivobook 15,X1504VA-NJ540WS,Vivobook,,Intel,Core i5 13th Gen 1335U,Core i5,,,,,,Integrated,,,,16,DDR4,,512,SSD,,15.6,,,,,,,Windows 11 Home,True,75658.0,76990.0,1332.0,75658.0,76324.0,76990.0,4,https://www.flipkart.com/asus-vivobook-15-intel-core-i5-13th-gen-1335u-16-gb-512-gb-ssd-windows-11-home-x1504va-nj540ws-thin-light-laptop/p/itmc5f8cb8e52c33,76324.0,3,0.03125,0,0
ASUS,ASUS Vivobook 15,X1500EA-EJ3381WS,Vivobook,2021.0,Intel,Core i3 11th Gen,Core i3,,,,,,Integrated,,,,8,DDR4,,512,SSD,,15.6,,,,,,,Windows 11 Home,True,57990.0,59990.0,2000.0,57990.0,58990.0,59990.0,2,https://www.flipkart.com/asus-vivobook-15-intel-core-i3-11th-gen-i3-1115g4-8-gb-512-gb-ssd-windows-11-home-x1500ea-ej3381ws-laptop/p/itm2ca46b6d22a06,58990.0,3,0.015625,0,0
ASUS,ASUS Vivobook 15,X515EA-EJ701WS,Vivobook,,Intel,Core i7 11th Gen 1165G,Core i7,,,,,,Integrated,,,,16,DDR4,,512,SSD,,15.6,,,,,,,Windows 11 Home,True,71789.0,80999.0,9210.0,71789.0,76394.0,80999.0,4,https://www.flipkart.com/asus-vivobook-15-intel-core-i7-11th-gen-1165g7-16-gb-512-gb-ssd-windows-11-home-x515ea-ej701ws-thin-light-laptop/p/itmee696f665be05,76394.0,3,0.03125,0,0
ASUS,ASUS Vivobook 15,X1504VA-NJ523WS,Vivobook,,Intel,Core i5 13th Gen 1335U,Core i5,,,,,,Integrated,,,,8,DDR4,,512,SSD,,15.6,,,,,,,Windows 11 Home,True,71366.0,89990.0,18624.0,71366.0,80678.0,89990.0,2,https://www.flipkart.com/asus-vivobook-15-intel-core-i5-13th-gen-1335u-8-gb-512-gb-ssd-windows-11-home-x1504va-nj523ws-thin-light-laptop/p/itmff0e170cb596e,80678.0,3,0.015625,0,0
ASUS,"ASUS Vivobook 15 with Office 2024 + M365 Basic*,",,Vivobook,2025.0,Intel,Core i3 13th Gen 1315U,Core i3,,,,,,Integrated,,,,16,DDR4,,512,SSD,,15.6,,,,,,,Windows 11 Home,True,53990.0,54990.0,1000.0,53990.0,54490.0,54990.0,12,https://www.flipkart.com/asus-vivobook-15-2025-office-2024-m365-basic-intel-core-i3-13th-gen-1315u-16-gb-512-gb-ssd-windows-11-home-x1504va-nj2324ws-x1504va-bq341ws-thin-light-laptop/p/itmf0e6514a56cbf,54490.0,5,0.03125,0,0
ASUS,"ASUS Vivobook 15, with Backlit Keyboard,",,Vivobook,,Intel,Core i3 13th Gen 1315U,Core i3,,,,,,Integrated,,,,8,DDR4,,512,SSD,,15.6,,,,,,,Windows 11,True,56699.0,69699.0,13000.0,56699.0,63199.0,69699.0,12,https://www.flipkart.com/asus-vivobook-15-backlit-keyboard-intel-core-i3-13th-gen-1315u-8-gb-512-gb-ssd-windows-11-home-x1504va-nj320ws-x1504va-bq321ws-thin-light-laptop/p/itm200184e4e0443,63199.0,3,0.015625,0,0
ASUS,ASUS Vivobook 15,X1504VA-NJ324WS,Vivobook,,Intel,Core i3 13th Gen 1315U,Core i3,,,,,,Integrated,,,,8,DDR4,,512,SSD,,15.6,,,,,,,Windows 11 Home,True,58900.0,67990.0,9090.0,58900.0,63445.0,67990.0,8,https://www.flipkart.com/asus-vivobook-15-intel-core-i3-13th-gen-1315u-8-gb-512-gb-ssd-windows-11-home-x1504va-nj324ws-thin-light-laptop/p/itm200184e4e0443,63445.0,3,0.015625,0,0
ASUS,"ASUS Vivobook 15 with Office 2024 + M365 Basic*, Backlit Keyboard,",,Vivobook,2025.0,Intel,Core i5 13th Gen 1335U,Core i5,,,,,,Integrated,,,,8,DDR4,,512,SSD,,15.6,,,,,,,Windows 11,True,68990.0,85000.0,16010.0,68990.0,76995.0,85000.0,6,https://www.flipkart.com/asus-vivobook-15-2025-office-2024-m365-basic-backlit-keyboard-intel-core-i5-13th-gen-1335u-8-gb-512-gb-ssd-windows-11-home-x1504va-nj540ws-x1504va-nj546ws-thin-light-laptop/p/itm200184e4e0443,76995.0,5,0.015625,0,0
ASUS,"ASUS Vivobook 15, with Backlit Keyboard,",,Vivobook,2024.0,Intel,Core i3 13th Gen 1315U,Core i3,,,,,,Integrated,,,,16,DDR4,,512,SSD,,15.6,,,,,,,Windows 11 Home,True,61250.0,69990.0,8740.0,61250.0,65620.0,69990.0,6,https://www.flipkart.com/asus-vivobook-15-backlit-keyboard-intel-core-i3-13th-gen-1315u-16-gb-512-gb-ssd-windows-11-home-x1504va-nj2325ws-x1504va-bq342ws-thin-light-laptop/p/itmb44a032e58491,65620.0,3,0.03125,0,0
ASUS,"ASUS Vivobook 15 with MSO 2024 + M365 Basic, Backlit Keyboard,",,Vivobook,2025.0,Intel,Core 5 120U,,,,,,,Integrated,,,,16,DDR4,,512,SSD,,15.6,,,,,,,Windows 11 Home,True,73936.0,98999.0,25063.0,73936.0,86467.5,98999.0,4,https://www.flipkart.com/asus-vivobook-15-2025-i5-14th-gen-with-mso-2024-m365-basic-backlit-keyboard-intel-core-5-120u-16-gb-512-gb-ssd-windows-11-home-x1504vap-bq543ws-x1504vap-bq1543ws-thin-light-laptop/p/itma023e3106dea0,86467.5,5,0.03125,0,0
ASUS,"ASUS Vivobook 15 with Office 2024 + M365 Basic*,",,Vivobook,2026.0,AMD,Ryzen 5 Hexa Core,Ryzen 5,,,,,,Integrated,,,,16,DDR5,,512,SSD,,15.6,,,,,,,Windows 11 Home,True,74801.0,79990.0,5189.0,72990.0,84942.75,111990.0,8,https://www.flipkart.com/asus-vivobook-15-2026-office-2024-m365-basic-amd-ryzen-5-hexa-core-150-16-gb-512-gb-ssd-windows-11-home-m1502naq-bq118ws-thin-light-laptop/p/itm194545ff7b206,84942.75,5,0.03125,0,0
ASUS,"ASUS Vivobook 15 , AI PC with NPU up to 16TOPS,",,Vivobook,2026.0,Intel,Core 5 320,,,,,,,Integrated,,,16.0,16,DDR5,,512,SSD,,15.6,,,,,,,Windows 11 Home,True,99990.0,159990.0,60000.0,99990.0,129990.0,159990.0,4,https://www.flipkart.com/asus-vivobook-15-2026-ai-pc-npu-up-16tops-intel-core-5-320-16-gb-512-gb-ssd-windows-11-home-x1504ma-bq126ws-thin-light-laptop/p/itmb8ccc86bf8976,129990.0,3,0.03125,0,0
ASUS,"ASUS Vivobook 15 with Office 2024 + M365 Basic*,",,Vivobook,2025.0,Intel,Core i3 13th Gen 1315U,Core i3,,,,,,Integrated,,,,8,DDR4,,512,SSD,,15.6,,,,,,,Windows 11 Home,True,62772.0,68999.0,6227.0,62772.0,65885.5,68999.0,2,https://www.flipkart.com/asus-vivobook-15-2025-office-2024-m365-basic-intel-core-i3-13th-gen-1315u-8-gb-512-gb-ssd-windows-11-home-x1504va-nj3700ws-thin-light-laptop/p/itmf31c79724a398,65885.5,5,0.015625,0,0
ASUS,"ASUS Vivobook 15 with Office 2024 + M365 Basic*, Backlit Keyboard,",,Vivobook,2025.0,Intel,Core i3 13th Gen 1315U,Core i3,,,,,,Integrated,,,,8,DDR5,,512,SSD,,15.6,,,,,,,Windows 11 Home,True,61941.0,72990.0,11049.0,61941.0,67465.5,72990.0,2,https://www.flipkart.com/asus-vivobook-15-2025-office-2024-m365-basic-backlit-keyboard-intel-core-i3-13th-gen-1315u-8-gb-512-gb-ssd-windows-11-home-x1504va-nj3321ws-thin-light-laptop/p/itmc2fba93418f49,67465.5,5,0.015625,0,0
ASUS,ASUS Vivobook S14 with Office 2024 + M365 Basic* Backlit Keyboard,,Vivobook,2025.0,Intel,Core 5 210,,,,,,,Integrated,,,,16,DDR5,,512,SSD,,14.0,,,,,,,Windows 11 Home,True,79999.0,81999.0,2000.0,79999.0,80999.0,81999.0,6,https://www.flipkart.com/asus-vivobook-s14-2025-i5-14th-gen-office-2024-m365-basic-backlit-keyboard-intel-core-5-210h-16-gb-512-gb-ssd-windows-11-home-s3407va-ly075ws-thin-light-laptop/p/itm2ba976d7093b2,80999.0,5,0.03125,0,0
ASUS,"ASUS Vivobook S14 with Office 2024 + M365 Basic*, AI PC, Backlit Keyboard,",,Vivobook,2025.0,Qualcomm,Snapdragon X -,Snapdragon X,,,,,,Integrated,,,,16,LPDDR5X,,512,SSD,,14.0,,,,,,,Windows 11 Home,True,65990.0,92990.0,27000.0,65990.0,86935.8,116999.0,30,https://www.flipkart.com/asus-vivobook-s14-2025-office-2024-m365-basic-ai-pc-backlit-keyboard-snapdragon-x-16-gb-512-gb-ssd-windows-11-home-s3407qa-kp020ws-thin-light-laptop/p/itm4be832c0c07b8,86935.8,5,0.03125,0,0
ASUS,ASUS VivoBook 14,X412FA-EK5,Vivobook,,Intel,Core i5 10th Gen 10210U,Core i5,10.0,,,,,Integrated,,,,8,DDR4,,256,SSD,,14.0,,,,,,,Windows 10,True,59876.0,65432.0,5556.0,59876.0,62654.0,65432.0,12,https://www.flipkart.com/asus-vivobook-14-intel-core-i5-10th-gen-10210u-8-gb-1-tb-hdd-256-gb-ssd-windows-10-home-x412fa-ek513t-thin-light-laptop/p/itm1b2ae4b1d76e5,62654.0,3,0.03125,0,0
ASUS,"ASUS Vivobook S14 with Office 2024 + M365 Basic*, AI PC NPU up to 16TOPS",,Vivobook,2026.0,AMD,Ryzen 7 Processor,Ryzen 7,,,,,,Integrated,,,16.0,16,DDR5,,1024,SSD,,14.0,,,,,,,Windows 11 Home,True,84990.0,114990.0,30000.0,84990.0,99990.0,114990.0,18,https://www.flipkart.com/asus-vivobook-s14-2026-office-2024-m365-basic-ai-pc-npu-up-16tops-amd-ryzen-7-260-16-gb-1-tb-ssd-windows-11-home-m3407ha-ly750ws-thin-light-laptop/p/itm5cc55ffa26330,99990.0,5,0.015625,0,0
ASUS,ASUS Vivobook 14 Flip,Intel,Vivobook,2026.0,Intel,Core Ultra 7 355,Core Ultra 7,1.0,,,,,Integrated,,,,16,LPDDR5X,,1024,SSD,,14.0,,,,True,,,Windows 11 Home,True,189990.0,287990.0,98000.0,189990.0,238990.0,287990.0,8,https://www.flipkart.com/asus-vivobook-14-flip-2026-intel-core-ultra-7-355-16-gb-1-tb-ssd-windows-11-home-tp3407aa-sg052ws-thin-light-laptop/p/itm359a106aecaa5,238990.0,3,0.015625,0,0
ASUS,ASUS Vivobook S14,Intel,Vivobook,2026.0,Intel,Core 7 350,,,,,,,Integrated,,,,16,LPDDR5X,,512,SSD,,14.0,,,,,,,Windows 11 Home,True,118990.0,180990.0,62000.0,118990.0,149990.0,180990.0,6,https://www.flipkart.com/asus-vivobook-s14-2026-intel-core-7-350-16-gb-512-gb-ssd-windows-11-home-s5452ma-tm197ws-thin-light-laptop/p/itm1695f5b4a6b1b,149990.0,3,0.03125,0,0
ASUS,ASUS Vivobook S14 OLED,S3402ZA-KM50,Vivobook,,Intel,Core i5 12th Gen 12500H,Core i5,12.0,,,,,Integrated,,,,16,DDR4,,512,SSD,,14.0,,OLED,,,,,Windows 11 Home,True,70990.0,98990.0,28000.0,70990.0,84990.0,98990.0,6,https://www.flipkart.com/asus-vivobook-s14-oled-intel-core-i5-12th-gen-12500h-16-gb-512-gb-ssd-windows-11-home-s3402za-km501ws-thin-light-laptop/p/itm635eb6df61d1c,84990.0,3,0.03125,0,0
ASUS,"ASUS Vivobook 14 with Office 2024 + M365 Basic*,",,Vivobook,2025.0,Intel,Core i5 13th Gen 1335U,Core i5,,,,,,Integrated,,,,8,DDR4,,512,SSD,,14.0,,,,,,,Windows 11 Home,True,68199.0,75990.0,7791.0,68199.0,72094.5,75990.0,4,https://www.flipkart.com/asus-vivobook-14-2025-office-2024-m365-basic-intel-core-i5-13th-gen-1335u-8-gb-512-gb-ssd-windows-11-home-x1404va-nk762ws-thin-light-laptop/p/itm4597bcd10c4c4,72094.5,5,0.015625,0,0
ASUS,ASUS Vivobook,E1404FA-NK331W,Vivobook,,AMD,Ryzen 3 Quad Core 7320U,Ryzen 3,7.0,,,,,Integrated,,,,8,LPDDR5,,1024,SSD,,14.0,,,,,,,Windows 11 Home,True,58400.0,64990.0,6590.0,55400.0,60945.0,64990.0,4,https://www.flipkart.com/asus-vivobook-amd-ryzen-3-quad-core-7320u-8-gb-1-tb-ssd-windows-11-home-e1404fa-nk331w-thin-light-laptop/p/itmc5f8cb8e52c33,60945.0,3,0.0078125,0,0
ASUS,ASUS Vivobook 14 with Office 2024 + M365 Basic*,,Vivobook,2025.0,Intel,Core 5 120U,,,,,,,Integrated,,,,16,DDR4,,512,SSD,,14.0,,,,,,,Windows 11 Home,True,76990.0,89999.0,13009.0,76990.0,83494.5,89999.0,6,https://www.flipkart.com/asus-vivobook-14-2025-office-2024-m365-basic-i5-14th-gen-intel-core-5-120u-16-gb-512-gb-ssd-windows-11-home-x1404vap-eb542ws-x1404vap-eb1542ws-thin-light-laptop/p/itm36dfaa305203e,83494.5,5,0.03125,0,0
ASUS,ASUS Vivobook,Intel,Vivobook,,Intel,Core 5,,,,,,,Integrated,,,,16,DDR4,,512,SSD,,14.0,,,,,,,Windows 11 Home,True,76990.0,95990.0,19000.0,76990.0,86490.0,95990.0,4,https://www.flipkart.com/asus-vivobook-i5-14th-gen-intel-core-5-1st-gen-16-gb-512-gb-ssd-windows-11-home-x1404vap-eb541ws-x1404vap-eb1541ws-laptop/p/itmcc31d47c7d530,86490.0,3,0.03125,0,0
ASUS,ASUS Vivobook 14 Flip,Intel,Vivobook,2026.0,Intel,Core Ultra 7 355,Core Ultra 7,1.0,,,,,Integrated,,,,16,LPDDR5X,,512,SSD,,14.0,,,,True,,,Windows 11 Home,True,179990.0,272990.0,93000.0,179990.0,226490.0,272990.0,8,https://www.flipkart.com/asus-vivobook-14-flip-2026-intel-core-ultra-7-355-16-gb-512-gb-ssd-windows-11-home-tp3407aa-sg123ws-thin-light-laptop/p/itm01f100df0c118,226490.0,3,0.03125,0,0
ASUS,"ASUS Vivobook 14 with Office 2024 + M365 Basic*,",,Vivobook,2025.0,AMD,Ryzen AI 5 Quad Core -,Ryzen AI,,,,,,Integrated,,,,16,DDR5,,512,SSD,,14.0,,,,,,,Windows 11 Home,True,75990.0,82990.0,7000.0,75990.0,83102.3,89990.0,10,https://www.flipkart.com/asus-vivobook-14-2025-office-2024-m365-basic-amd-ryzen-ai-5-quad-core-16-gb-512-gb-ssd-windows-11-home-m1407ka-ly131ws-thin-light-laptop/p/itmd952610f14a66,83102.3,5,0.03125,0,0
ASUS,ASUS Vivobook S14 OLED,,Vivobook,,Intel,Core i5 12th Gen 12500H,Core i5,12.0,,,,,Integrated,,,,16,DDR4,,512,SSD,,14.0,,OLED,,,,,Windows 11,True,91200.0,98900.0,7700.0,91200.0,95050.0,98900.0,8,https://www.flipkart.com/asus-vivobook-s14-oled-intel-evo-h-series-core-i5-12th-gen-12500h-16-gb-512-gb-ssd-windows-11-home-s3402za-km502ws-thin-light-laptop/p/itm635eb6df61d1c,95050.0,3,0.03125,0,0
ASUS,ASUS Vivobook 14 with Office 2024 + M365 Basic*,,Vivobook,2025.0,Intel,Core i5 13th Gen 1334U,Core i5,,,,,,Integrated,,,,8,DDR4,,512,SSD,,14.0,,,,,,,Windows 11 Home,True,74873.0,89990.0,15117.0,74873.0,82431.5,89990.0,2,https://www.flipkart.com/asus-vivobook-14-2025-office-2024-m365-basic-intel-core-i5-13th-gen-1334u-8-gb-512-gb-ssd-windows-11-home-x1404va-nk804ws-x1404va-nk763ws-thin-light-laptop/p/itm892c2a9a6a010,82431.5,5,0.015625,0,0
ASUS,ASUS Vivobook Flip,TP3407SA-QL025WS,Vivobook,2024.0,Intel,Core Ultra 7 256V,Core Ultra 7,2.0,,,,,Integrated,,,,16,LPDDR5X,,512,SSD,,14.0,,,,True,,,Windows 11 Home,True,110990.0,134990.0,24000.0,110990.0,122990.0,134990.0,8,https://www.flipkart.com/asus-vivobook-flip-intel-core-ultra-7-256v-16-gb-512-gb-ssd-windows-11-home-tp3407sa-ql025ws-2-1-laptop/p/itm4d2f1f5061857,122990.0,3,0.03125,0,0
ASUS,ASUS Vivobook Go 14 with Office 2024 + M365 Basic,,Vivobook,2026.0,AMD,Ryzen 3 Quad Core,Ryzen 3,,,,,,Integrated,,,,8,LPDDR5,,512,SSD,,14.0,,,,,,,Windows 11 Home,True,55518.0,71999.0,16481.0,55518.0,64545.55,72990.0,22,https://www.flipkart.com/asus-vivobook-go-14-2026-office-2024-m365-basic-amd-ryzen-3-quad-core-30-8-gb-512-gb-ssd-windows-11-home-e1404fa-eb1414ws-thin-light-laptop/p/itm21b75a04477a5,64545.55,5,0.015625,0,0
ASUS,ASUS Vivobook 14,Intel,Vivobook,2024.0,Intel,Core 5 120U,,,,,,,Integrated,,,,8,DDR5,,512,SSD,,14.0,,,,,,,Windows 11 Home,True,68990.0,95990.0,27000.0,68990.0,82490.0,95990.0,4,https://www.flipkart.com/asus-vivobook-14-i5-14th-gen-intel-core-5-120u-8-gb-512-gb-ssd-windows-11-home-x1404vap-eb1521ws-thin-light-laptop/p/itm0dd5d78bea172,82490.0,3,0.015625,0,0
ASUS,ASUS Vivobook 14 with Office 2024 + M365 Basic*,,Vivobook,2025.0,Intel,Core i3 13th Gen 1315U,Core i3,,,,,,Integrated,,,,8,DDR4,,512,SSD,,14.0,,,,,,,Windows 11 Home,True,60413.0,65999.0,5586.0,60413.0,63206.0,65999.0,4,https://www.flipkart.com/asus-vivobook-14-2025-office-2024-m365-basic-intel-core-i3-13th-gen-1315u-8-gb-512-gb-ssd-windows-11-home-x1404va-nk761ws-thin-light-laptop/p/itm186e70a005d8b,63206.0,5,0.015625,0,0
ASUS,"ASUS Vivobook 14 with Office 2024 + M365 Basic*, Backlit Keyboard,",,Vivobook,2025.0,Intel,Core i3 13th Gen 1315U,Core i3,,,,,,Integrated,,,,8,DDR4,,512,SSD,,14.0,,,,,,,Windows 11 Home,True,59927.0,65999.0,6072.0,59927.0,62963.0,65999.0,4,https://www.flipkart.com/asus-vivobook-14-2025-office-2024-m365-basic-backlit-keyboard-intel-core-i3-13th-gen-1315u-8-gb-512-gb-ssd-windows-11-home-x1404va-eb321ws-thin-light-laptop/p/itm86b2575a66c73,62963.0,5,0.015625,0,0
ASUS,ASUS Vivobook Go 14,E1404FA-NK325WS,Vivobook,,AMD,Ryzen 3 Quad Core 7320U,Ryzen 3,7.0,,,,,Integrated,,,,8,LPDDR5,,512,SSD,,14.0,,,,,,,Windows 11 Home,True,54400.0,57990.0,3590.0,54400.0,56195.0,57990.0,6,https://www.flipkart.com/asus-vivobook-go-14-amd-ryzen-3-quad-core-7320u-8-gb-512-gb-ssd-windows-11-home-e1404fa-nk325ws-thin-light-laptop/p/itmd6733f7332771,56195.0,3,0.015625,0,0
ASUS,ASUS Vivobook Go 14 with Office 2024 + M365 Basic,,Vivobook,2026.0,AMD,Ryzen 5 Processor,Ryzen 5,,,,,,Integrated,,,,16,LPDDR5,,512,SSD,,14.0,,,,,,,Windows 11 Home,True,71990.0,99990.0,28000.0,71990.0,85990.0,99990.0,8,https://www.flipkart.com/asus-vivobook-go-14-2026-office-2024-m365-basic-amd-ryzen-5-40-16-gb-512-gb-ssd-windows-11-home-e1404fa-eb1416ws-thin-light-laptop/p/itm539def8486738,85990.0,5,0.03125,0,0
ASUS,"ASUS Vivobook S14 with Office 2024 + M365 Basic*, Backlit Keyboard,",,Vivobook,2025.0,Intel,Core i5 13th Gen 1342,Core i5,,,,,,Integrated,,,,16,DDR5,,512,SSD,,14.0,,,,,,,Windows 11 Home,True,93187.0,112999.0,19812.0,81576.0,102190.25,120999.0,4,https://www.flipkart.com/asus-vivobook-s14-2025-office-2024-m365-basic-backlit-keyboard-intel-core-i5-13th-gen-13420h-16-gb-512-gb-ssd-windows-11-home-s3407va-ly037ws-thin-light-laptop/p/itm820c07740b4c9,102190.25,5,0.03125,0,0
ASUS,ASUS Vivobook 14 with Office 2024 + M365 Basic*,,Vivobook,2025.0,Intel,Core i5 13th Gen 1334U,Core i5,,,,,,Integrated,,,,16,DDR4,,512,SSD,,14.0,,,,,,,Windows 11 Home,True,72990.0,85990.0,13000.0,72990.0,79490.0,85990.0,2,https://www.flipkart.com/asus-vivobook-14-2025-office-2024-m365-basic-intel-core-i5-13th-gen-1334u-16-gb-512-gb-ssd-windows-11-home-x1404va-nk790ws-thin-light-laptop/p/itmfbc23ab113c15,79490.0,5,0.03125,0,0
ASUS,ASUS Vivobook S 14,,Vivobook,,Intel,Core i5 12th Gen 12500H,Core i5,12.0,,,,,Integrated,,,,8,DDR4,,512,SSD,,14.0,,,,,,,Windows 11 Home,True,68890.0,80990.0,12100.0,68890.0,74940.0,80990.0,2,https://www.flipkart.com/asus-vivobook-s-14-intel-evo-h-series-core-i5-12th-gen-12500h-8-gb-512-gb-ssd-windows-11-home-s3402za-ly522ws-thin-light-laptop/p/itmfee55947a37e1,74940.0,3,0.015625,0,0
ASUS,"ASUS Vivobook 14 with Office 2024 + M365 Basic*,",,Vivobook,2025.0,Intel,Core i5 13th Gen 1335U,Core i5,,,,,,Integrated,,,,16,DDR4,,512,SSD,,14.0,,,,,,,Windows 11 Home,True,69990.0,75990.0,6000.0,69990.0,72990.0,75990.0,4,https://www.flipkart.com/asus-vivobook-14-2025-office-2024-m365-basic-intel-core-i5-13th-gen-1335u-16-gb-512-gb-ssd-windows-11-home-x1404va-nk1186ws-thin-light-laptop/p/itmf351a162d18a2,72990.0,5,0.03125,0,0
ASUS,ASUS,E1404FA-EB1236WS,,,AMD,Ryzen 3 Quad Core,Ryzen 3,,,,,,Integrated,,,,8,DDR5,,512,SSD,,14.0,,,,,,,Windows 11 Home,True,64661.0,65990.0,1329.0,64661.0,65325.5,65990.0,2,https://www.flipkart.com/asus-amd-ryzen-3-30-ryzen-quad-core-8-gb-512-gb-ssd-windows-11-home-e1404fa-eb1236ws-laptop/p/itm28ec044ef1ca9,65325.5,3,0.015625,0,0
ASUS,"ASUS Vivobook S14 Flip with Office 2024 + M365 Basic*, A",,Vivobook,2025.0,Intel,Core i5,Core i5,,,,,,Integrated,,,,16,DDR4,,512,SSD,,14.0,,,,True,,,Windows 11 Home,True,98700.0,104990.0,6290.0,98700.0,101845.0,104990.0,2,https://www.flipkart.com/asus-vivobook-s14-flip-2025-office-2024-m365-basic-a-part-metal-body-intel-core-i5-13th-gen-13420h-16-gb-512-gb-ssd-windows-11-home-tp3402vao-lz619ws-2-1-laptop/p/itm1f8488dce4bb0,101845.0,5,0.03125,0,0
ASUS,"ASUS Vivobook S14 Flip with Office 2024 + M365 Basic*, Metallic Design,",,Vivobook,2025.0,Intel,Core i5 13th Gen,Core i5,,,,,,Integrated,,,,16,DDR4,,512,SSD,,14.0,,,,True,,,Windows 11 Home,True,95900.0,120990.0,25090.0,95900.0,108445.0,120990.0,2,https://www.flipkart.com/asus-vivobook-s14-flip-2025-office-2024-m365-basic-metallic-design-intel-core-i5-13th-gen-16-gb-512-gb-ssd-windows-11-home-tp3402vao-lz619ws-2-1-laptop/p/itm1f8488dce4bb0,108445.0,5,0.03125,0,0
ASUS,"ASUS Vivobook Go 14, Equivalent to",,Vivobook,,Intel,Core i3,Core i3,,,,,,Integrated,,,,8,DDR4,,512,SSD,,14.0,,,,,,,Windows 11,True,56961.0,64999.0,8038.0,56961.0,60980.0,64999.0,16,https://www.flipkart.com/asus-vivobook-go-14-equivalent-intel-12th-gen-core-i3-n305-8-gb-512-gb-ssd-windows-11-home-e1404ga-nk322ws-thin-light-laptop/p/itmcfc58cdcc4e42,60980.0,3,0.015625,0,0
ASUS,ASUS Vivobook Go 14 with Office 2024 + M365 Basic*,,Vivobook,2025.0,AMD,Ryzen 5 Quad Core 7520U,Ryzen 5,7.0,,,,,Integrated,,,,8,LPDDR5,,512,SSD,,14.0,,,,,,,Windows 11 Home,True,65549.0,69999.0,4450.0,65549.0,67865.83,69999.0,6,https://www.flipkart.com/asus-vivobook-go-14-2025-office-2024-m365-basic-amd-ryzen-5-quad-core-7520u-8-gb-512-gb-ssd-windows-11-home-e1404fa-nk5521ws-thin-light-laptop/p/itmcc509a4f00a9b,67865.83,5,0.015625,0,0
ASUS,"ASUS Vivobook 16 , Copilot + PC with Backlit Keyboard, AI PC,",,Vivobook,2025.0,Qualcomm,Snapdragon X -,Snapdragon X,,,,,,Integrated,,,,16,LPDDR5X,,512,SSD,,16.0,,,,,,,Windows 11 Home,True,68990.0,86305.0,17315.0,65900.0,76705.29,86305.0,14,https://www.flipkart.com/asus-vivobook-16-2025-copilot-pc-backlit-keyboard-ai-pc-snapdragon-x-16-gb-512-gb-ssd-windows-11-home-x1607qa-mb049ws-thin-light-laptop/p/itmaff92a0acb4ff,76705.29,3,0.03125,0,0
ASUS,ASUS Vivobook 16 with Office 2024 + M365 Basic*,,Vivobook,2025.0,Intel,Core i5 13th Gen 13420H,Core i5,13.0,,,,,Integrated,,,,16,DDR4,,512,SSD,,16.0,,,,,,,Windows 11 Home,True,84542.0,85900.0,1358.0,76900.0,84295.67,87990.0,6,https://www.flipkart.com/asus-vivobook-16-2025-office-2024-m365-basic-intel-core-i5-13th-gen-13420h-16-gb-512-gb-ssd-windows-11-home-x1605va-mb1627ws-thin-light-laptop/p/itmd74674c1c830b,84295.67,5,0.03125,0,0
ASUS,ASUS Vivobook 16 with Office 2024 + M365 Basic*,,Vivobook,2025.0,Intel,Core i7 13th Gen 13620H,Core i7,13.0,,,,,Integrated,,,,16,DDR4,,512,SSD,,16.0,,,,,,,Windows 11 Home,True,81499.0,87890.0,6391.0,81499.0,84694.5,87890.0,6,https://www.flipkart.com/asus-vivobook-16-2025-office-2024-m365-basic-intel-core-i7-13th-gen-13620h-16-gb-512-gb-ssd-windows-11-home-x1605va-mb1628ws-thin-light-laptop/p/itm8069bd1c2fb5f,84694.5,5,0.03125,0,0
ASUS,ASUS Vivobook 16 with Office 2024 + M365 Basic*,,Vivobook,2025.0,Intel,Core i9 13th Gen 13900H,Core i9,13.0,,,,,Integrated,,,,16,DDR4,,512,SSD,,16.0,,,,,,,Windows 11 Home,True,90268.0,104999.0,14731.0,90268.0,97633.5,104999.0,6,https://www.flipkart.com/asus-vivobook-16-2025-office-2024-m365-basic-intel-core-i9-13th-gen-13900h-16-gb-512-gb-ssd-windows-11-home-x1605va-mb9946ws-thin-light-laptop/p/itmbed82a46a68d3,97633.5,5,0.03125,0,0
ASUS,"ASUS Vivobook 16 AI PC with Office 2024 + M365 Basic*, Copilot+ PC",AI,Vivobook,2026.0,AMD,Ryzen AI 7 Hexa Core 445,Ryzen AI,,,,,,Integrated,,,,16,DDR5,,512,SSD,,16.0,,,,,,,Windows 11 Home,True,86990.0,121990.0,35000.0,86990.0,105740.0,126990.0,4,https://www.flipkart.com/asus-vivobook-16-2026-ai-pc-office-2024-m365-basic-copilot-amd-ryzen-7-hexa-core-445-16-gb-512-gb-ssd-windows-11-home-m1607ga-mb029ws-thin-light-laptop/p/itm2d63dd66b4319,105740.0,5,0.03125,0,0
ASUS,ASUS Vivobook,X1605VA-MB747WS,Vivobook,2021.0,Intel,Core i7 13th Gen 13700H,Core i7,13.0,,,,,Integrated,,,,16,DDR4,,512,SSD,,16.0,,,,,,,Windows 11 Home,True,108749.0,131999.0,23250.0,108749.0,120374.0,131999.0,4,https://www.flipkart.com/asus-vivobook-intel-core-i7-13th-gen-13700h-16-gb-512-gb-ssd-windows-11-home-x1605va-mb747ws-thin-light-laptop/p/itmf1d631f2db825,120374.0,3,0.03125,0,0
ASUS,ASUS Vivobook 16,X1605ZAC-MB541WS,Vivobook,,Intel,Core i5 12th Gen 12500H,Core i5,12.0,,,,,Integrated,,,,16,DDR4,,512,SSD,,16.0,,,,,,,Windows 11 Home,True,75890.0,79900.0,4010.0,75890.0,77895.0,79900.0,4,https://www.flipkart.com/asus-vivobook-16-intel-core-i5-12th-gen-12500h-16-gb-512-gb-ssd-windows-11-home-x1605zac-mb541ws-thin-light-laptop/p/itmcf0073f36ff1b,77895.0,3,0.03125,0,0
ASUS,ASUS ASUS Vivobook 16,S3607VA-RP113WS,Vivobook,2024.0,Intel,Core 5 14th Gen 210H,,,,,,,Integrated,,,,16,DDR5,,512,SSD,,16.0,,,,,,,Windows 11 Home,True,88590.0,99890.0,11300.0,88590.0,94240.0,99890.0,2,https://www.flipkart.com/asus-vivobook-16-intel-core-5-14th-gen-210h-16-gb-512-gb-ssd-windows-11-home-s3607va-rp113ws-laptop/p/itm399e8d427cfe0,94240.0,3,0.03125,0,0
ASUS,ASUS Vivobook S 15 OLED,,Vivobook,,Intel,Core i5 13th Gen 13500H,Core i5,13.0,,,,,Integrated,,,,16,LPDDR5,,512,SSD,,15.6,,OLED,,,,,Windows 11,True,106300.0,121990.0,15690.0,106300.0,114145.0,121990.0,8,https://www.flipkart.com/asus-vivobook-s-15-oled-intel-evo-h-series-core-i5-13th-gen-13500h-16-gb-512-gb-ssd-windows-11-home-s5504va-ma541ws-thin-light-laptop/p/itm8486d594ff56b,114145.0,3,0.03125,0,0
ASUS,ASUS Vivobook,X1605VA-MB947WS,Vivobook,2021.0,Intel,Core i9 13th Gen 13900H,Core i9,13.0,,,,,Integrated,,,,8,DDR4,,512,SSD,,16.0,,,,,,,Windows 11 Home,True,139533.0,145999.0,6466.0,139533.0,142766.0,145999.0,4,https://www.flipkart.com/asus-vivobook-intel-core-i9-13th-gen-13900h-8-gb-512-gb-ssd-windows-11-home-x1605va-mb947ws-notebook/p/itmf1d631f2db825,142766.0,3,0.015625,0,0
ASUS,"ASUS Vivobook 16 , Copilot + PC with Backlit Keyboard, AI PC",,Vivobook,2025.0,Qualcomm,Snapdragon X -,Snapdragon X,,,,,,Integrated,,,,16,LPDDR5X,,512,SSD,,16.0,,,,,,,Windows 11 Home,True,76599.0,89599.0,13000.0,67800.0,79749.0,89599.0,4,https://www.flipkart.com/asus-vivobook-16-2025-copilot-pc-backlit-keyboard-ai-snapdragon-x-16-gb-512-gb-ssd-windows-11-home-x1607qa-mb050ws-thin-light-laptop/p/itm027fd729972e0,79749.0,3,0.03125,0,0
ASUS,ASUS Vivobook 15 with Office 2024 + M365 Basic*,,Vivobook,2025.0,Intel,Core i5 14th Gen 120U,Core i5,,,,,,Integrated,,,,16,DDR4,,512,SSD,,15.6,,,,,,,Windows 11 Home,True,73499.0,77000.0,3501.0,73499.0,75249.5,77000.0,6,https://www.flipkart.com/asus-vivobook-15-2025-office-2024-m365-basic-intel-core-i5-14th-gen-120u-16-gb-512-gb-ssd-windows-11-home-x1504vap-bq224ws-thin-light-laptop/p/itmd26e0b73f7d9b,75249.5,5,0.03125,0,0
ASUS,ASUS Vivobook S16,Intel,Vivobook,2026.0,Intel,Core 7 350,,,,,,,Integrated,,,,16,LPDDR5X,,512,SSD,,16.0,,,,,,,Windows 11 Home,True,121990.0,185990.0,64000.0,121990.0,153990.0,185990.0,4,https://www.flipkart.com/asus-vivobook-s16-2026-intel-core-7-350-16-gb-512-gb-ssd-windows-11-home-s5652ma-tk191ws-thin-light-laptop/p/itmd39178e5aafbd,153990.0,3,0.03125,0,0
ASUS,"ASUS Vivobook S 15 OLED Powered,",,Vivobook,2021.0,Intel,Core Ultra 7 155H,Core Ultra 7,1.0,,,,,Integrated,,,,16,LPDDR5X,,1024,SSD,,15.6,,OLED,,,,,Windows 11,True,119010.0,135999.0,16989.0,119010.0,127504.5,135999.0,8,https://www.flipkart.com/asus-vivobook-s-15-oled-powered-intel-evo-h-series-ai-pc-core-ultra-7-155h-16-gb-1-tb-ssd-windows-11-home-s5506ma-ma752ws-thin-light-laptop/p/itmd459f255adcc2,127504.5,3,0.015625,0,0
ASUS,"ASUS Vivobook 16X For Creator,",,Vivobook,,Intel,Core i5 13th Gen 13420H,Core i5,13.0,,,,,Integrated,,,,16,DDR4,,512,SSD,,16.0,,,,,,,Windows 11,True,98658.0,99990.0,1332.0,98658.0,99324.0,99990.0,4,https://www.flipkart.com/asus-vivobook-16x-creator-intel-h-series-core-i5-13th-gen-13420h-16-gb-512-gb-ssd-windows-11-home-4-graphics-nvidia-geforce-rtx-3050-144-hz-50-tgp-k3605vc-rp413ws-k3605zc-mbn542ws-gaming-laptop/p/itme304c469918e6,99324.0,3,0.03125,0,0
ASUS,ASUS Vivobook 16 with MSO 2024 + M365 Basic*,,Vivobook,2025.0,AMD,Ryzen 5 Hexa Core,Ryzen 5,,,,,,Integrated,,,,16,DDR5,,512,SSD,,16.0,,,,,,,Windows 11 Home,True,81990.0,116990.0,35000.0,81990.0,99490.0,116990.0,4,https://www.flipkart.com/asus-vivobook-16-2025-mso-2024-m365-basic-amd-ryzen-5-hexa-core-16-gb-512-gb-ssd-windows-11-home-m1605naq-mb095ws-thin-light-laptop/p/itm613ecc3e9e3af,99490.0,5,0.03125,0,0
ASUS,"ASUS Vivobook 16 with Office 2024 + M365 Basic*, Metallic Design, H",,Vivobook,2025.0,Intel,Core i7,Core i7,,,,,,Integrated,,,,16,DDR4,,512,SSD,,16.0,,,,,,,Windows 11 Home,True,98499.0,105999.0,7500.0,98499.0,102249.0,105999.0,2,https://www.flipkart.com/asus-vivobook-16-2025-office-2024-m365-basic-metallic-design-h-series-intel-core-i7-13th-gen-13620h-16-gb-512-gb-ssd-windows-11-home-x1605va-sh2010ws-thin-light-laptop/p/itm6fe80f41317ad,102249.0,5,0.03125,0,0
ASUS,"ASUS Vivobook 16X for Creator with Office 2024 + M365 Basic,",for,Vivobook,2026.0,Intel,Core i5 13th Gen 13420H,Core i5,13.0,,,,,Integrated,,,,16,DDR4,,512,SSD,,16.0,,,,,,,Windows 11 Home,True,92499.0,99499.0,7000.0,92499.0,99247.25,109000.0,4,https://www.flipkart.com/asus-vivobook-16x-2026-creator-office-2024-m365-basic-intel-core-i5-13th-gen-13420h-16-gb-512-gb-ssd-windows-11-home-4-graphics-nvidia-geforce-rtx-3050-144-hz-k3605vc-rp413ws-gaming-laptop/p/itmec40249e8fe47,99247.25,5,0.03125,0,0
ASUS,ASUS Vivobook 16 {2026},S3607VA-RP0,Vivobook,2026.0,Intel,Core i7 13th Gen 13620H,Core i7,13.0,,,,,Integrated,,,,16,DDR5,,512,SSD,,16.0,,,,,,,Windows 11 Home,True,94990.0,113985.0,18995.0,94990.0,104487.5,113985.0,4,https://www.flipkart.com/asus-vivobook-16-2026-intel-core-i7-13th-gen-13620h-16-gb-512-gb-ssd-windows-11-home-s3607va-rp083ws-laptop/p/itm0235ba9ce9919,104487.5,3,0.03125,0,0
ASUS,ASUS Vivobook S 15 OLED,S5504VA-MA951,Vivobook,,Intel,Core i9 13th Gen 13900H,Core i9,13.0,,,,,Integrated,,,,16,LPDDR5,,1024,SSD,,15.6,,OLED,,,,,Windows 11 Home,True,135499.0,144990.0,9491.0,135499.0,140244.5,144990.0,6,https://www.flipkart.com/asus-vivobook-s-15-oled-intel-core-i9-13th-gen-13900h-16-gb-1-tb-ssd-windows-11-home-s5504va-ma951ws-thin-light-laptop/p/itm8486d594ff56b,140244.5,3,0.015625,0,0
ASUS,ASUS ASUS Vivobook 16,X1605VA-SH195,Vivobook,,Intel,Core i5 13th Gen 13420H,Core i5,13.0,,,,,Integrated,,,,16,DDR4,,512,SSD,,16.0,,,,,,,Windows 11 Home,True,84690.0,99599.0,14909.0,84690.0,92144.5,99599.0,4,https://www.flipkart.com/asus-vivobook-16-intel-core-i5-13th-gen-13420h-16-gb-512-gb-ssd-windows-11-home-x1605va-sh1952ws-thin-light-laptop/p/itm055325f2540a6,92144.5,3,0.03125,0,0
ASUS,"ASUS ASUS Vivobook 16 with Office 2024 + M365 Basic, NPU up to 50TOPS",,Vivobook,2026.0,AMD,Ryzen 5 Processor,Ryzen 5,,,,,,Integrated,,,50.0,16,DDR5,,512,SSD,,16.0,,,,,,,Windows 11 Home,True,78990.0,84990.0,6000.0,78990.0,81990.0,84990.0,2,https://www.flipkart.com/asus-vivobook-16-2026-office-2024-m365-basic-npu-up-50tops-amd-ryzen-5-330-16-gb-512-gb-ssd-windows-11-home-m1607ka-mb213ws-thin-light-laptop/p/itmf5783e966ebe1,81990.0,5,0.03125,0,0
ASUS,"ASUS Zenbook A14 OLED , MSO 2024 + M365 Basic, Metal Body, Backlit Keyboard,",,Zenbook,2025.0,Qualcomm,Snapdragon X -,Snapdragon X,,,,,,Integrated,,,,16,LPDDR5X,,512,SSD,,14.0,,OLED,,,,,Windows 11 Home,True,79851.0,122990.0,43139.0,79851.0,99859.5,122990.0,14,https://www.flipkart.com/asus-zenbook-a14-oled-2025-mso-2024-m365-basic-metal-body-backlit-keyboard-snapdragon-x-16-gb-512-gb-ssd-windows-11-home-ux3407qa-qd259ws-thin-light-laptop/p/itm7d82cad4d12b8,99859.5,5,0.03125,0,0
ASUS,ASUS Zenbook 14 OLED AI PC,UX3405MA-PZ752WS,Zenbook,,Intel,Core Ultra 7 155H,Core Ultra 7,1.0,,,,,Integrated,,,,16,LPDDR5X,,1024,SSD,,14.0,,OLED,,True,,,Windows 11 Home,True,149999.0,158900.0,8901.0,149999.0,154449.5,158900.0,2,https://www.flipkart.com/asus-zenbook-14-oled-ai-pc-intel-core-ultra-7-155h-16-gb-1-tb-ssd-windows-11-home-ux3405ma-pz752ws-thin-light-laptop/p/itm859da18328490,154449.5,3,0.015625,0,0
ASUS,"ASUS Zenbook A14 OLED , MSO 2024 + M365 Basic, Metal Body, Backlit Keyboard,",,Zenbook,2025.0,Qualcomm,Snapdragon X Processor 16 GB LPDDR5X RAM Windows 11 Home Operating System 512 GB SSD 35,Snapdragon X,,,,,,Integrated,,,,16,LPDDR5X,,512,SSD,,14.0,,OLED,,,,,Windows 11 Home,True,92325.0,129990.0,37665.0,92325.0,111157.5,129990.0,4,https://www.flipkart.com/asus-zenbook-a14-oled-2025-mso-2024-m365-basic-metal-body-backlit-keyboard-snapdragon-x-16-gb-512-gb-ssd-windows-11-home-ux3407ra-qd061ws-thin-light-laptop/p/itm58ffb8c2fccab,111157.5,5,0.03125,0,0
ASUS,ASUS Zenbook 14 OLED AI PC,UX3405MA-PZ962WS,Zenbook,,Intel,Core Ultra 9 185H,Core Ultra 9,1.0,,,,,Integrated,,,,32,LPDDR5X,,1024,SSD,,14.0,,OLED,,True,,,Windows 11 Home,True,161802.0,189999.0,28197.0,161802.0,175900.5,189999.0,2,https://www.flipkart.com/asus-zenbook-14-oled-ai-pc-intel-core-ultra-9-185h-32-gb-1-tb-ssd-windows-11-home-ux3405ma-pz962ws-thin-light-laptop/p/itm859da18328490,175900.5,3,0.03125,0,0
ASUS,"ASUS Zenbook A14 OLED , MSO 2024 + M365 Basic, Metal Body, Backlit Keyboard,",,Zenbook,2025.0,Qualcomm,Snapdragon X Elite Processor 16 GB LPDDR5X RAM Windows 11 Home Operating System 512 GB SSD 35,Snapdragon X,,,,,,Integrated,,,,16,LPDDR5X,,512,SSD,,14.0,,OLED,,,,,Windows 11 Home,True,88499.0,96990.0,8491.0,88499.0,92744.5,96990.0,2,https://www.flipkart.com/asus-zenbook-a14-oled-2025-mso-2024-m365-basic-metal-body-backlit-keyboard-snapdragon-x-elite-16-gb-512-gb-ssd-windows-11-home-ux3407ra-qd054ws-thin-light-laptop/p/itmf32d7dd995025,92744.5,5,0.03125,0,0
ASUS,ASUS Zenbook 14 Flip OLED,,Zenbook,,Intel,Core i7 12th Gen 12700H,Core i7,12.0,,,,,Integrated,,,,16,LPDDR5,,512,SSD,,14.0,,OLED,,True,,,Windows 11,True,132556.0,145999.0,13443.0,132556.0,139277.5,145999.0,2,https://www.flipkart.com/asus-zenbook-14-flip-oled-intel-h-series-core-i7-12th-gen-12700h-16-gb-512-gb-ssd-windows-11-home-up5401za-ku741ws-2-1-laptop/p/itmcd9a30bec25cc,139277.5,3,0.03125,0,0
ASUS,ASUS Zenbook Duo OLED AI PC,UX8406MA-QL971W,Zenbook,,Intel,Core Ultra 9 185H,Core Ultra 9,1.0,,,,,Integrated,,,,32,LPDDR5X,,2048,SSD,,14.0,,OLED,,True,,,Windows 11 Home,True,264900.0,299900.0,35000.0,264900.0,282400.0,299900.0,6,https://www.flipkart.com/asus-zenbook-duo-oled-ai-pc-intel-core-ultra-9-185h-32-gb-2-tb-ssd-windows-11-home-ux8406ma-ql971ws-dual-screen-laptop/p/itm604adf73d3817,282400.0,3,0.015625,0,0
ASUS,ASUS ExpertBook P3 with 1 Yr ADP Metal,,ExpertBook,2024.0,Intel,Core i5 13th Gen 13420H,Core i5,13.0,,,,,Integrated,,,,16,DDR5,,512,SSD,,14.0,,,,,,,Windows 11 Home,True,77102.0,121999.0,44897.0,77102.0,99550.5,121999.0,4,https://www.flipkart.com/asus-expertbook-p3-1-yr-adp-metal-intel-core-i5-13th-gen-13420h-16-gb-512-gb-ssd-windows-11-home-p3405cva-ly0015ws-thin-light-laptop/p/itm09459c3a8fab7,99550.5,3,0.03125,0,0
ASUS,ASUS ExpertBook P1 with 1 Yr ADP,Intel,ExpertBook,,Intel,Core 3 14th Gen 100U,,,,,,,Integrated,,,,16,DDR5,,512,SSD,,15.6,,,,,,,Windows 11 Home,True,65990.0,74990.0,9000.0,65990.0,70490.0,74990.0,8,https://www.flipkart.com/asus-expertbook-p1-1-yr-adp-i3-14th-gen-intel-core-3-gen-100u-16-gb-512-gb-ssd-windows-11-home-p1503cva-s72563ws-thin-light-laptop/p/itm10d580f1a9a13,70490.0,3,0.03125,0,0
ASUS,ASUS Expertbook P3 Metal High,,ExpertBook,2024.0,Intel,Core i5 13th Gen 13420H,Core i5,13.0,,,,,Integrated,,,,16,DDR5,,512,SSD,,14.0,,,,,,,Windows 11 Home,True,85564.0,95990.0,10426.0,85564.0,90777.0,95990.0,2,https://www.flipkart.com/asus-expertbook-p3-metal-high-performance-processor-intel-core-i5-13th-gen-13420h-16-gb-512-gb-ssd-windows-11-home-p3405cva-ly0015ws-thin-light-laptop/p/itm09459c3a8fab7,90777.0,3,0.03125,0,0
ASUS,ASUS ZenBook 13 OLED,OLED,Zenbook,2021.0,Intel,Core i5 11th Gen 1135G,Core i5,,,,,,Integrated,,,,16,LPDDR4X,,512,SSD,,13.3,,OLED,,,,,Windows 10,True,97989.0,99990.0,2001.0,97989.0,98989.5,99990.0,2,https://www.flipkart.com/asus-zenbook-13-2021-oled-intel-evo-core-i5-11th-gen-1135g7-16-gb-512-gb-ssd-windows-10-home-ux325ea-kg511ts-thin-light-laptop/p/itmf99ebafecf1db,98989.5,3,0.03125,0,0
ASUS,ASUS ROG Zephyrus G14 OLED,Intel,ROG,2026.0,Intel,Core Ultra 9 386H,Core Ultra 9,1.0,,,,,Integrated,,,,32,LPDDR5X,,1024,SSD,,14.0,,OLED,,,,,Windows 11 Home,True,359990.0,443990.0,84000.0,359990.0,401990.0,443990.0,4,https://www.flipkart.com/asus-rog-zephyrus-g14-oled-2026-intel-core-ultra-9-386h-32-gb-1-tb-ssd-windows-11-home-8-gb-graphics-nvidia-geforce-rtx-5070-120-hz-gu405ap-sy041ws-gaming-laptop/p/itmb2318ae116edf,401990.0,3,0.03125,0,1
ASUS,ASUS TUF Gaming F15,,TUF Gaming,,Intel,Core i5 12th Gen 12500H,Core i5,12.0,,,,,Integrated,,,,16,DDR4,,512,SSD,,15.6,,,,,,,Windows 11 Home,True,64990.0,87990.0,23000.0,64990.0,76490.0,87990.0,6,https://www.flipkart.com/asus-tuf-gaming-f15-intel-core-i5-12th-gen-12500h-16-gb-512-gb-ssd-windows-11-home-4-graphics-nvidia-geforce-rtx-3050-144-hz-95-w-fx507zc4-hn116w-laptop/p/itm18565b89ac405,76490.0,3,0.03125,0,1
ASUS,ASUS TUF Gaming F15,,TUF Gaming,,Intel,Core i5 11th Gen 11260H,Core i5,11.0,,,,,Integrated,,,,8,DDR4,,512,SSD,,15.6,,,,,,,Windows 11,True,48990.0,75990.0,27000.0,48990.0,62490.0,75990.0,16,https://www.flipkart.com/asus-tuf-gaming-f15-ai-powered-intel-core-i5-11th-gen-11260h-8-gb-512-gb-ssd-windows-11-home-4-graphics-nvidia-geforce-rtx-2050-144-hz-70-tgp-fx506hf-hn075w-laptop/p/itmbd858702e076f,62490.0,3,0.015625,0,1
ASUS,ASUS TUF Gaming F16 with MSO 2024+M365 Basic,,TUF Gaming,2025.0,Intel,Core 5,,,,,,,Integrated,,,,16,DDR5,,512,SSD,,16.0,,,,,,,Windows 11 Home,True,74990.0,91990.0,17000.0,74990.0,83490.0,91990.0,16,https://www.flipkart.com/asus-tuf-gaming-f16-2025-mso-2024-m365-basic-i5-14th-gen-intel-core-5-16-gb-512-gb-ssd-windows-11-home-6-graphics-nvidia-geforce-rtx-3050-144-hz-fx607vjb-rl179ws-laptop/p/itmc80d5869a7145,83490.0,5,0.03125,0,1
ASUS,ASUS TUF Gaming F16,Intel,TUF Gaming,2026.0,Intel,Core 5 205H,,,,,,,Integrated,,,,16,DDR5,,512,SSD,,16.0,,,,,,,Windows 11 Home,True,113990.0,187990.0,74000.0,113990.0,150990.0,187990.0,8,https://www.flipkart.com/asus-tuf-gaming-f16-2026-intel-core-5-205h-16-gb-512-gb-ssd-windows-11-home-6-graphics-nvidia-geforce-rtx-3050-144-hz-fx607vjr-tu325ws-laptop/p/itmd82bed10e6e5f,150990.0,3,0.03125,0,1
ASUS,ASUS TUF Gaming 16,Intel,TUF Gaming,2026.0,Intel,Core i7 14th Gen 14650HX,Core i7,14.0,,,,,Integrated,,,,16,DDR5,,512,SSD,,16.0,,,,,,,Windows 11 Home,True,209990.0,259990.0,50000.0,209990.0,234990.0,259990.0,8,https://www.flipkart.com/asus-tuf-gaming-16-2026-intel-core-i7-14th-gen-14650hx-16-gb-512-gb-ssd-windows-11-home-8-graphics-nvidia-geforce-rtx-5060-144-hz-fx610jm-tu105ws-laptop/p/itm74aafa8d0d891,234990.0,3,0.03125,0,1
ASUS,ASUS TUF Gaming A15,,TUF Gaming,,AMD,Ryzen 7 Hexa Core,Ryzen 7,,,,,,Integrated,,,,16,DDR5,,512,SSD,,15.6,,,,,,,Windows 11 Home,True,99000.0,109900.0,10900.0,99000.0,104450.0,109900.0,6,https://www.flipkart.com/asus-tuf-gaming-a15-amd-ryzen-7-hexa-core-16-gb-512-gb-ssd-windows-11-home-4-graphics-nvidia-geforce-rtx-3050-144-hz-fa506ncg-hn199w-laptop/p/itmca7ce1e457d2f,104450.0,3,0.03125,0,1
ASUS,ASUS TUF Gaming 16,Intel,TUF Gaming,2026.0,Intel,Core i5 14th Gen 14450HX,Core i5,14.0,,,,,Integrated,,,,16,DDR5,,512,SSD,,16.0,,,,,,,Windows 11 Home,True,179990.0,220990.0,41000.0,159990.0,196323.33,220990.0,6,https://www.flipkart.com/asus-tuf-gaming-16-2026-intel-core-i5-14th-gen-14450hx-16-gb-512-gb-ssd-windows-11-home-8-graphics-nvidia-geforce-rtx-5050-144-hz-fx610jh-tu080ws-laptop/p/itm94081bed09808,196323.33,3,0.03125,0,1
ASUS,"ASUS TUF Gaming F16 with MSO 2024+M365 Basic,",,TUF Gaming,2026.0,Intel,Core 5 210H,,,,,,,Integrated,,,,16,DDR5,,1024,SSD,,16.0,,,,,,,Windows 11 Home,True,119010.0,128999.0,9989.0,119010.0,124004.5,128999.0,8,https://www.flipkart.com/asus-tuf-gaming-f16-2026-mso-2024-m365-basic-i5-14th-gen-intel-core-5-210h-16-gb-1-tb-ssd-windows-11-home-6-gb-graphics-nvidia-geforce-rtx-3050-144-hz-fx607vjb-rl215ws-laptop/p/itm206df5e4da94e,124004.5,5,0.015625,0,1
ASUS,ASUS TUF Gaming A15,AMD,TUF Gaming,2026.0,AMD,Ryzen 7 Processor,Ryzen 7,,,,,,Integrated,,,,16,DDR5,,1024,SSD,,15.6,,,,,,,Windows 11 Home,True,79990.0,90990.0,11000.0,79990.0,102956.67,184990.0,30,https://www.flipkart.com/asus-tuf-gaming-a15-2026-amd-ryzen-7-170-16-gb-1-tb-ssd-windows-11-home-4-gb-graphics-nvidia-geforce-rtx-3050-fa506ncq-hn008w-laptop/p/itm187b00d3b76d3,102956.67,3,0.015625,0,1
ASUS,ASUS TUF Gaming A15,AMD,TUF Gaming,2026.0,AMD,Ryzen 7 Processor,Ryzen 7,,,,,,Integrated,,,,16,DDR5,,512,SSD,,15.6,,,,,,,Windows 11 Home,True,108000.0,150000.0,42000.0,70990.0,105062.37,161990.0,76,https://www.flipkart.com/asus-tuf-gaming-a15-2026-amd-ryzen-7-170-16-gb-512-gb-ssd-windows-11-home-4-graphics-nvidia-geforce-rtx-3050-144-hz-fa506ncq-in080w-laptop/p/itma115637c33b5e,105062.37,3,0.03125,0,1
ASUS,ASUS TUF Gaming A15,AMD,TUF Gaming,2025.0,AMD,Ryzen 7 Hexa Core 7445HS,Ryzen 7,7.0,,,,,Integrated,,,,16,DDR5,,512,SSD,,15.6,,,,,,,Windows 11 Home,True,95499.0,111500.0,16001.0,95499.0,103499.5,111500.0,4,https://www.flipkart.com/asus-tuf-gaming-a15-2025-amd-ryzen-7-hexa-core-7445hs-16-gb-512-gb-ssd-windows-11-home-4-graphics-nvidia-geforce-rtx-3050-144-hz-fa506ncg-hn200ws-laptop/p/itmc92c1a23d996e,103499.5,3,0.03125,0,1
ASUS,ASUS ROG Zephyrus G14 OLED,AMD,ROG,2026.0,AMD,Ryzen AI 9 10 Core 465 -,Ryzen AI 9,,,,,,Integrated,,,,32,LPDDR5X,,2048,SSD,,14.0,,OLED,,,,,Windows 11 Home,True,289990.0,467990.0,178000.0,289990.0,378990.0,467990.0,2,https://www.flipkart.com/asus-rog-zephyrus-g14-oled-2026-amd-ryzen-ai-9-10-core-465-32-gb-2-tb-ssd-windows-11-home-8-gb-graphics-nvidia-geforce-rtx-5060-120-hz-ga403gm-sy132ws-gaming-laptop/p/itmf6aebb8f62203,378990.0,3,0.015625,0,1
ASUS,ASUS TUF Gaming A16 with Office 2024 + M365 Basic,,TUF Gaming,2026.0,AMD,Ryzen 7 Processor,Ryzen 7,,,,,,Integrated,,,,16,DDR5,,1024,SSD,,16.0,,,,,,,Windows 11 Home,True,108990.0,138990.0,30000.0,108990.0,168556.67,298990.0,30,https://www.flipkart.com/asus-tuf-gaming-a16-2026-office-2024-m365-basic-amd-ryzen-7-170-16-gb-1-tb-ssd-windows-11-home-6-gb-graphics-nvidia-geforce-rtx-4050-144-hz-fa607nuq-rl063ws-laptop/p/itm1aa44a98b02d2,168556.67,5,0.015625,0,1
ASUS,ASUS TUF Gaming A16 with Office 2024 + M365 Basic,,TUF Gaming,2026.0,AMD,Ryzen 7 Processor,Ryzen 7,,,,,,Integrated,,,,16,DDR5,,512,SSD,,16.0,,,,,,,Windows 11 Home,True,140000.0,150000.0,10000.0,140000.0,145000.0,150000.0,4,https://www.flipkart.com/asus-tuf-gaming-a16-2026-office-2024-m365-basic-amd-ryzen-7-170-16-gb-512-gb-ssd-windows-11-home-6-graphics-nvidia-geforce-rtx-4050-144-hz-fa607nuq-rl047ws-laptop/p/itmcac2714aed5d9,145000.0,5,0.03125,0,1
ASUS,ASUS ROG Flow X13 with Radeon RX 6850M XT eGPU,,ROG,,AMD,Ryzen 7 Octa Core 6800HS,Ryzen 7,6.0,,,,,Integrated,,,,32,LPDDR5,,1024,SSD,,13.4,,,,True,,,Windows 11,True,234288.0,380999.0,146711.0,234288.0,307643.5,380999.0,4,https://www.flipkart.com/asus-rog-flow-x13-radeon-rx-6850m-xt-egpu-amd-ryzen-7-octa-core-6800hs-32-gb-1-tb-ssd-windows-11-home-4-gb-graphics-nvidia-geforce-rtx-3050-ti-gv301re-li200ws-2-1-gaming-laptop/p/itm0655ced7506d5,307643.5,3,0.03125,0,1
ASUS,"ASUS ROG Flow Z13 for Creator with Touch Screen, MSO 2024 + M365 Basic ,AI PC",for,ROG,2025.0,AMD,Ryzen AI Max,Ryzen AI Max,,,,,,Integrated,,,,32,LPDDR5X,,1024,SSD,,13.4,,,,True,,,Windows 11 Home,True,275990.0,279990.0,4000.0,275990.0,277990.0,279990.0,2,https://www.flipkart.com/asus-rog-flow-z13-2025-creator-touch-screen-mso-2024-m365-basic-ai-pc-amd-ryzen-ai-max-32-gb-1-tb-ssd-windows-11-home-amd-radeon-8060s-180-ghz-gz302ea-ru520ws-gaming-laptop/p/itmc0aad1912b042,277990.0,5,0.03125,0,1
ASUS,ASUS ROG Strix G16 AI PC with Office 2024 + M365 Basic*,AI,ROG,2025.0,Intel,Core Ultra 9 275HX,Core Ultra 9,1.0,,,,,Integrated,,,,32,DDR5,,1024,SSD,,16.0,,,,,,,Windows 11 Home,True,292301.0,359999.0,67698.0,292301.0,326150.0,359999.0,2,https://www.flipkart.com/asus-rog-strix-g16-2025-ai-pc-office-2024-m365-basic-intel-core-ultra-9-275hx-32-gb-1-tb-ssd-windows-11-home-12-gb-graphics-nvidia-geforce-rtx-5070-ti-240-hz-140-w-g615lr-s5190ws-gaming-laptop/p/itm59ca3b2dafe6c,326150.0,5,0.03125,0,1
ASUS,ASUS ROG Strix Scar 16,,ROG,,Intel,Core i9 14th Gen 14900HX,Core i9,14.0,,,,,Integrated,,,,32,DDR5,,2048,SSD,,16.0,,,,,,,Windows 11 Home,True,279990.0,347990.0,68000.0,279990.0,313990.0,347990.0,6,https://www.flipkart.com/asus-rog-strix-scar-16-intel-core-i9-14th-gen-14900hx-32-gb-2-tb-ssd-windows-11-home-12-gb-graphics-nvidia-geforce-rtx-4080-g634jzr-cm932ws-gaming-laptop/p/itm51c647c5f1bcb,313990.0,3,0.015625,0,1
Lenovo,Lenovo IdeaPad Slim 3,81X800J3IN,IdeaPad,2021.0,Intel,Core i3 11th Gen 1115G,Core i3,,,,,,Integrated,,,,8,DDR4,,512,SSD,,15.6,,,,,,,Windows 11 Home,True,35950.0,57890.0,21940.0,35950.0,46920.0,57890.0,8,https://www.flipkart.com/lenovo-ideapad-slim-3-intel-core-i3-11th-gen-1115g4-8-gb-512-gb-ssd-windows-11-home-81x800j3in-81x800lgin-81x800n2in-thin-light-laptop/p/itmf7ba442601f89,46920.0,3,0.015625,0,0
Lenovo,Lenovo IdeaPad Slim 3,15ITL6,IdeaPad,,Intel,Core i3 11th Gen,Core i3,,,,,,Integrated,,,,8,DDR4,,256,SSD,,15.6,,,,,,,Windows 11 Home,True,34960.0,49190.0,14230.0,34960.0,47178.75,65990.0,8,https://www.flipkart.com/lenovo-ideapad-slim-3-intel-core-i3-11th-gen-8-gb-256-gb-ssd-windows-11-home-15itl6-thin-light-laptop/p/itmf7ba442601f89,47178.75,3,0.03125,0,0
Lenovo,Lenovo IdeaPad Slim 3,IdeaPad,IdeaPad,2024.0,AMD,Ryzen 3 Processor,Ryzen 3,,,,,,Integrated,,,,16,LPDDR5,,512,SSD,,15.6,,,,,,,Windows 11 Home,True,56680.0,111490.0,54810.0,56680.0,84085.0,111490.0,16,https://www.flipkart.com/lenovo-ideapad-slim-3-amd-ryzen-30-16-gb-512-gb-ssd-windows-11-home-15amn8-thin-light-laptop/p/itm802da1c81a2d7,84085.0,3,0.03125,0,0
Lenovo,Lenovo,IdeaPad,,2024.0,AMD,Ryzen 3 Quad Core,Ryzen 3,,,,,,Integrated,,,,8,LPDDR5,,512,SSD,,15.6,,,,,,,Windows 11 Home,True,52990.0,90980.0,37990.0,52990.0,71985.0,90980.0,8,https://www.flipkart.com/lenovo-amd-ryzen-3-quad-core-30-8-gb-512-gb-ssd-windows-11-home-ideapad-slim-15amn8-thin-light-laptop/p/itm136b8d3fe3ffc,71985.0,3,0.015625,0,0
Lenovo,Lenovo IdeaPad Slim 3,83K100RWIN,IdeaPad,2024.0,Intel,Core i5 13th Gen 13420H,Core i5,13.0,,,,,Integrated,,,,16,DDR5,,512,SSD,,15.6,,,,,,,Windows 11 Home,True,79900.0,99999.0,20099.0,79900.0,89949.5,99999.0,4,https://www.flipkart.com/lenovo-ideapad-slim-3-intel-core-i5-13th-gen-13420h-16-gb-512-gb-ssd-windows-11-home-83k100rwin-thin-light-laptop/p/itme918bcae089c6,89949.5,3,0.03125,0,0
Lenovo,Lenovo IdeaPad Slim 3,82XQ00W4IN,IdeaPad,2024.0,AMD,Ryzen 5 7520U,Ryzen 5,7.0,,,,,Integrated,,,,16,LPDDR5,,512,SSD,,15.6,,,,,,,Windows 11 Home,True,68000.0,80000.0,12000.0,68000.0,74000.0,80000.0,10,https://www.flipkart.com/lenovo-ideapad-slim-3-amd-ryzen-5-7520u-16-gb-512-gb-ssd-windows-11-home-82xq00w4in-thin-light-laptop/p/itm8182fdeed4c19,74000.0,3,0.03125,0,0
Lenovo,Lenovo Ideapad Slim 3i,Ideapad,IdeaPad,2021.0,Intel,Core i5 11th Gen 1155G,Core i5,,,,,,Integrated,,,,8,DDR4,,512,SSD,,15.6,,,,,,,Windows 11 Home,True,54990.0,84998.0,30008.0,54990.0,69994.0,84998.0,2,https://www.flipkart.com/lenovo-ideapad-slim-3i-intel-core-i5-11th-gen-1155g7-8-gb-512-gb-ssd-windows-11-home-3-thin-light-laptop/p/itm4a1dfc32cc4a9,69994.0,3,0.015625,0,0
Lenovo,Lenovo IdeaPad Slim 3,14ITL6,IdeaPad,,Intel,Core i3 11th Gen 1115G,Core i3,,,,,,Integrated,,,,8,DDR4,,512,SSD,,14.0,,,,,,,Windows 11 Home,True,58990.0,61390.0,2400.0,58990.0,60190.0,61390.0,8,https://www.flipkart.com/lenovo-ideapad-slim-3-intel-core-i3-11th-gen-1115g4-8-gb-512-gb-ssd-windows-11-home-14itl6-thin-light-laptop/p/itmc8cde945d4650,60190.0,3,0.015625,0,0
Lenovo,Lenovo IdeaPad Slim 3,82X700HJIN,IdeaPad,2024.0,Intel,Core i3 13th Gen 1315U,Core i3,,,,,,Integrated,,,,8,LPDDR5,,512,SSD,,15.6,,,,,,,Windows 11 Home,True,57890.0,75990.0,18100.0,57890.0,66940.0,75990.0,2,https://www.flipkart.com/lenovo-ideapad-slim-3-intel-core-i3-13th-gen-1315u-8-gb-512-gb-ssd-windows-11-home-82x700hjin-thin-light-laptop/p/itm3cd481cde8db3,66940.0,3,0.015625,0,0
Lenovo,Lenovo IdeaPad Slim 3,Ideapad,IdeaPad,2024.0,AMD,Ryzen 5 Hexa Core 5500U,Ryzen 5,5.0,,,,,Integrated,,,,16,DDR5,,512,SSD,,15.6,,,,,,,Windows 11 Home,True,62811.0,75590.0,12779.0,62811.0,69200.5,75590.0,2,https://www.flipkart.com/lenovo-ideapad-slim-3-amd-ryzen-5-hexa-core-5500u-16-gb-512-gb-ssd-windows-11-home-15amn8-thin-light-laptop/p/itme83dcbee489e2,69200.5,3,0.03125,0,0
Lenovo,Lenovo IdeaPad Slim 3i,Ideapad,IdeaPad,2024.0,Intel,Core i5 13th Gen 13420H,Core i5,13.0,,,,,Integrated,,,,8,DDR5,,512,SSD,,15.3,,,,,,,Windows 11 Home,True,68798.0,70790.0,1992.0,68798.0,69794.0,70790.0,2,https://www.flipkart.com/lenovo-ideapad-slim-3i-intel-core-i5-13th-gen-13420h-8-gb-512-gb-ssd-windows-11-home-3-thin-light-laptop/p/itmdf5e05ef76670,69794.0,3,0.015625,0,0
Lenovo,Lenovo IdeaPad Slim 3 with 1Year ADP,15AMN8,IdeaPad,2024.0,AMD,Ryzen 5 Processor,Ryzen 5,,,,,,Integrated,,,,16,LPDDR5,,512,SSD,,15.6,,,,,,,Windows 11 Home,True,61890.0,72290.0,10400.0,61890.0,67090.0,72290.0,10,https://www.flipkart.com/lenovo-ideapad-slim-3-1year-adp-amd-ryzen-5-40-16-gb-512-gb-ssd-windows-11-home-15amn8-laptop/p/itmab007bf5f82a8,67090.0,3,0.03125,0,0
Lenovo,Lenovo IdeaPad Slim 3,IdeaPad,IdeaPad,2024.0,AMD,Ryzen 5 Quad Core 7520U,Ryzen 5,7.0,,,,,Integrated,,,,16,LPDDR5,,512,SSD,,15.6,,,,,,,Windows 11 Home,True,61890.0,122168.0,60278.0,61890.0,90782.9,122168.0,10,https://www.flipkart.com/lenovo-ideapad-slim-3-amd-ryzen-5-quad-core-7520u-16-gb-512-gb-ssd-windows-11-home-15amn8-thin-light-laptop/p/itmcc48b254511d2,90782.9,3,0.03125,0,0
Lenovo,Lenovo IdeaPad Slim 3,83N3002QIN,IdeaPad,2024.0,Qualcomm,Snapdragon X -,Snapdragon X,,,,,,Integrated,,,,16,LPDDR5X,,512,SSD,,15.3,,,,,,,Windows 11 Home,True,70254.0,101999.0,31745.0,70254.0,86126.5,101999.0,10,https://www.flipkart.com/lenovo-ideapad-slim-3-snapdragon-x-16-gb-512-gb-ssd-windows-11-home-83n3002qin-thin-light-laptop/p/itmb9c772c9a2fa8,86126.5,3,0.03125,0,0
Lenovo,Lenovo IdeaPad Slim 3 WUXGA IPS,15I,IdeaPad,2024.0,Intel,Core i5 13th Gen 13420H,Core i5,13.0,,,,,Integrated,,,,16,DDR5,,512,SSD,,15.3,,IPS,,,,,Windows 11 Home,True,79990.0,99000.0,19010.0,79990.0,89495.0,99000.0,8,https://www.flipkart.com/lenovo-ideapad-slim-3-wuxga-ips-intel-core-i5-13th-gen-13420h-16-gb-512-gb-ssd-windows-11-home-15irh10-thin-light-laptop/p/itm141f9075d4f0c,89495.0,3,0.03125,0,0
Lenovo,Lenovo IdeaPad Slim 3,15Q8X10,IdeaPad,2024.0,Qualcomm,Snapdragon X -,Snapdragon X,,,,,,Integrated,,,,16,LPDDR5X,,512,SSD,,15.3,,,,,,,Windows 11 Home,True,73847.0,98990.0,25143.0,73847.0,86418.5,98990.0,10,https://www.flipkart.com/lenovo-ideapad-slim-3-snapdragon-x-16-gb-512-gb-ssd-windows-11-home-15q8x10-thin-light-laptop/p/itmd7e5b6cc991fe,86418.5,3,0.03125,0,0
Lenovo,Lenovo IdeaPad Slim 3,15IRU8,IdeaPad,2021.0,Intel,Core i3 13th Gen 1305U,Core i3,,,,,,Integrated,,,,8,LPDDR5,,512,SSD,,15.6,,,,,,,Windows 11 Home,True,55990.0,59990.0,4000.0,55500.0,58743.33,65000.0,6,https://www.flipkart.com/lenovo-ideapad-slim-3-intel-core-i3-13th-gen-1305u-8-gb-512-gb-ssd-windows-11-home-15iru8-thin-light-laptop/p/itm726ac134d0530,58743.33,3,0.015625,0,0
Lenovo,Lenovo IdeaPad Slim 3,15IAU7,IdeaPad,,Intel,Core i3 12th Gen 1215U,Core i3,,,,,,Integrated,,,,8,DDR4,,512,SSD,,15.6,,,,,,,Windows 11 Home,True,53990.0,63000.0,9010.0,53990.0,58216.55,63000.0,20,https://www.flipkart.com/lenovo-ideapad-slim-3-intel-core-i3-12th-gen-1215u-8-gb-512-gb-ssd-windows-11-home-15iau7-thin-light-laptop/p/itm58722d471ef90,58216.55,3,0.015625,0,0
Lenovo,Lenovo IdeaPad Slim 3,15IAU7,IdeaPad,,Intel,Core i5 12th Gen 1235U,Core i5,,,,,,Integrated,,,,8,DDR4,,512,SSD,,15.6,,,,,,,Windows 11 Home,True,71990.0,76890.0,4900.0,71990.0,74440.0,76890.0,2,https://www.flipkart.com/lenovo-ideapad-slim-3-intel-core-i5-12th-gen-1235u-8-gb-512-gb-ssd-windows-11-home-15iau7-thin-light-laptop/p/itme38b4c2cd4dfa,74440.0,3,0.015625,0,0
Lenovo,Lenovo IdeaPad Slim 3,15ITL6,IdeaPad,,Intel,Core i5 11th Gen 1155G,Core i5,,,,,,Integrated,,,,8,DDR4,,512,SSD,,15.6,,,,,,,Windows 11 Home,True,50134.0,69890.0,19756.0,50134.0,60012.0,69890.0,4,https://www.flipkart.com/lenovo-ideapad-slim-3-intel-core-i5-11th-gen-1155g7-8-gb-512-gb-ssd-windows-11-home-15itl6-thin-light-laptop/p/itmf7ba442601f89,60012.0,3,0.015625,0,0
Lenovo,Lenovo,IdeaPad,,,Intel,Core i7 13th Gen,Core i7,,,,,,Integrated,,,,16,LPDDR5,,512,SSD,,15.6,,,,,,,Windows 11 Home,True,87990.0,89990.0,2000.0,87990.0,88990.0,89990.0,4,https://www.flipkart.com/lenovo-intel-core-i7-13th-gen-16-gb-512-gb-ssd-windows-11-home-ideapad-slim-3-laptop/p/itm4b669f3ba22f7,88990.0,3,0.03125,0,0
Lenovo,Lenovo IdeaPad Slim 3,82H803LNIN,IdeaPad,2021.0,Intel,Core i7 11th Gen 1165G,Core i7,,,,,,Integrated,,,,16,DDR4,,512,SSD,,15.6,,,,,,,Windows 11 Home,True,87990.0,89990.0,2000.0,87990.0,88990.0,89990.0,2,https://www.flipkart.com/lenovo-ideapad-slim-3-intel-core-i7-11th-gen-1165g7-16-gb-512-gb-ssd-windows-11-home-82h803lnin-thin-light-laptop/p/itm8bbee35311c52,88990.0,3,0.03125,0,0
Lenovo,Lenovo Ideapad Slim 3i,Intel,IdeaPad,2021.0,Intel,Core i3 10th Gen 1135G,Core i3,,,,,,Integrated,,,,4,DDR4,,256,SSD,,15.6,,,,,,,Windows 10,True,35690.0,50990.0,15300.0,35690.0,43340.0,50990.0,10,https://www.flipkart.com/lenovo-ideapad-slim-3i-2021-intel-core-i3-10th-gen-1135g7-4-gb-256-gb-ssd-windows-10-home-3-15iml05-thin-light-laptop/p/itmb451b786fbcd7,43340.0,3,0.015625,0,0
Lenovo,Lenovo IdeaPad 3,81WB010XIN,IdeaPad,,Intel,Core i3 10th Gen,Core i3,,,,,,Integrated,,,,4,DDR4,,256,SSD,,15.6,,,,,,,Windows 10,True,34990.0,49999.0,15009.0,34990.0,42494.5,49999.0,8,https://www.flipkart.com/lenovo-ideapad-3-intel-core-i3-10th-gen-4-gb-256-gb-ssd-windows-10-home-81wb010xin-laptop/p/itmf7468c9543cbe,42494.5,3,0.015625,0,0
Lenovo,Lenovo IdeaPad 3,81WA00K1IN,IdeaPad,,Intel,Core i3 10th Gen,Core i3,,,,,,Integrated,,,,8,DDR4,,256,SSD,,14.0,,,,,,,Windows 10,True,34990.0,59990.0,25000.0,34990.0,47490.0,59990.0,8,https://www.flipkart.com/lenovo-ideapad-3-intel-core-i3-10th-gen-8-gb-256-gb-ssd-windows-10-home-81wa00k1in-laptop/p/itmf7468c9543cbe,47490.0,3,0.03125,0,0
Lenovo,Lenovo Ideapad Slim 3i,15ITL6,IdeaPad,,Intel,Core i5 11th Gen 1135G,Core i5,,,,,,Integrated,,,,8,DDR4,,256,SSD,,15.6,,,,,,,Windows 10,True,49999.0,75390.0,25391.0,49999.0,62694.5,75390.0,4,https://www.flipkart.com/lenovo-ideapad-slim-3i-intel-core-i5-11th-gen-1135g7-8-gb-256-gb-ssd-windows-10-home-15itl6-15itl6-ub-thin-light-laptop/p/itmf21bddb246f64,62694.5,3,0.03125,0,0
Lenovo,Lenovo IdeaPad Slim,82X700E0IN,IdeaPad,,Intel,Core i3 13th Gen 1315U,Core i3,,,,,,Integrated,,,,8,LPDDR5,,512,SSD,,15.6,,,,,,,Windows 11 Home,True,59990.0,67990.0,8000.0,59990.0,63990.0,67990.0,4,https://www.flipkart.com/lenovo-ideapad-slim-intel-core-i3-13th-gen-1315u-8-gb-512-gb-ssd-windows-11-home-82x700e0in-laptop/p/itmf41448c18ce0c,63990.0,3,0.015625,0,0
Lenovo,Lenovo IdeaPad Slim 3,14,IdeaPad,,AMD,Ryzen 5 Hexa Core 5500U,Ryzen 5,5.0,,,,,Integrated,,,,8,DDR4,,512,SSD,,14.0,,,,,,,Windows 11 Home,True,61990.0,75490.0,13500.0,61990.0,68740.0,75490.0,12,https://www.flipkart.com/lenovo-ideapad-slim-3-amd-ryzen-5-hexa-core-5500u-8-gb-512-gb-ssd-windows-11-home-14-alc-6-thin-light-laptop/p/itmf47e2a5bdd8eb,68740.0,3,0.015625,0,0
Lenovo,Lenovo IdeaPad Slim 3 Backlit,15IAH,IdeaPad,,Intel,Core i5 12th Gen 12450H,Core i5,12.0,,,,,Integrated,,,,16,LPDDR5,,512,SSD,,15.6,,,,,,,Windows 11 Home,True,75900.0,79999.0,4099.0,75900.0,77949.5,79999.0,8,https://www.flipkart.com/lenovo-ideapad-slim-3-backlit-intel-core-i5-12th-gen-12450h-16-gb-512-gb-ssd-windows-11-home-15iah8-thin-light-laptop/p/itm76f0e5d975817,77949.5,3,0.03125,0,0
Lenovo,Lenovo IdeaPad Slim 3 Microsoft 365 Basic + Office Home 2024,,IdeaPad,2024.0,Intel,Core i5 13th Gen 13420H,Core i5,13.0,,,,,Integrated,,,,16,DDR5,,512,SSD,,15.3,,,,,,,Windows 11 Home,True,79990.0,82690.0,2700.0,79990.0,81340.0,82690.0,2,https://www.flipkart.com/lenovo-ideapad-slim-3-microsoft-365-basic-office-home-2024-intel-core-i5-13th-gen-13420h-16-gb-512-gb-ssd-windows-11-home-15irh10-laptop/p/itm7ce52aa3b9479,81340.0,3,0.03125,0,0
Lenovo,Lenovo IdeaPad Slim 3,15IRH8,IdeaPad,,Intel,Core i7 13th Gen 13620H,Core i7,13.0,,,,,Integrated,,,,16,LPDDR5,,512,SSD,,15.6,,,,,,,Windows 11 Home,True,89900.0,109000.0,19100.0,89900.0,99450.0,109000.0,6,https://www.flipkart.com/lenovo-ideapad-slim-3-intel-core-i7-13th-gen-13620h-16-gb-512-gb-ssd-windows-11-home-15irh8-thin-light-laptop/p/itme38b4c2cd4dfa,99450.0,3,0.03125,0,0
Lenovo,Lenovo IdeaPad Slim 3,IdeaPad,IdeaPad,2024.0,AMD,Ryzen AI 5 Quad Core 330 -,Ryzen AI,,,,,,Integrated,,,,16,DDR5,,512,SSD,,14.0,,,,,,,Windows 11 Home,True,106990.0,185290.0,78300.0,106990.0,146140.0,185290.0,6,https://www.flipkart.com/lenovo-ideapad-slim-3-amd-ryzen-ai-5-quad-core-330-16-gb-512-gb-ssd-windows-11-home-14akp10-thin-light-laptop/p/itm421a543dbaa25,146140.0,3,0.03125,0,0
Lenovo,Lenovo IdeaPad Slim 1,IdeaPad,IdeaPad,,AMD,Ryzen 3,Ryzen 3,,,,,,Integrated,,,,8,DDR4,,512,SSD,,15.6,,,,,,,Windows 11 Home,True,54970.0,62990.0,8020.0,54970.0,58980.0,62990.0,6,https://www.flipkart.com/lenovo-ideapad-slim-1-amd-ryzen-3-dual-core-3rd-gen-3250u-8-gb-512-gb-ssd-windows-11-home-15ada7-thin-light-laptop/p/itm09d699c84f79a,58980.0,3,0.015625,0,0
Lenovo,Lenovo IdeaPad Slim 3,15IAH8,IdeaPad,,Intel,Core i5 12th Gen 12450H,Core i5,12.0,,,,,Integrated,,,,8,LPDDR5,,512,SSD,,15.6,,,,,,,Windows 11 Home,True,67990.0,90000.0,22010.0,67990.0,78995.0,90000.0,4,https://www.flipkart.com/lenovo-ideapad-slim-3-intel-core-i5-12th-gen-12450h-8-gb-512-gb-ssd-windows-11-home-15iah8-thin-light-laptop/p/itm76f0e5d975817,78995.0,3,0.015625,0,0
Lenovo,Lenovo IdeaPad Slim 3,IdeaPad,IdeaPad,2024.0,AMD,Ryzen 7 Octa Core 5825U,Ryzen 7,5.0,,,,,Integrated,,,,16,DDR4,,512,SSD,,15.6,,,,,,,Windows 11 Home,True,94990.0,158690.0,63700.0,94990.0,126840.0,158690.0,2,https://www.flipkart.com/lenovo-ideapad-slim-3-amd-ryzen-7-octa-core-5825u-16-gb-512-gb-ssd-windows-11-home-15abr8-thin-light-laptop/p/itm30973a8b58927,126840.0,3,0.03125,0,0
Lenovo,Lenovo IdeaPad Slim 3,15IAU7,IdeaPad,,Intel,Core i7 12th Gen 1255U,Core i7,,,,,,Integrated,,,,16,DDR4,,512,SSD,,15.6,,,,,,,Windows 11 Home,True,62020.0,81990.0,19970.0,62020.0,72005.0,81990.0,4,https://www.flipkart.com/lenovo-ideapad-slim-3-intel-core-i7-12th-gen-1255u-16-gb-512-gb-ssd-windows-11-home-15iau7-thin-light-laptop/p/itm58722d471ef90,72005.0,3,0.03125,0,0
Lenovo,Lenovo IdeaPad Slim 3,15IRH8,IdeaPad,,Intel,Core i5 13th Gen 13420H,Core i5,13.0,,,,,Integrated,,,,16,LPDDR5,,512,SSD,,15.6,,,,,,,Windows 11 Home,True,75990.0,95890.0,19900.0,75990.0,85940.0,95890.0,2,https://www.flipkart.com/lenovo-ideapad-slim-3-intel-core-i5-13th-gen-13420h-16-gb-512-gb-ssd-windows-11-home-15irh8-thin-light-laptop/p/itm460c3a65056e4,85940.0,3,0.03125,0,0
Lenovo,Lenovo IdeaPad Slim 5,16IAH8,IdeaPad,,Intel,Core i5 12th Gen,Core i5,,,,,,Integrated,,,,16,LPDDR5,,512,SSD,,16.0,,,,,,,Windows 11 Home,True,62991.0,89990.0,26999.0,62991.0,76490.5,89990.0,2,https://www.flipkart.com/lenovo-ideapad-slim-5-intel-core-i5-12th-gen-16-gb-512-gb-ssd-windows-11-home-16iah8-laptop/p/itma68dba42368d2,76490.5,3,0.03125,0,0
Lenovo,Lenovo IdeaPad Slim 5 WUXGA OLED,14IR,IdeaPad,,Intel,Core i5 13th Gen 13420H,Core i5,13.0,,,,,Integrated,,,,16,LPDDR5,,1024,SSD,,14.0,,OLED,,,,,Windows 11 Home,True,108990.0,125000.0,16010.0,108990.0,116995.0,125000.0,6,https://www.flipkart.com/lenovo-ideapad-slim-5-wuxga-oled-intel-core-i5-13th-gen-13420h-16-gb-1-tb-ssd-windows-11-home-14irl8-thin-light-laptop/p/itmf2dfeb9f35d07,116995.0,3,0.015625,0,0
Lenovo,Lenovo IdeaPad 5 2,Intel,IdeaPad,2021.0,Intel,Core 5 120U,,,,,,,Integrated,,,,16,LPDDR5X,,512,SSD,,14.0,,IPS,,True,,,Windows 11,True,100000.0,125000.0,25000.0,100000.0,112500.0,125000.0,6,https://www.flipkart.com/lenovo-ideapad-5-2-in-1-core-120u-wuxga-ips-i5-14th-gen-intel-16-gb-512-gb-ssd-windows-11-home-14iru9-2-1-laptop/p/itm0d1ffafece259,112500.0,3,0.03125,0,0
Lenovo,Lenovo IdeaPad Slim 5i,,IdeaPad,,Intel,Core i5 11th Gen 1135G,Core i5,,,,,,Integrated,,,,16,DDR4,,512,SSD,,15.6,,,,,,,Windows 11 Home,True,62999.0,103233.0,40234.0,62999.0,83116.0,103233.0,8,https://www.flipkart.com/lenovo-ideapad-slim-5i-intel-core-i5-11th-gen-1135g7-16-gb-512-gb-ssd-windows-11-home-2-graphics-15-itl-05-thin-light-laptop/p/itm53ff10cf99fa9,83116.0,3,0.03125,0,0
Lenovo,Lenovo Ideapad Slim 5i,16IRL8,IdeaPad,,Intel,Core i7 13th Gen 13700H,Core i7,13.0,,,,,Integrated,,,,16,DDR4,,512,SSD,,16.0,,,,,,,Windows 11 Home,True,96990.0,110000.0,13010.0,96990.0,106995.0,115000.0,4,https://www.flipkart.com/lenovo-ideapad-slim-5i-intel-core-i7-13th-gen-13700h-16-gb-512-gb-ssd-windows-11-home-16irl8-thin-light-laptop/p/itm5d93b3b13a9ac,106995.0,3,0.03125,0,0
Lenovo,Lenovo,82R400BGIN,,,AMD,Ryzen 5 Processor,Ryzen 5,,,,,,Integrated,,,,8,DDR4,,512,SSD,,15.6,,,,,,,Windows 11 Home,True,37990.0,55000.0,17010.0,37990.0,46495.0,55000.0,10,https://www.flipkart.com/lenovo-amd-ryzen-5-8-gb-512-gb-ssd-windows-11-home-82r400bgin-thin-light-laptop/p/itm09d699c84f79a,46495.0,3,0.015625,0,0
Lenovo,Lenovo IdeaPad Slim 5 13th Gen,,IdeaPad,,Intel,Core i5-13420H,Core i5,13.0,,,,,Integrated,,,,16,LPDDR5,,512,SSD,,14.0,,IPS,,,,,Windows 11,True,88999.0,93999.0,5000.0,88999.0,91499.0,93999.0,2,https://www.flipkart.com/lenovo-ideapad-slim-5-13th-gen-intel-core-i5-13420h-wuxga-ips-i5-16-gb-512-gb-ssd-windows-11-home-82xd003min-thin-light-laptop/p/itm95fa1ff34e75c,91499.0,3,0.03125,0,0
Lenovo,Lenovo THINKBOOK 16,21MWA0AJI,,,AMD,Ryzen 5 Hexa Core,Ryzen 5,,,,,,Integrated,,,,8,LPDDR5,,512,SSD,,16.0,,,,,,,Windows 11 Home,True,69999.0,80900.0,10901.0,69999.0,75449.5,80900.0,8,https://www.flipkart.com/lenovo-thinkbook-16-amd-ryzen-5-hexa-core-7th-gen-7535hs-8-gb-512-gb-ssd-windows-11-home-21mwa0ajin-laptop/p/itmcbce731f301ec,75449.5,3,0.015625,0,0
Lenovo,Lenovo,15ITL05,,,Intel,Core i3 11th Gen,Core i3,,,,,,Integrated,,,,8,DDR4,,512,SSD,,15.6,,,,,,,Windows 11 Home,True,37890.0,67090.0,29200.0,37890.0,52490.0,67090.0,4,https://www.flipkart.com/lenovo-intel-core-i3-11th-gen-8-gb-512-gb-ssd-windows-11-home-15itl05-thin-light-laptop/p/itmb0c26e7955864,52490.0,3,0.015625,0,0
Lenovo,Lenovo IdeaPad Slim 5i,82XF003CIN,IdeaPad,,Intel,Core i5 13th Gen 13500H,Core i5,13.0,,,,,Integrated,,,,16,LPDDR5,,512,SSD,,16.0,,,,,,,Windows 11 Home,True,72990.0,95000.0,22010.0,72990.0,83995.0,95000.0,6,https://www.flipkart.com/lenovo-ideapad-slim-5i-intel-core-i5-13th-gen-13500h-16-gb-512-gb-ssd-windows-11-home-82xf003cin-thin-light-laptop/p/itma87912f92de1d,83995.0,3,0.03125,0,0
Lenovo,Lenovo,83BF0043IN,,,Intel,Core i5 12th Gen 12450H,Core i5,12.0,,,,,Integrated,,,,16,LPDDR5,,1024,SSD,,14.0,,,,,,,Windows 11 Home,True,81599.0,99990.0,18391.0,81599.0,90794.5,99990.0,12,https://www.flipkart.com/lenovo-intel-core-i5-12th-gen-12450h-16-gb-1-tb-ssd-windows-11-home-83bf0043in-thin-light-laptop/p/itmc63731ed924b8,90794.5,3,0.015625,0,0
Lenovo,Lenovo THINKPAD E14 GEN 5,TP,ThinkPad,,AMD,Ryzen 5 Processor,Ryzen 5,,,,,,Integrated,,,,16,DDR4,,512,SSD,,14.0,,,,,,,Windows 11 Pro,True,95606.0,100000.0,4394.0,95606.0,97803.0,100000.0,8,https://www.flipkart.com/lenovo-thinkpad-e14-gen-5-amd-ryzen-7th-7430u-16-gb-512-gb-ssd-windows-11-pro-tp-ultra-slim-notebook-business-laptop/p/itm710669e44bbe2,97803.0,3,0.03125,0,0
Lenovo,Lenovo THINKBOOK 16,,,,AMD,Ryzen 7 Octa Core,Ryzen 7,,,,,,Integrated,,,,16,LPDDR5,,512,HDD,,16.0,,,,,,,Windows 11 Pro,True,88999.0,99900.0,10901.0,88999.0,94449.5,99900.0,6,https://www.flipkart.com/lenovo-thinkbook-16-amd-ryzen-7-octa-core-7th-gen-7735hs-16-gb-512-gb-hdd-512-ssd-windows-11-pro-thinbook-g7-arp-laptop/p/itmccd065cb21a4a,94449.5,3,0.03125,0,0
Lenovo,Lenovo Yoga 7 AI PC Metal Chasis with 1Yr ADP,,Yoga,,Intel,Core Ultra 5 125H,Core Ultra 5,1.0,,,,,Integrated,,,,16,LPDDR5X,,512,SSD,,14.0,,,,True,,,Windows 11,True,122000.0,125000.0,3000.0,122000.0,123500.0,125000.0,4,https://www.flipkart.com/lenovo-yoga-7-ai-pc-metal-chasis-1yr-adp-intel-core-ultra-5-125h-16-gb-512-gb-ssd-windows-11-home-14iml9-2-1-laptop/p/itm22ff5707b4da7,123500.0,3,0.03125,0,0
Lenovo,Lenovo Yoga 7 OLED,14IRL8,Yoga,2021.0,Intel,Core i7 13th Gen 1360P,Core i7,,,,,,Integrated,,,,16,LPDDR5,,512,SSD,,14.2,,OLED,,True,,,Windows 11 Home,True,121205.0,198999.0,77794.0,121205.0,160102.0,198999.0,6,https://www.flipkart.com/lenovo-yoga-7-oled-intel-evo-core-i7-13th-gen-1360p-16-gb-512-gb-ssd-windows-11-home-14irl8-2-1-laptop/p/itm3cf756c3e7c1e,160102.0,3,0.03125,0,0
Lenovo,Lenovo Yoga Slim 7 Ultra 7 155H WUXGA OLED,,Yoga,,Intel,Core Ultra 7 155H,Core Ultra 7,1.0,,,,,Integrated,,,,16,LPDDR5X,,1024,SSD,,14.0,,OLED,,,,,Windows 11 Home,True,140000.0,185000.0,45000.0,140000.0,162500.0,185000.0,8,https://www.flipkart.com/lenovo-yoga-slim-7-ultra-155h-wuxga-oled-intel-core-16-gb-1-tb-ssd-windows-11-home-14imh9-thin-light-laptop/p/itm77304edff3814,162500.0,4,0.015625,0,0
Lenovo,Lenovo Yoga 7 13th Gen 1340P WUXGA OLED,,Yoga,,Intel,Core i5 13th Gen 1340P,Core i5,,,,,,Integrated,,,,16,LPDDR5,,512,SSD,,14.0,,OLED,,True,,,Windows 11,True,113049.0,121999.0,8950.0,113049.0,117524.0,121999.0,4,https://www.flipkart.com/lenovo-yoga-7-13th-gen-1340p-wuxga-oled-intel-core-i5-16-gb-512-gb-ssd-windows-11-home-14irl8-2-1-laptop/p/itm3cf756c3e7c1e,117524.0,3,0.03125,0,0
Lenovo,Lenovo Yoga Slim 6 with 1Yr ADP,14IRH,Yoga,,Intel,Core i7 13th Gen 13700H,Core i7,13.0,,,,,Integrated,,,,16,LPDDR5X,,1024,SSD,,14.0,,,,,,,Windows 11 Home,True,109804.0,145999.0,36195.0,109804.0,127901.5,145999.0,10,https://www.flipkart.com/lenovo-yoga-slim-6-1yr-adp-intel-core-i7-13th-gen-13700h-16-gb-1-tb-ssd-windows-11-home-14irh8-thin-light-laptop/p/itmae04103d75ff9,127901.5,3,0.015625,0,0
Lenovo,Lenovo Yoga Slim 7 Aura Edition OLED Display,,Yoga,2024.0,Intel,Core Ultra 5 226V,Core Ultra 5,2.0,,,,,Integrated,,,,16,LPDDR5X,,512,SSD,,14.0,,OLED,,,,,Windows 11 Home,True,121990.0,124790.0,2800.0,121990.0,123390.0,124790.0,2,https://www.flipkart.com/lenovo-yoga-slim-7-aura-oled-display-intel-core-ultra-5-226v-16-gb-512-gb-ssd-windows-11-home-14ill10-laptop/p/itm313c8ca892f4b,123390.0,3,0.03125,0,0
Lenovo,Lenovo Yoga Slim 7 WUXGA OLED Copilot+PC Full Metal Body,,Yoga,2024.0,AMD,Ryzen AI 7 Octa Core AI 7 350 -,Ryzen AI,,,,,,Integrated,,,,32,LPDDR5X,,1024,SSD,,14.0,,OLED,,,,,Windows 11 Home,True,174000.0,175990.0,1990.0,174000.0,174995.0,175990.0,4,https://www.flipkart.com/lenovo-yoga-slim-7-wuxga-oled-copilot-pc-full-metal-body-amd-ryzen-ai-octa-core-350-32-gb-1-tb-ssd-windows-11-home-14akp10-thin-light-laptop/p/itm3ffdb3d8160dc,174995.0,3,0.03125,0,0
Lenovo,Lenovo Yoga Slim 7x Next Gen AI PC 3K OLED Full Metal with 1Yr ADP,,Yoga,,Qualcomm,Snapdragon X Elite -,Snapdragon X,,,,,,Integrated,,,,32,LPDDR5X,,1024,SSD,,14.5,,OLED,,True,,,Windows 11,True,180000.0,199999.0,19999.0,180000.0,189999.5,199999.0,2,https://www.flipkart.com/lenovo-yoga-slim-7x-next-gen-ai-pc-3k-oled-full-metal-1yr-adp-snapdragon-x-elite-32-gb-1-tb-ssd-windows-11-home-14q8x9-thin-light-laptop/p/itm40b32c61775a9,189999.5,3,0.03125,0,0
Lenovo,Lenovo,,,,AMD,Ryzen 7 Octa Core,Ryzen 7,,,,NVIDIA,NVIDIA GeForce RTX 3050,Discrete,,,,24,DDR5,,512,SSD,,15.6,,,,,,,Windows 11 Home,True,118990.0,120990.0,2000.0,118990.0,119990.0,120990.0,10,https://www.flipkart.com/lenovo-amd-ryzen-7-octa-core-24-gb-512-gb-ssd-windows-11-home-4-graphics-nvidia-geforce-rtx-3050a-loq-15arp9d2-gaming-laptop/p/itmf0d7200015d85,119990.0,3,0.046875,0,0
Lenovo,Lenovo Yoga Slim 6 WUXGA OLED with 1Yr ADP,,Yoga,,Intel,Core i5 13th Gen 13500H,Core i5,13.0,,,,,Integrated,,,,16,LPDDR5X,,512,SSD,,14.0,,OLED,,,,,Windows 11,True,118906.0,138999.0,20093.0,118906.0,128952.5,138999.0,2,https://www.flipkart.com/lenovo-yoga-slim-6-wuxga-oled-1yr-adp-intel-core-i5-13th-gen-13500h-16-gb-512-gb-ssd-windows-11-home-14irh8-thin-light-laptop/p/itmae04103d75ff9,128952.5,3,0.03125,0,0
Lenovo,Lenovo LOQ,,LOQ,,Intel,Core i7 13th Gen,Core i7,,,,,,Integrated,,,,16,DDR5,,512,SSD,,15.6,,,,,,,Windows 11 Home,True,170990.0,280690.0,109700.0,170990.0,225840.0,280690.0,18,https://www.flipkart.com/lenovo-loq-intel-core-i7-13th-gen-i7-13650hx-16-gb-512-gb-ssd-windows-11-home-6-graphics-nvidia-geforce-rtx-4050-144-hz-15irx9-gaming-laptop/p/itm61da51077426d,225840.0,3,0.03125,0,1
Lenovo,Lenovo,LOQ,,,AMD,Ryzen 7 Octa Core,Ryzen 7,,,,,,Integrated,,,,16,DDR5,,512,SSD,,15.6,,,,,,,Windows 11,True,114990.0,144790.0,29800.0,114990.0,129890.0,144790.0,8,https://www.flipkart.com/lenovo-amd-ryzen-7-octa-core-170-16-gb-512-gb-ssd-android-11-6-graphics-loq-essential-2-1-laptop/p/itmb71f5c6d511cf,129890.0,3,0.03125,0,0
Lenovo,Lenovo Yoga Slim Series,83CV008LIN,Yoga,,Intel,Core Ultra 5 125H,Core Ultra 5,1.0,,,,,Integrated,,,,16,DDR5,,1024,SSD,,14.0,,,,,,,Windows 11 Home,True,119890.0,134900.0,15010.0,119890.0,127395.0,134900.0,6,https://www.flipkart.com/lenovo-yoga-slim-series-intel-core-ultra-5-125h-16-gb-1-tb-ssd-windows-11-home-83cv008lin-thin-light-laptop/p/itm32c8af6b9eb10,127395.0,3,0.015625,0,0
Lenovo,Lenovo LoQ Essential,,LOQ,2024.0,AMD,Ryzen 7 Octa Core,Ryzen 7,,,,,,Integrated,,,,16,DDR5,,512,SSD,,15.6,,,,,,,Windows 11 Home,True,133890.0,144744.0,10854.0,133890.0,139317.0,144744.0,8,https://www.flipkart.com/lenovo-loq-essential-amd-ryzen-7-octa-core-170-16-gb-512-gb-ssd-windows-11-home-6-graphics-nvidia-geforce-rtx-4050-15arp10e-gaming-laptop/p/itm2349045bb6ca1,139317.0,3,0.03125,0,1
Lenovo,Lenovo,83D,,,Intel,Core i5 13th Gen,Core i5,,,,NVIDIA,RTX 3050,Discrete,,,,24,DDR5,,512,SSD,,15.6,,,,,,,Windows 11 Home,True,129990.0,140000.0,10010.0,129990.0,134995.0,140000.0,4,https://www.flipkart.com/lenovo-intel-core-i5-13th-gen-24-gb-512-gb-ssd-windows-11-home-nvidia-geforce-rtx-3050-6gb-83dv00x6in-gaming-laptop/p/itmeecae88789330,134995.0,3,0.046875,0,0
Lenovo,Lenovo LOQ 2025,,LOQ,2025.0,AMD,Ryzen 7 Octa Core,Ryzen 7,,,,,,Integrated,,,,16,DDR5,,512,SSD,,15.6,,,,,,,Windows 11 Home,True,165490.0,291490.0,126000.0,165490.0,228490.0,291490.0,18,https://www.flipkart.com/lenovo-loq-2025-amd-ryzen-7-octa-core-250-16-gb-512-gb-ssd-windows-11-home-8-graphics-nvidia-geforce-rtx-5050-15ahp10-gaming-laptop/p/itm4f1c5a47cce97,228490.0,3,0.03125,0,1
Lenovo,Lenovo LOQ,,LOQ,,AMD,Ryzen 5 Quad Core 7235HS,Ryzen 5,7.0,,,,,Integrated,,,,12,DDR5,,512,SSD,,15.6,,,,,,,Windows 11 Home,True,99990.0,110000.0,10010.0,99990.0,104995.0,110000.0,4,https://www.flipkart.com/lenovo-loq-amd-ryzen-5-quad-core-7235hs-12-gb-512-gb-ssd-windows-11-home-6-graphics-nvidia-geforce-rtx-3050-144-hz-95-w-15arp9-gaming-laptop/p/itmd3fbbdced2d6b,104995.0,3,0.0234375,0,1
Lenovo,Lenovo,15IAH8,,,Intel,Core i5 12th Gen,Core i5,,,,,,Integrated,,,,16,LPDDR5,,512,SSD,,15.6,,,,,,,Windows 11 Home,True,78990.0,79999.0,1009.0,78990.0,79494.5,79999.0,4,https://www.flipkart.com/lenovo-intel-core-i5-12th-gen-16-gb-512-gb-ssd-windows-11-home-15iah8-thin-light-laptop/p/itmf07ffd39ea2fe,79494.5,3,0.03125,0,0
Lenovo,Lenovo V15,V15,,,Intel,Core i5 13th Gen 1315U,Core i5,,,,,,Integrated,,,,8,DDR4,,512,SSD,,15.6,,,,,,,Windows 11 Home,True,65841.0,72000.0,6159.0,65841.0,68920.5,72000.0,4,https://www.flipkart.com/lenovo-v15-intel-core-i5-13th-gen-1315u-8-gb-512-gb-ssd-windows-11-home-g5-irl-thin-light-laptop/p/itmf34514fba8389,68920.5,3,0.015625,0,0
Lenovo,Lenovo,,,,Intel,Core i5 11th Gen 11320H,Core i5,11.0,,,,,Integrated,,,,8,DDR4,,512,SSD,,15.6,,,,,,,Windows 11 Home,True,71795.0,79990.0,8195.0,71795.0,75892.5,79990.0,8,https://www.flipkart.com/lenovo-intel-core-i5-11th-gen-11320h-8-gb-512-gb-ssd-windows-11-home-4-graphics-nvidia-geforce-rtx-nvidia-2050-82k101r9in-gaming-laptop/p/itm2db73402169ba,75892.5,3,0.015625,0,0
Lenovo,Lenovo,,,,AMD,Ryzen AI 5 Hexa Core 7th Gen -,Ryzen AI,,,,,,Integrated,,,,12,LPDDR5,,512,SSD,,15.6,,,,,,,Windows 11 Home,True,110200.0,121999.0,11799.0,110200.0,116099.5,121999.0,10,https://www.flipkart.com/lenovo-amd-ryzen-ai-5-hexa-core-7th-gen-12-gb-512-gb-ssd-windows-11-home-6-graphics-nvidia-geforce-rtx-nvidia-3050-6gb-83jc00eein-gaming-laptop/p/itm65b83913e1d16,116099.5,3,0.0234375,0,0
Lenovo,Lenovo V14,V14,,,Intel,Core i5 12th Gen,Core i5,,,,,,Integrated,,,,8,DDR4,,512,SSD,,14.0,,,,,,,Windows 11 Home,True,62990.0,69990.0,7000.0,62990.0,66490.0,69990.0,8,https://www.flipkart.com/lenovo-v14-intel-core-i5-12th-gen-8-gb-512-gb-ssd-windows-11-home-business-laptop/p/itm26138c67d404e,66490.0,3,0.015625,0,0
Lenovo,Lenovo IdeaPad Slim 3i,83K100CAIN,IdeaPad,2024.0,Intel,Core i5 13th Gen 13420H,Core i5,13.0,,,,,Integrated,,,,8,DDR5,,512,SSD,,15.3,,,,,,,Windows 11 Home,True,71990.0,85000.0,13010.0,71990.0,78495.0,85000.0,6,https://www.flipkart.com/lenovo-ideapad-slim-3i-intel-core-i5-13th-gen-13420h-8-gb-512-gb-ssd-windows-11-home-83k100cain-thin-light-laptop/p/itmeed59711b3ff3,78495.0,3,0.015625,0,0
Lenovo,Lenovo Legion 5 WQXGA OLED,WQXGA,Legion,2026.0,AMD,Ryzen 7 Octa Core,Ryzen 7,,,,,,Integrated,,,,16,DDR5,,512,SSD,,15.3,,OLED,,,,,Windows 11 Home,True,239490.0,377890.0,138400.0,239490.0,308690.0,377890.0,20,https://www.flipkart.com/lenovo-legion-5-2026-wqxga-oled-amd-ryzen-7-octa-core-250-16-gb-512-gb-ssd-windows-11-home-8-graphics-nvidia-geforce-rtx-5060-15ahp11-gaming-laptop/p/itm36608ea14a70c,308690.0,3,0.03125,0,1
Lenovo,Lenovo V15,V15,,2021.0,AMD,Ryzen 5 Quad Core,Ryzen 5,,,,,,Integrated,,,,16,DDR5,,512,SSD,,15.6,,,,,,,Windows 11 Pro,True,61745.0,62990.0,1245.0,61745.0,64342.8,69990.0,10,https://www.flipkart.com/lenovo-v15-amd-ryzen-5-quad-core-16-gb-512-gb-ssd-windows-11-pro-thin-light-laptop/p/itmd7282dfaeb5de,64342.8,3,0.03125,0,0
Lenovo,Lenovo Legion Pro 5 WQXGA OLED,,Legion,2024.0,AMD,Ryzen 9,Ryzen 9,,,,,,Integrated,,,,32,DDR5,,1024,SSD,,16.0,,OLED,,,,,Windows 11 Home,True,266490.0,293890.0,27400.0,266490.0,280190.0,293890.0,10,https://www.flipkart.com/lenovo-legion-pro-5-wqxga-oled-amd-ryzen-9-16-core-9955hx-32-gb-1-tb-ssd-windows-11-home-8-gb-graphics-nvidia-geforce-rtx-5070-16afr10-gaming-laptop/p/itm486199e140e02,280190.0,3,0.03125,0,1
Lenovo,Lenovo Legion Pro 5 WQXGA OLED,,Legion,2024.0,Intel,Core Ultra 7 255,Core Ultra 7,1.0,,,,,Integrated,,,,32,DDR5,,1024,SSD,,16.0,,OLED,,,,,Windows 11 Home,True,229990.0,265890.0,35900.0,229990.0,247940.0,265890.0,8,https://www.flipkart.com/lenovo-legion-pro-5-wqxga-oled-intel-core-ultra-7-255-hx-32-gb-1-tb-ssd-windows-11-home-8-gb-graphics-nvidia-geforce-rtx-5060-165-hz-16iax10-gaming-laptop/p/itmf1e17d322f275,247940.0,3,0.03125,0,1
Lenovo,Lenovo,15ACL6,,,AMD,Ryzen 5 Hexa Core,Ryzen 5,,,,,,Integrated,,,,8,DDR4,,512,SSD,,15.6,,,,,,,Windows 11 Home,True,61980.0,65900.0,3920.0,61980.0,63940.0,65900.0,2,https://www.flipkart.com/lenovo-amd-ryzen-5-hexa-core-8-gb-512-gb-ssd-windows-11-home-15acl6-15alc7-2-thin-light-laptop/p/itm23a376c7867c4,63940.0,3,0.015625,0,0
Lenovo,Lenovo Legion 5,,Legion,2024.0,AMD,Ryzen 7 Octa Core,Ryzen 7,,,,,,Integrated,,,,16,DDR5,,1024,SSD,,15.6,,,,,,,Windows 11 Home,True,182990.0,206390.0,23400.0,182990.0,194690.0,206390.0,8,https://www.flipkart.com/lenovo-legion-5-amd-ryzen-7-octa-core-260-16-gb-1-tb-ssd-windows-11-home-8-gb-graphics-nvidia-geforce-rtx-5050-165-hz-15ahp10-gaming-laptop/p/itm23e745ed4d57a,194690.0,3,0.015625,0,1
Lenovo,Lenovo,G4,,,AMD,Ryzen 3 Octa Core,Ryzen 3,,,,,,Integrated,,,,8,DDR4,,512,SSD,,14.0,,,,,,,Windows 11 Home,True,53755.0,67990.0,14235.0,53755.0,60872.5,67990.0,10,https://www.flipkart.com/lenovo-amd-ryzen-3-octa-core-8-gb-512-gb-ssd-windows-11-home-g4-82yta00xin-laptop/p/itm26138c67d404e,60872.5,3,0.015625,0,0
Lenovo,Lenovo Legion 5 2025,,Legion,2025.0,AMD,Ryzen 7 Octa Core,Ryzen 7,,,,,,Integrated,,,,16,DDR5,,1024,SSD,,15.3,,,,,,,Windows 11 Home,True,186490.0,206390.0,19900.0,186490.0,196440.0,206390.0,12,https://www.flipkart.com/lenovo-legion-5-2025-amd-ryzen-7-octa-core-260-16-gb-1-tb-ssd-windows-11-home-8-gb-graphics-nvidia-geforce-rtx-5060-165-hz-15ahp10-gaming-laptop/p/itm07fa55fee8239,196440.0,3,0.015625,0,1
Lenovo,Lenovo,15ADA7,,,AMD,Ryzen 5 Quad Core,Ryzen 5,,,,,,Integrated,,,,8,DDR4,,512,SSD,,15.6,,,,,,,Windows 11 Home,True,61900.0,65999.0,4099.0,61900.0,63949.5,65999.0,4,https://www.flipkart.com/lenovo-amd-ryzen-5-quad-core-8-gb-512-gb-ssd-windows-11-home-15ada7-thin-light-laptop/p/itmc3fae5f29cac8,63949.5,3,0.015625,0,0
Lenovo,Lenovo IdeaPad Slim 3,IdeaPad,IdeaPad,2024.0,AMD,Ryzen 5 Hexa Core 5625U,Ryzen 5,5.0,,,,,Integrated,,,,16,DDR4,,512,SSD,,15.6,,,,,,,Windows 11 Home,True,62991.0,69990.0,6999.0,62991.0,66490.5,69990.0,4,https://www.flipkart.com/lenovo-ideapad-slim-3-amd-ryzen-5-hexa-core-5625u-16-gb-512-gb-ssd-windows-11-home-15abr8-thin-light-laptop/p/itm9a4b6aa8446d2,66490.5,3,0.03125,0,0
Lenovo,Lenovo,15AMN7,,,AMD,Ryzen 5 Quad Core,Ryzen 5,,,,,,Integrated,,,,8,LPDDR5,,512,SSD,,15.6,,,,,,,Windows 11 Home,True,61900.0,69999.0,8099.0,61900.0,65949.5,69999.0,4,https://www.flipkart.com/lenovo-amd-ryzen-5-quad-core-8-gb-512-gb-ssd-windows-11-home-15amn7-thin-light-laptop/p/itma9b7b4360705b,65949.5,3,0.015625,0,0
Lenovo,Lenovo Legion 5 WQXGA OLED,,Legion,,Intel,Core Ultra 9 275HX,Core Ultra 9,1.0,,,,,Integrated,,,,32,DDR5,,1024,SSD,,15.1,,OLED,,,,,Windows 11 Home,True,243490.0,269390.0,25900.0,243490.0,256440.0,269390.0,4,https://www.flipkart.com/lenovo-legion-5-wqxga-oled-intel-core-ultra-9-275hx-32-gb-1-tb-ssd-windows-11-home-8-gb-graphics-nvidia-geforce-rtx-5070-15iax10-gaming-laptop/p/itm91bf7d46b06e9,256440.0,3,0.03125,0,1
Lenovo,Lenovo Legion 5,,Legion,2024.0,Intel,Core i7 13650HX,Core i7,13.0,,,,,Integrated,,,,16,DDR5,,512,SSD,,15.3,,,,,,,Windows 11 Home,True,169990.0,188890.0,18900.0,169990.0,179440.0,188890.0,12,https://www.flipkart.com/lenovo-legion-5-intel-core-i7-13650hx-16-gb-512-gb-ssd-windows-11-home-8-graphics-nvidia-geforce-rtx-5050-15irx10-gaming-laptop/p/itm0e06b33205d2e,179440.0,3,0.03125,0,1
Lenovo,Lenovo Legion Pro 5 WUXGA IPS,,Legion,2024.0,Intel,Core i9 14900HX,Core i9,14.0,,,,,Integrated,,,,32,DDR5,,1024,SSD,,16.0,,IPS,,,,,Windows 11 Home,True,245490.0,331690.0,86200.0,245490.0,288590.0,331690.0,10,https://www.flipkart.com/lenovo-legion-pro-5-wuxga-ips-intel-core-i9-14900hx-32-gb-1-tb-ssd-windows-11-home-8-gb-graphics-nvidia-geforce-rtx-5070-16irx10-gaming-laptop/p/itmd6cbbbf158391,288590.0,3,0.03125,0,1
Lenovo,Lenovo Legion Pro 5 WQXGA OLED,,Legion,2024.0,Intel,Core Ultra 7 255HX,Core Ultra 7,1.0,,,,,Integrated,,,,32,DDR5,,1024,SSD,,16.0,,OLED,,,,,Windows 11 Home,True,228490.0,309290.0,80800.0,228490.0,268890.0,309290.0,2,https://www.flipkart.com/lenovo-legion-pro-5-wqxga-oled-intel-core-ultra-7-255hx-32-gb-1-tb-ssd-windows-11-home-8-gb-graphics-nvidia-geforce-rtx-5070-16iax10-gaming-laptop/p/itme0d58ddda3be2,268890.0,3,0.03125,0,1
Lenovo,Lenovo Lenovo Legion 9,,Legion,2021.0,Intel,Core i9 14th Gen 14900HX,Core i9,14.0,,,,,Integrated,,,,64,DDR5,,2048,SSD,,16.0,,,,,,,Windows 11 Home,True,390999.0,599890.0,208891.0,390999.0,495444.5,599890.0,8,https://www.flipkart.com/lenovo-legion-9-intel-core-i9-14th-gen-14900hx-64-gb-2-tb-ssd-windows-11-home-16-gb-graphics-nvidia-geforce-rtx-4090-16irx9-gaming-laptop/p/itm83a82923ad378,495444.5,3,0.03125,0,1
HP,HP 15s,15s-fr4001TU,,,Intel,Core i5 11th Gen 1155G,Core i5,,,,,,Integrated,,,,16,DDR4,,512,SSD,,15.6,,,,,,,Windows 11 Home,True,72990.0,75327.0,2337.0,72990.0,74158.5,75327.0,10,https://www.flipkart.com/hp-15s-intel-core-i5-11th-gen-1155g7-16-gb-512-gb-ssd-windows-11-home-15s-fr4001tu-thin-light-laptop/p/itm4f450720f23b3,74158.5,3,0.03125,0,0
HP,HP 15s,15s-du3517TU,,,Intel,Core i5 11th Gen 1135G,Core i5,,,,,,Integrated,,,,8,DDR4,,512,SSD,,15.6,,,,,,,Windows 11 Home,True,64312.0,72999.0,8687.0,64312.0,72348.17,75399.0,6,https://www.flipkart.com/hp-15s-intel-core-i5-11th-gen-1135g7-8-gb-512-gb-ssd-windows-11-home-15s-du3517tu-thin-light-laptop/p/itm8a058adbb8764,72348.17,3,0.015625,0,0
HP,HP 15s,15-fd0011TU,,,Intel,Core i5 13th Gen 1335U,Core i5,,,,,,Integrated,,,,8,DDR4,,512,SSD,,15.6,,,,,,,Windows 11 Home,True,72990.0,85990.0,13000.0,72990.0,79490.0,85990.0,2,https://www.flipkart.com/hp-15s-intel-core-i5-13th-gen-1335u-8-gb-512-gb-ssd-windows-11-home-15-fd0011tu-thin-light-laptop/p/itme3568fa69de98,79490.0,3,0.015625,0,0
HP,HP 15s,15S-FQ5202TU,,,Intel,Core i5 12th Gen,Core i5,,,,,,Integrated,,,,8,DDR4,,512,SSD,,15.6,,,,,,,Windows 11 Home,True,72990.0,75990.0,3000.0,72990.0,74490.0,75990.0,2,https://www.flipkart.com/hp-15s-intel-core-i5-12th-gen-8-gb-512-gb-ssd-windows-11-home-15s-fq5202tu-thin-light-laptop/p/itma5bc84556fdc9,74490.0,3,0.015625,0,0
HP,HP 15s,15s-fq5111TU,,,Intel,Core i5 12th Gen 1235U,Core i5,,,,,,Integrated,,,,8,DDR4,,512,SSD,,15.6,,,,,,,Windows 11 Home,True,72990.0,75899.0,2909.0,72990.0,74444.5,75899.0,2,https://www.flipkart.com/hp-15s-intel-core-i5-12th-gen-1235u-8-gb-512-gb-ssd-windows-11-home-15s-fq5111tu-thin-light-laptop/p/itm24a6aa9829cd2,74444.5,3,0.015625,0,0
HP,HP 15s,15-fd0022TU,,,Intel,Core i5 13th Gen 1335U,Core i5,,,,,,Integrated,,,,8,DDR4,,512,SSD,,15.6,,,,,,,Windows 11 Home,True,72990.0,82790.0,9800.0,72990.0,79940.0,89990.0,4,https://www.flipkart.com/hp-15s-intel-core-i5-13th-gen-1335u-8-gb-512-gb-ssd-windows-11-home-15-fd0022tu-thin-light-laptop/p/itm502d7b3d6e226,79940.0,3,0.015625,0,0
HP,HP 15s,15s-FQ2075TU,,,Intel,Core i3 11th Gen 1115G,Core i3,,,,,,Integrated,,,,8,DDR4,,256,SSD,,15.6,,,,,,,Windows 11 Home,True,57990.0,59000.0,1010.0,57990.0,58694.8,59999.0,10,https://www.flipkart.com/hp-15s-intel-core-i3-11th-gen-1115g4-8-gb-256-gb-ssd-windows-11-home-15s-fq2075tu-thin-light-laptop/p/itmdce6afa2e1b0d,58694.8,3,0.03125,0,0
HP,HP 15s,15-fd0013TU,,,Intel,Core i5 13th Gen 1334U,Core i5,,,,,,Integrated,,,,16,DDR4,,512,SSD,,15.6,,,,,,,Windows 11 Home,True,79990.0,86100.0,6110.0,79990.0,83045.0,86100.0,2,https://www.flipkart.com/hp-15s-intel-core-i5-13th-gen-1334u-16-gb-512-gb-ssd-windows-11-home-15-fd0013tu-thin-light-laptop/p/itm884f106d6502a,83045.0,3,0.03125,0,0
HP,HP 15s,15s-FQ2535TU,,,Intel,Core i5 11th Gen 1135G,Core i5,,,,,,Integrated,,,,8,DDR4,,512,SSD,,15.6,,,,,,,Windows 10,True,61659.0,69688.0,8029.0,61659.0,69984.0,75699.0,4,https://www.flipkart.com/hp-15s-intel-core-i5-11th-gen-1135g7-8-gb-512-gb-ssd-windows-10-home-15s-fq2535tu-thin-light-laptop/p/itm129db83c32a71,69984.0,3,0.015625,0,0
HP,HP 15s,15s-dy3501TU,,,Intel,Core i3 11th Gen 1125G,Core i3,,,,,,Integrated,,,,8,DDR4,,512,SSD,,15.6,,,,,,,Windows 11 Home,True,54990.0,68990.0,14000.0,54990.0,60442.25,68990.0,4,https://www.flipkart.com/hp-15s-intel-core-i3-11th-gen-1125g4-8-gb-512-gb-ssd-windows-11-home-15s-dy3501tu-thin-light-laptop/p/itm8a058adbb8764,60442.25,3,0.015625,0,0
HP,HP 15s,15-fd0012TU,,,Intel,Core i5 13th Gen 1335U,Core i5,,,,,,Integrated,,,,8,DDR4,,1024,SSD,,15.6,,,,,,,Windows 11 Home,True,79990.0,89990.0,10000.0,79990.0,85740.0,89990.0,8,https://www.flipkart.com/hp-15s-intel-core-i5-13th-gen-1335u-8-gb-1-tb-ssd-windows-11-home-15-fd0012tu-thin-light-laptop/p/itmd78475e92c7d9,85740.0,3,0.0078125,0,0
HP,HP 15s,15s-du3614TU,,,Intel,Core i3 11th Gen 1115G,Core i3,,,,,,Integrated,,,,8,DDR4,,256,SSD,,15.6,,,,,,,Windows 11 Home,True,49999.0,52112.0,2113.0,49999.0,51055.5,52112.0,2,https://www.flipkart.com/hp-15s-intel-core-i3-11th-gen-1115g4-8-gb-1-tb-hdd-256-gb-ssd-windows-11-home-15s-du3614tu-thin-light-laptop/p/itm618e00eca4b48,51055.5,3,0.03125,0,0
HP,HP 15s,15s,,,AMD,Ryzen 3,Ryzen 3,,,,,,Integrated,,,,8,DDR4,,512,SSD,,15.6,,,,,,,Windows 11 Home,True,52991.0,55995.0,3004.0,52991.0,54493.0,55995.0,4,https://www.flipkart.com/hp-15s-amd-ryzen-3-dual-core-3250u-8-gb-512-gb-ssd-windows-11-home-15s-eq1580au-thin-light-laptop/p/itm286c2761c52f0,54493.0,3,0.015625,0,0
HP,HP 15s,15s-ey1004AU,,,AMD,Ryzen 5 Hexa Core 4500U,Ryzen 5,4.0,,,,,Integrated,,,,8,DDR4,,256,SSD,,15.6,,,,,,,Windows 10,True,58790.0,59900.0,1110.0,58790.0,59367.5,59990.0,4,https://www.flipkart.com/hp-15s-amd-ryzen-5-hexa-core-4500u-8-gb-256-gb-ssd-windows-10-home-15s-ey1004au-thin-light-laptop/p/itmd6f033a4d0056,59367.5,3,0.03125,0,0
HP,HP 15s,15s-ey1508AU,,2021.0,AMD,Ryzen 3,Ryzen 3,,,,,,Integrated,,,,8,DDR4,,256,SSD,,15.6,,,,,,,Windows 11 Home,True,52990.0,53900.0,910.0,52990.0,53445.0,53900.0,6,https://www.flipkart.com/hp-15s-amd-ryzen-3-dual-core-3250u-8-gb-256-gb-ssd-windows-11-home-15s-ey1508au-thin-light-laptop/p/itm6f077da117c55,53445.0,3,0.03125,0,0
HP,HP 15s,15s-GR0012AU,,,AMD,Ryzen 3,Ryzen 3,,,,,,Integrated,,,,8,DDR4,,256,SSD,,15.6,,,,,,,Windows 10,True,53892.0,61999.0,8107.0,53892.0,57945.5,61999.0,2,https://www.flipkart.com/hp-15s-amd-ryzen-3-dual-core-3250u-8-gb-1-tb-hdd-256-gb-ssd-windows-10-home-15s-gr0012au-laptop/p/itma3ecca3dba795,57945.5,3,0.03125,0,0
HP,HP 15s,15s-gr0500AU,,,AMD,Ryzen 5 Quad Core 3500U,Ryzen 5,3.0,,,,,Integrated,,,,8,DDR4,,512,SSD,,15.6,,,,,,,Windows 10,True,59990.0,68000.0,8010.0,59990.0,63995.0,68000.0,2,https://www.flipkart.com/hp-15s-amd-ryzen-5-quad-core-3500u-8-gb-512-gb-ssd-windows-10-home-15s-gr0500au-thin-light-laptop/p/itma3ecca3dba795,63995.0,3,0.015625,0,0
HP,HP 15s,15s-eq0132AU,,,AMD,Ryzen 7 Quad Core 3700U,Ryzen 7,3.0,,,,,Integrated,,,,8,DDR4,,512,SSD,,15.6,,,,,,,Windows 10,True,85890.0,89990.0,4100.0,85890.0,87940.0,89990.0,2,https://www.flipkart.com/hp-15s-amd-ryzen-7-quad-core-3700u-8-gb-512-gb-ssd-windows-10-home-15s-eq0132au-thin-light-laptop/p/itmb6e73a2ed6749,87940.0,3,0.015625,0,0
HP,HP 15s,15-fc0030AU,,,AMD,Ryzen 5 Quad Core 7520U,Ryzen 5,7.0,,,,,Integrated,,,,16,LPDDR5,,512,SSD,,15.6,,,,,,,Windows 11 Home,True,68998.0,72990.0,3992.0,68998.0,70994.0,72990.0,4,https://www.flipkart.com/hp-15s-amd-ryzen-5-quad-core-7520u-16-gb-512-gb-ssd-windows-11-home-15-fc0030au-15-fc0690au-thin-light-laptop/p/itm6b3c6289aa470,70994.0,3,0.03125,0,0
HP,HP 15s,15s,,,AMD,Ryzen 5 Hexa Core 5500U,Ryzen 5,5.0,,,,,Integrated,,,,8,DDR4,,512,SSD,,15.6,,,,,,,Windows 11 Home,True,57980.0,59999.0,2019.0,57980.0,58989.5,59999.0,6,https://www.flipkart.com/hp-15s-amd-ryzen-5-hexa-core-5500u-8-gb-512-gb-ssd-windows-11-home-15s-eq2144au-thin-light-laptop/p/itmd57b41ed8750a,58989.5,3,0.015625,0,0
HP,HP 15s,15s-GY0501AU,,,AMD,Ryzen 3,Ryzen 3,,,,,,Integrated,,,,8,DDR4,,256,SSD,,15.6,,,,,,,Windows 11 Home,True,52790.0,53999.0,1209.0,52790.0,55458.5,62055.0,4,https://www.flipkart.com/hp-15s-amd-ryzen-3-dual-core-3250u-8-gb-256-gb-ssd-windows-11-home-15s-gy0501au-thin-light-laptop/p/itm9274005e8f64e,55458.5,3,0.03125,0,0
HP,HP 15s,15-fc0031AU,,,AMD,Ryzen 5 Quad Core 7520U,Ryzen 5,7.0,,,,,Integrated,,,,16,LPDDR5,,512,SSD,,15.6,,,,,,,Windows 11 Home,True,69990.0,78537.0,8547.0,69990.0,74263.5,78537.0,4,https://www.flipkart.com/hp-15s-amd-ryzen-5-quad-core-7520u-16-gb-512-gb-ssd-windows-11-home-15-fc0031au-thin-light-laptop/p/itm7d9cf71e72294,74263.5,3,0.03125,0,0
HP,HP 255 G10,255,,,AMD,Ryzen 3 Octa Core,Ryzen 3,,,,,,Integrated,,,,8,LPDDR4,,512,SSD,,15.6,,,,,,,Windows 11 Pro,True,49990.0,53980.0,3990.0,49990.0,51985.0,53980.0,8,https://www.flipkart.com/hp-255-g10-amd-ryzen-3-octa-core-13th-gen-7320u-8-gb-512-gb-ssd-windows-11-pro-business-laptop/p/itm500aee02a6f84,51985.0,3,0.015625,0,0
HP,HP G9,7B1L8PA,,,AMD,Ryzen 5 Hexa Core,Ryzen 5,,,,,,Integrated,,,,16,DDR4,,512,SSD,,15.6,,,,,,,Windows 11 Home,True,64312.0,67999.0,3687.0,64312.0,66155.5,67999.0,12,https://www.flipkart.com/hp-g9-amd-ryzen-5-hexa-core-5th-gen-5625u-16-gb-512-gb-ssd-windows-11-home-7b1l8pa-notebook/p/itma488dac338fb5,66155.5,3,0.03125,0,0
HP,HP 15,AMD,,2025.0,AMD,Ryzen 5 Quad Core 7520U,Ryzen 5,7.0,,,,,Integrated,,,,8,DDR4,,512,SSD,,15.6,,,,,,,Windows 11 Home,True,57131.0,74250.0,17119.0,56919.0,62645.07,74250.0,14,https://www.flipkart.com/hp-15-2025-amd-ryzen-5-quad-core-7520u-8-gb-512-gb-ssd-windows-11-home-g10-thin-light-laptop/p/itm9ceca5ab96069,62645.07,3,0.015625,0,0
HP,"HP HP 15,",fc1038AU,,,AMD,Ryzen 7 Processor,Ryzen 7,,,,,,Integrated,,,,16,DDR5,,512,SSD,,15.6,,,,,,,Windows 11 Home,True,78990.0,85990.0,7000.0,78990.0,82490.0,85990.0,6,https://www.flipkart.com/hp-15-amd-ryzen-7-7th-gen-7735hs-16-gb-512-gb-ssd-windows-11-home-fc1038au-laptop/p/itm5f63d83f95698,82490.0,3,0.03125,0,0
HP,HP 255R G10 Professional DDR5 5600Mhz,Professional,,2026.0,AMD,Ryzen 5 Hexa Core,Ryzen 5,,,,,,Integrated,,,,8,DDR5,5600.0,512,SSD,,15.6,,,,,,,Windows 11 Pro,True,56446.0,65000.0,8554.0,56446.0,61182.57,69990.0,14,https://www.flipkart.com/hp-255r-g10-2026-professional-ddr5-5600mhz-amd-ryzen-5-hexa-core-8-gb-512-gb-ssd-windows-11-pro-thin-light-laptop/p/itmf384f3e0e52b8,61182.57,3,0.015625,0,0
HP,HP 15,Intel,,,Intel,Core 3 13th Gen 1315U,,,,,,,Integrated,,,,8,DDR4,,512,SSD,,15.6,,,,,,,Windows 11 Home,True,54980.0,67990.0,13010.0,54980.0,61485.0,67990.0,2,https://www.flipkart.com/hp-15-i3-14th-gen-intel-core-3-13th-gen-1315u-8-gb-512-gb-ssd-windows-11-home-15-fd0186tu-thin-light-laptop/p/itm4fc6159aa1303,61485.0,3,0.015625,0,0
HP,HP Pavilion Plus MSO 2024,14-ew0107T,Pavilion,2024.0,Intel,Core i5 13th Gen 1335U,Core i5,,,,,,Integrated,,,,16,LPDDR5X,,512,SSD,,14.0,,,,,,,Windows 11 Home,True,78990.0,92746.0,13756.0,78990.0,85868.0,92746.0,10,https://www.flipkart.com/hp-pavilion-plus-mso-2024-intel-core-i5-13th-gen-1335u-16-gb-512-gb-ssd-windows-11-home-14-ew0107tu-thin-light-laptop/p/itmdeb02fb3f429e,85868.0,3,0.03125,0,0
HP,HP 250R G10,Intel,,2025.0,Intel,Core 3 14th Gen 100U,,,,,,,Integrated,,,,16,DDR4,,512,SSD,,15.6,,,,,,,Windows 11 Pro,True,64108.0,80000.0,15892.0,64108.0,72054.0,80000.0,4,https://www.flipkart.com/hp-250r-g10-2025-i3-14th-gen-intel-core-3-gen-100u-16-gb-512-gb-ssd-windows-11-pro-thin-light-laptop/p/itm8a5bda045beed,72054.0,3,0.03125,0,0
HP,HP Laptop,14-gr0000TU,,2021.0,Intel,Core i3 13th Gen 1315U,Core i3,,,,,,Integrated,,,,8,DDR4,,512,SSD,,14.0,,,,,,,Windows 11 Home,True,58947.0,59990.0,1043.0,58947.0,59468.5,59990.0,2,https://www.flipkart.com/hp-laptop-intel-core-i3-13th-gen-1315u-8-gb-512-gb-ssd-windows-11-home-14-gr0000tu-thin-light/p/itm033a2153736a2,59468.5,3,0.015625,0,0
HP,HP Essentials,fd0572TU,,,Intel,Core i3 13th Gen 1315U,Core i3,,,,,,Integrated,,,,8,DDR4,,512,SSD,,15.0,,,,,,,Windows 11 Home,True,65623.0,69990.0,4367.0,65623.0,67806.5,69990.0,2,https://www.flipkart.com/hp-essentials-intel-core-i3-13th-gen-1315u-8-gb-512-gb-ssd-windows-11-home-fd0572tu-thin-light-laptop/p/itmfc1192ad88123,67806.5,3,0.015625,0,0
HP,HP 14R,Intel,,2025.0,Intel,Core i3 13th Gen 1315U,Core i3,,,,,,Integrated,,,,8,DDR4,,512,SSD,,14.0,,,,,,,Windows 11 Pro,True,57990.0,65999.0,8009.0,57990.0,61994.5,65999.0,2,https://www.flipkart.com/hp-14r-2025-intel-core-i3-13th-gen-1315u-8-gb-512-gb-ssd-windows-11-pro-g9-thin-light-laptop/p/itm7133104ff24cf,61994.5,3,0.015625,0,0
HP,HP 245G9,245,,,AMD,Ryzen 3,Ryzen 3,,,,,,Integrated,,,,8,DDR4,,512,SSD,,14.0,,,,,,,Windows 11 Home,True,52291.0,54990.0,2699.0,52291.0,54950.75,59532.0,4,https://www.flipkart.com/hp-245g9-amd-ryzen-3-dual-core-3250u-8-gb-512-gb-ssd-windows-11-home-245-g8-business-laptop/p/itm57da185bf9c3c,54950.75,3,0.015625,0,0
HP,HP Pavilion 14 X360,14-ek1148TU,Pavilion,2024.0,Intel,Core i5 13th Gen 1335U,Core i5,,,,,,Integrated,,,,16,DDR4,,512,SSD,,14.0,,,,True,,,Windows 11 Home,True,101158.0,104500.0,3342.0,101158.0,102829.0,104500.0,4,https://www.flipkart.com/hp-pavilion-14-x360-intel-core-i5-13th-gen-1335u-16-gb-512-gb-ssd-windows-11-home-14-ek1148tu-2-1-laptop/p/itm1560b170cb029,102829.0,3,0.03125,0,0
HP,HP Pavilion Plus,14-eh1022TU,Pavilion,,Intel,Core i5 13th Gen 1340P,Core i5,,,,,,Integrated,,,,16,LPDDR5,,512,SSD,,14.0,,,,,,,Windows 11 Home,True,82990.0,94729.0,11739.0,82990.0,88859.5,94729.0,6,https://www.flipkart.com/hp-pavilion-plus-intel-core-i5-13th-gen-1340p-16-gb-512-gb-ssd-windows-11-home-14-eh1022tu-thin-light-laptop/p/itm934e478c407d0,88859.5,3,0.03125,0,0
HP,HP 240 G8,4K5D5PA,,,Intel,Core i3 11th Gen,Core i3,,,,,,Integrated,,,,8,DDR4,,512,SSD,,14.0,,,,,,,DOS,False,51737.0,59999.0,8262.0,47732.0,54199.0,59999.0,6,https://www.flipkart.com/hp-240-g8-intel-core-i3-11th-gen-8-gb-512-gb-ssd-dos-4k5d5pa-laptop/p/itm4d834a3a2691f,54199.0,3,0.015625,0,0
HP,HP 240 G10 Professional,Professional,,2025.0,Intel,Core i3 13th Gen 1315U,Core i3,,,,,,Integrated,,,,16,DDR4,,512,SSD,,14.0,,,,,,,Windows 11 Home,True,62990.0,71990.0,9000.0,62990.0,67490.0,71990.0,4,https://www.flipkart.com/hp-240-g10-2025-professional-intel-core-i3-13th-gen-1315u-16-gb-512-gb-ssd-windows-11-home-thin-light-laptop/p/itmf14077f9829f4,67490.0,3,0.03125,0,0
HP,HP 250 G9,7M657PA,,,Intel,Core i3 12th Gen 1215U,Core i3,,,,,,Integrated,,,,8,DDR4,,512,SSD,,15.6,,,,,,,Windows 11 Home,True,53462.0,69999.0,16537.0,53462.0,61730.5,69999.0,4,https://www.flipkart.com/hp-250-g9-intel-core-i3-12th-gen-1215u-8-gb-512-gb-ssd-windows-11-home-7m657pa-thin-light-laptop/p/itmaeab3e70c465d,61730.5,3,0.015625,0,0
HP,HP 14s,14s,,,Intel,Core i3 11th Gen 1125G,Core i3,,,,,,Integrated,,,,8,DDR4,,256,SSD,,14.0,,,,,,,Windows 11 Home,True,57499.0,66999.0,9500.0,57499.0,60571.75,66999.0,8,https://www.flipkart.com/hp-14s-intel-core-i3-11th-gen-1125g4-8-gb-256-gb-ssd-windows-11-home-14s-dy2506tu-thin-light-laptop/p/itm2881998a7e9de,60571.75,3,0.03125,0,0
HP,HP 15,Intel,,,Intel,Core 5 120U,,,,,,,Integrated,,,,8,DDR4,,512,SSD,,15.6,,,,,,,Windows 11 Home,True,72899.0,79990.0,7091.0,72899.0,76444.5,79990.0,2,https://www.flipkart.com/hp-15-i5-14th-gen-intel-core-5-120u-8-gb-512-gb-ssd-windows-11-home-15-fd1096tu-thin-light-laptop/p/itm7cc4e19a57c02,76444.5,3,0.015625,0,0
HP,HP 14s Backlit,14s-dq2649tu,,,Intel,Core i3 11th Gen 1115G,Core i3,,,,,,Integrated,,,,8,DDR4,,512,SSD,,14.0,,,,,,,Windows 11 Home,True,58990.0,59990.0,1000.0,58990.0,59490.0,59990.0,4,https://www.flipkart.com/hp-14s-backlit-intel-core-i3-11th-gen-1115g4-8-gb-512-gb-ssd-windows-11-home-14s-dq2649tu-thin-light-laptop/p/itm6664edbe195a9,59490.0,3,0.015625,0,0
HP,HP 240R G9,Intel,,2025.0,Intel,Core 5 14th Gen 120U,,,,,,,Integrated,,,,16,DDR4,,512,SSD,,14.0,,,,,,,Windows 11 Pro,True,81553.0,82990.0,1437.0,81553.0,82271.5,82990.0,2,https://www.flipkart.com/hp-240r-g9-2025-i5-14th-gen-intel-core-5-gen-120u-16-gb-512-gb-ssd-windows-11-pro-thin-light-laptop/p/itm83fcb983a4663,82271.5,3,0.03125,0,0
HP,HP ENVY,14-fa0038AU,Envy,,AMD,Ryzen 5 Hexa Core 8640HS,Ryzen 5,8.0,,,,,Integrated,,,,16,LPDDR5,,512,SSD,,14.0,,,,True,,,Windows 11 Home,True,97460.0,118999.0,21539.0,97460.0,108229.5,118999.0,2,https://www.flipkart.com/hp-envy-amd-ryzen-5-hexa-core-8640hs-16-gb-512-gb-ssd-windows-11-home-14-fa0038au-thin-light-laptop/p/itm2e233fa96fd90,108229.5,3,0.03125,0,0
HP,HP 240 G8,240,,,Intel,Core i3 11th Gen,Core i3,,,,,,Integrated,,,,8,DDR4,,512,SSD,,14.0,,,,,,,Windows 11 Pro,True,57890.0,58990.0,1100.0,57890.0,58440.0,58990.0,2,https://www.flipkart.com/hp-240-g8-intel-core-i3-11th-gen-8-gb-512-gb-ssd-windows-11-pro-notebook/p/itmf26e540163a4c,58440.0,3,0.015625,0,0
HP,HP Omnibook 3 with MS Office 2024,14-hy00,,2024.0,AMD,Ryzen 3 Quad Core,Ryzen 3,,,,,,Integrated,,,,8,LPDDR5,,512,SSD,,14.0,,,,,,,Windows 11 Home,True,61990.0,85501.0,23511.0,61990.0,73745.5,85501.0,4,https://www.flipkart.com/hp-omnibook-3-ms-office-2024-amd-ryzen-quad-core-30-8-gb-512-gb-ssd-windows-11-home-14-hy0030au-laptop/p/itm5181e9120ddde,73745.5,3,0.015625,0,0
HP,HP 14 G9,AMD,,2025.0,AMD,Ryzen 3,Ryzen 3,,,,,,Integrated,,,,8,DDR4,,512,SSD,,14.0,,,,,,,Windows 11 Pro,True,52990.0,53990.0,1000.0,52990.0,53490.0,53990.0,2,https://www.flipkart.com/hp-14-g9-2025-amd-ryzen-3-dual-core-3250u-8-gb-512-gb-ssd-windows-11-pro-thin-light-laptop/p/itm3e824e99a63f3,53490.0,3,0.015625,0,0
HP,HP Envy x360,15-fe0028TU,Envy,,Intel,Core i5 13th Gen 1335U,Core i5,,,,,,Integrated,,,,16,LPDDR5,,512,SSD,,15.6,,,,True,,,Windows 11 Home,True,97144.0,111999.0,14855.0,97144.0,104571.5,111999.0,4,https://www.flipkart.com/hp-envy-x360-intel-core-i5-13th-gen-1335u-16-gb-512-gb-ssd-windows-11-home-15-fe0028tu-laptop/p/itm31dac27f786c9,104571.5,3,0.03125,0,0
HP,HP 14s,14s-dy2500TU,,,Intel,Core i3 11th Gen,Core i3,,,,,,Integrated,,,,8,DDR4,,256,SSD,,14.0,,,,,,,Windows 11 Home,True,57890.0,59595.0,1705.0,57290.0,58193.5,59595.0,4,https://www.flipkart.com/hp-14s-intel-core-i3-11th-gen-8-gb-256-gb-ssd-windows-11-home-14s-dy2500tu-thin-light-laptop/p/itmd402bd7a16929,58193.5,3,0.03125,0,0
HP,HP 14s,14s,,,Intel,Core i3 11th Gen 1115G,Core i3,,,,,,Integrated,,,,8,DDR4,,256,SSD,,14.0,,,,,,,Windows 11 Home,True,57990.0,59278.0,1288.0,57890.0,58609.25,59279.0,8,https://www.flipkart.com/hp-14s-intel-core-i3-11th-gen-1115g4-8-gb-256-gb-ssd-windows-11-home-dy2507tu-thin-light-laptop/p/itm3c618978e7a4d,58609.25,3,0.03125,0,0
HP,HP 240R G10 Professional,Professional,,2026.0,Intel,Core 3 14th Gen 100U,,,,,,,Integrated,,,,16,DDR4,,512,SSD,,14.0,,,,,,,Windows 11 Home,True,69990.0,79900.0,9910.0,69990.0,74945.0,79900.0,4,https://www.flipkart.com/hp-240r-g10-2026-professional-i3-14th-gen-intel-core-3-gen-100u-16-gb-512-gb-ssd-windows-11-home-thin-light-laptop/p/itm64b141f7351b4,74945.0,3,0.03125,0,0
HP,HP 14s,14s-fr0012AU,,,AMD,Ryzen 5 Quad Core 3450U,Ryzen 5,3.0,,,,,Integrated,,,,8,DDR4,,512,SSD,,14.0,,,,,,,Windows 10,True,57990.0,63900.0,5910.0,57990.0,60945.0,63900.0,2,https://www.flipkart.com/hp-14s-amd-ryzen-5-quad-core-3450u-8-gb-512-gb-ssd-windows-10-home-14s-fr0012au-thin-light-laptop/p/itm9760b8956b2bd,60945.0,3,0.015625,0,0
HP,HP 14s,14s,,,Intel,Core i3 11th Gen,Core i3,,,,,,Integrated,,,,8,DDR4,,512,SSD,,14.0,,,,,,,Windows 11 Home,True,57790.0,59490.0,1700.0,57790.0,58703.6,59500.0,10,https://www.flipkart.com/hp-14s-intel-core-i3-11th-gen-8-gb-512-gb-ssd-windows-11-home-14s-dr2015tu-thin-light-laptop/p/itmbf4f56a908dc5,58703.6,3,0.015625,0,0
HP,HP 240 G9,B10MRATU,,,Intel,Core i3 12th Gen 1215,Core i3,,,,,,Integrated,,,,8,DDR4,,512,SSD,,14.0,,,,,,,Windows 11 Home,True,57938.0,58999.0,1061.0,57938.0,58468.5,58999.0,4,https://www.flipkart.com/hp-240-g9-intel-core-i3-12th-gen-1215-8-gb-512-gb-ssd-windows-11-home-b10mratu-laptop/p/itm805f9f97ba429,58468.5,3,0.015625,0,0
HP,HP 14s,14s-ef1002tu,,,Intel,Core i3 11th Gen 1115G,Core i3,,,,,,Integrated,,,,8,DDR4,,512,SSD,,14.0,,,,,,,Windows 11 Home,True,57990.0,59999.0,2009.0,57990.0,58994.5,59999.0,4,https://www.flipkart.com/hp-14s-intel-core-i3-11th-gen-1115g4-8-gb-512-gb-ssd-windows-11-home-14s-ef1002tu-thin-light-laptop-inbuilt-4g-lte/p/itm29119aa21500c,58994.5,3,0.015625,0,0
HP,HP Pavilion,15-eh1137AU,Pavilion,,AMD,Ryzen 5,Ryzen 5,,,,,,Integrated,,,,8,DDR4,,512,SSD,,15.6,,,,,,,Windows 11 Home,True,65990.0,69889.0,3899.0,65990.0,67939.5,69889.0,4,https://www.flipkart.com/hp-pavilion-amd-ryzen-5-dual-core-5500u-8-gb-512-gb-ssd-windows-11-home-15-eh1137au-thin-light-laptop/p/itme2327928ac401,67939.5,3,0.015625,0,0
HP,HP Pavilion,15-eh2047AU,Pavilion,,AMD,Ryzen 5 Hexa Core 5625U,Ryzen 5,5.0,,,,,Integrated,,,,16,DDR4,,512,SSD,,15.6,,,,,,,Windows 11 Home,True,73706.0,89990.0,16284.0,73706.0,81848.0,89990.0,4,https://www.flipkart.com/hp-pavilion-amd-ryzen-5-hexa-core-5625u-16-gb-512-gb-ssd-windows-11-home-15-eh2047au-thin-light-laptop/p/itmd03cc8dd8cb0e,81848.0,3,0.03125,0,0
HP,HP Pavilion Eyesafe,15-EG2039TU,Pavilion,2021.0,Intel,Core i7 12th Gen 1260P,Core i7,,,,,,Integrated,,,,16,DDR4,,1024,SSD,,15.6,,,,,,,Windows 11 Home,True,98991.0,106000.0,7009.0,98991.0,102495.5,106000.0,6,https://www.flipkart.com/hp-pavilion-eyesafe-intel-core-i7-12th-gen-1260p-16-gb-1-tb-ssd-windows-11-home-15-eg2039tu-thin-light-laptop/p/itm4e0696917b69a,102495.5,3,0.015625,0,0
HP,HP Pavilion,15-eh1101AU,Pavilion,,AMD,Ryzen 5 Hexa Core 5500U,Ryzen 5,5.0,,,,,Integrated,,,,8,DDR4,,512,SSD,,15.6,,,,,,,Windows 11 Home,True,85990.0,90419.0,4429.0,85990.0,88204.5,90419.0,4,https://www.flipkart.com/hp-pavilion-amd-ryzen-5-hexa-core-5500u-8-gb-512-gb-ssd-windows-11-home-15-eh1101au-thin-light-laptop/p/itmd7166635392d6,88204.5,3,0.015625,0,0
HP,HP Pavilion,15-eg3079TU,Pavilion,,Intel,Core i5 13th Gen 1340P,Core i5,,,,,,Integrated,,,,16,DDR4,,512,SSD,,15.6,,,,,,,Windows 11 Home,True,85097.0,89900.0,4803.0,85097.0,87498.5,89900.0,6,https://www.flipkart.com/hp-pavilion-intel-core-i5-13th-gen-1340p-16-gb-512-gb-ssd-windows-11-home-15-eg3079tu-thin-light-laptop/p/itm4ae6958287d36,87498.5,3,0.03125,0,0
HP,HP Pavilion 15,15-eg2017TU,Pavilion,,Intel,Core i3 12th Gen 1215U,Core i3,,,,,,Integrated,,,,8,DDR4,,512,SSD,,15.6,,,,,,,Windows 11 Home,True,68212.0,71999.0,3787.0,68212.0,70105.5,71999.0,4,https://www.flipkart.com/hp-pavilion-15-intel-core-i3-12th-gen-1215u-8-gb-512-gb-ssd-windows-11-home-15-eg2017tu-thin-light-laptop/p/itm4da3151dea189,70105.5,3,0.015625,0,0
HP,HP Pavilion,15-eg3036TU,Pavilion,,Intel,Core i7 13th Gen 1360P,Core i7,,,,,,Integrated,,,,16,DDR4,,1024,SSD,,15.6,,,,,,,Windows 11 Home,True,111111.0,120008.0,8897.0,111111.0,115559.5,120008.0,4,https://www.flipkart.com/hp-pavilion-intel-core-i7-13th-gen-1360p-16-gb-1-tb-ssd-windows-11-home-15-eg3036tu-thin-light-laptop/p/itmd82b110aa3999,115559.5,3,0.015625,0,0
HP,HP Pavilion,15-eg3018TU,Pavilion,,Intel,Core i5 13th Gen 1335U,Core i5,,,,,,Integrated,,,,16,DDR4,,1024,SSD,,15.6,,,,,,,Windows 11 Home,True,90055.0,99900.0,9845.0,90055.0,94977.5,99900.0,12,https://www.flipkart.com/hp-pavilion-intel-core-i5-13th-gen-1335u-16-gb-1-tb-ssd-windows-11-home-15-eg3018tu-thin-light-laptop/p/itma2cd39eea5796,94977.5,3,0.015625,0,0
HP,HP Pavilion,15-eg2091TU,Pavilion,,Intel,Core i5 12th Gen 1240P,Core i5,,,,,,Integrated,,,,16,DDR4,,512,SSD,,15.6,,,,,,,Windows 11 Home,True,80803.0,98999.0,18196.0,80803.0,94695.5,99990.0,12,https://www.flipkart.com/hp-pavilion-intel-core-i5-12th-gen-1240p-16-gb-512-gb-ssd-windows-11-home-15-eg2091tu-thin-light-laptop/p/itm89d9a22d4f6fa,94695.5,3,0.03125,0,0
HP,HP Pavilion,15-eg3026TU,Pavilion,,Intel,Core i5 13th Gen 1340P,Core i5,,,,,,Integrated,,,,16,DDR4,,512,SSD,,15.6,,,,,,,Windows 11 Home,True,75941.0,94990.0,19049.0,75941.0,85465.5,94990.0,2,https://www.flipkart.com/hp-pavilion-intel-core-i5-13th-gen-1340p-16-gb-512-gb-ssd-windows-11-home-15-eg3026tu-thin-light-laptop/p/itmea28b3cf69d8b,85465.5,3,0.03125,0,0
HP,HP Pavilion,14-dv2153TU,Pavilion,,Intel,Core i5 12th Gen 1235U,Core i5,,,,,,Integrated,,,,16,DDR4,,1024,SSD,,14.0,,,,,,,Windows 11 Home,True,98990.0,99990.0,1000.0,98990.0,99490.0,99990.0,10,https://www.flipkart.com/hp-pavilion-intel-core-i5-12th-gen-1235u-16-gb-1-tb-ssd-windows-11-home-14-dv2153tu-thin-light-laptop/p/itm9236b466db2d7,99490.0,3,0.015625,0,0
HP,HP Pavilion MSO 2021,16-ag0019AU,Pavilion,2021.0,AMD,Ryzen 5 Hexa Core 8540U,Ryzen 5,8.0,,,,,Integrated,,,,16,LPDDR5,,512,SSD,,16.0,,,,,,,Windows 11 Home,True,85652.0,86900.0,1248.0,85652.0,86276.0,86900.0,6,https://www.flipkart.com/hp-pavilion-mso-2021-amd-ryzen-5-hexa-core-8540u-16-gb-512-gb-ssd-windows-11-home-16-ag0019au-thin-light-laptop/p/itmd14c7a58f1b78,86276.0,3,0.03125,0,0
HP,HP Pavilion,15-eg3032TU,Pavilion,,Intel,Core i7 13th Gen 1360P,Core i7,,,,,,Integrated,,,,16,DDR4,,512,SSD,,15.6,,,,,,,Windows 11 Home,True,104068.0,109999.0,5931.0,104068.0,107033.5,109999.0,2,https://www.flipkart.com/hp-pavilion-intel-core-i7-13th-gen-1360p-16-gb-512-gb-ssd-windows-11-home-15-eg3032tu-thin-light-laptop/p/itm992aa6d6b72c3,107033.5,3,0.03125,0,0
HP,HP Pavilion,15-eg3027TU,Pavilion,,Intel,Core i5 13th Gen 1340p,Core i5,,,,,,Integrated,,,,16,DDR4,,512,SSD,,15.6,,,,,,,Windows 11 Home,True,80100.0,84900.0,4800.0,80100.0,82500.0,84900.0,2,https://www.flipkart.com/hp-pavilion-intel-core-i5-13th-gen-1340p-16-gb-512-gb-ssd-windows-11-home-15-eg3027tu-thin-light-laptop/p/itmd03cc8dd8cb0e,82500.0,3,0.03125,0,0
HP,HP Pavilion Plus Creator OLED Eyesafe H,,Pavilion,,Intel,Core i5 12th Gen 12500H,Core i5,12.0,,,,,Integrated,,,,16,DDR4,,512,SSD,,14.0,,OLED,,,,,Windows 11,True,86722.0,96990.0,10268.0,86722.0,91856.0,96990.0,6,https://www.flipkart.com/hp-pavilion-plus-creator-oled-eyesafe-h-series-intel-core-i5-12th-gen-12500h-16-gb-512-gb-ssd-windows-11-home-14-eh0037tu-thin-light-laptop/p/itm197f74e41bb6f,91856.0,3,0.03125,0,0
HP,HP Pavilion Plus AI PC,14-ew1082TU,Pavilion,,Intel,Core Ultra 5 125H,Core Ultra 5,1.0,,,,,Integrated,,,,16,LPDDR5X,,512,SSD,,14.0,,,,,,,Windows 11 Home,True,89538.0,108888.0,19350.0,89538.0,99213.0,108888.0,4,https://www.flipkart.com/hp-pavilion-plus-ai-pc-intel-core-ultra-5-125h-16-gb-512-gb-ssd-windows-11-home-14-ew1082tu-thin-light-laptop/p/itmbbcd0311d0a00,99213.0,3,0.03125,0,0
HP,HP Pavilion Plus,14-ey0789AU,Pavilion,,AMD,Ryzen 7 Processor,Ryzen 7,,,,,,Integrated,,,,16,LPDDR5X,,1024,SSD,,14.0,,,,,,,Windows 11 Home,True,92319.0,98990.0,6671.0,92319.0,95654.5,98990.0,4,https://www.flipkart.com/hp-pavilion-plus-amd-ryzen-7-7th-gen-7000-16-gb-1-tb-ssd-windows-11-home-14-ey0789au-thin-light-laptop/p/itmaddf6e4bcfe75,95654.5,3,0.015625,0,0
HP,HP Pavilion Plus,14-ew0116TU,Pavilion,,Intel,Core i5 13th Gen 1335U,Core i5,,,,,,Integrated,,,,16,LPDDR5X,,512,SSD,,14.0,,,,,,,Windows 11 Home,True,82320.0,85900.0,3580.0,82320.0,84110.0,85900.0,4,https://www.flipkart.com/hp-pavilion-plus-intel-core-i5-13th-gen-1335u-16-gb-512-gb-ssd-windows-11-home-14-ew0116tu-thin-light-laptop/p/itm565ffefa3cf12,84110.0,3,0.03125,0,0
HP,HP Pavilion x360,14-ek1010TU,Pavilion,,Intel,Core i5 13th Gen 1335U,Core i5,,,,,,Integrated,,,,16,DDR4,,1024,SSD,,14.0,,,,True,,,Windows 11 Home,True,103420.0,105000.0,1580.0,103420.0,104210.0,105000.0,6,https://www.flipkart.com/hp-pavilion-x360-intel-core-i5-13th-gen-1335u-16-gb-1-tb-ssd-windows-11-home-14-ek1010tu-2-1-laptop/p/itm21fc353b17eed,104210.0,3,0.015625,0,0
HP,HP Pavilion,14-ek0084TU,Pavilion,2021.0,Intel,Core i5 12th Gen 1235U,Core i5,,,,,,Integrated,,,,8,DDR4,,512,SSD,,14.0,,,,,,,Windows 11 Home,True,84391.0,115990.0,31599.0,84391.0,100190.5,115990.0,4,https://www.flipkart.com/hp-pavilion-intel-core-i5-12th-gen-1235u-8-gb-512-gb-ssd-windows-11-home-14-ek0084tu-thin-light-laptop/p/itm2d992a923c3e5,100190.5,3,0.015625,0,0
HP,HP Pavilion 14 Touchscreen,Pavilion,Pavilion,2021.0,Intel,Core i5 12th Gen 1235U,Core i5,,,,,,Integrated,,,,16,DDR4,,512,SSD,,14.0,,,,True,,,Windows 11 Home,True,95399.0,99000.0,3601.0,95399.0,97199.5,99000.0,4,https://www.flipkart.com/hp-pavilion-14-touchscreen-intel-core-i5-12th-gen-1235u-16-gb-512-gb-ssd-windows-11-home-14-dv2041tu-laptop/p/itm5b68c71d614ff,97199.5,3,0.03125,0,0
HP,HP Pavilion,14-dv2053TU,Pavilion,2021.0,Intel,Core i5 12th Gen 1235U,Core i5,,,,,,Integrated,,,,8,DDR4,,512,SSD,,14.0,,,,,,,Windows 11 Home,True,77016.0,79990.0,2974.0,77016.0,78503.0,79990.0,4,https://www.flipkart.com/hp-pavilion-intel-core-i5-12th-gen-1235u-8-gb-512-gb-ssd-windows-11-home-14-dv2053tu-thin-light-laptop/p/itm90796c0f2f8f1,78503.0,3,0.015625,0,0
HP,HP Pavilion,14-dy0207TU,Pavilion,,Intel,Core i3 11th Gen 1125G,Core i3,,,,,,Integrated,,,,8,DDR4,,512,SSD,,14.0,,,,True,,,Windows 11 Home,True,76990.0,79490.0,2500.0,76990.0,78240.0,79490.0,4,https://www.flipkart.com/hp-pavilion-intel-core-i3-11th-gen-1125g4-8-gb-512-gb-ssd-windows-11-home-14-dy0207tu-thin-light-laptop/p/itm737eccec68799,78240.0,3,0.015625,0,0
HP,HP Victus,Intel,Victus,,Intel,Core 5 13th Gen,,,,,,,Integrated,,,,16,DDR4,,512,SSD,,15.6,,,,,,,Windows 11 Home,True,114990.0,130000.0,15010.0,114990.0,122495.0,130000.0,8,https://www.flipkart.com/hp-victus-i5-14th-gen-intel-core-5-13th-gen-16-gb-512-gb-ssd-windows-11-home-6-graphics-nvidia-geforce-rtx-nvidia-rtx-4050-15-fa1278tx-gaming-laptop/p/itm9687851e16cba,122495.0,3,0.03125,0,1
HP,HP Victus AI,,Victus,2024.0,AMD,Ryzen 7 Octa Core,Ryzen 7,,,,,,Integrated,,,,16,DDR5,,1024,SSD,,15.6,,,,,,,Windows 11 Home,True,157990.0,164309.0,6319.0,157990.0,161149.5,164309.0,12,https://www.flipkart.com/hp-victus-ai-amd-ryzen-7-octa-core-260-16-gb-1-tb-ssd-windows-11-home-8-gb-graphics-nvidia-geforce-rtx-5050-15-fb3102ax-gaming-laptop/p/itmd64b9cb8692f8,161149.5,3,0.015625,0,1
HP,HP Essentials,Intel,,,Intel,Core 5 13th Gen 120U,,,,,,,Integrated,,,,8,DDR4,,1024,SSD,,15.6,,,,,,,Windows 11 Home,True,79991.0,89053.0,9062.0,79991.0,84522.0,89053.0,4,https://www.flipkart.com/hp-essentials-i5-14th-gen-intel-core-5-13th-gen-120u-8-gb-1-tb-ssd-windows-11-home-15-fd0549tu-thin-light-laptop/p/itm426d2307326b2,84522.0,3,0.0078125,0,0
HP,HP OmniBook 7,Intel,,,Intel,Core 5 210H,,,,,,,Integrated,,,,16,LPDDR5,,512,SSD,,14.0,,,,,,,Windows 11 Home,True,85299.0,87609.0,2310.0,85299.0,86454.0,87609.0,6,https://www.flipkart.com/hp-omnibook-7-i5-14th-gen-intel-core-5-210h-16-gb-512-gb-ssd-windows-11-home-fs0789tu-laptop/p/itm1806920f88545,86454.0,3,0.03125,0,0
HP,HP 250 G10 Backlit Professional,Professional,,2025.0,Intel,Core i5 13th Gen 1334U,Core i5,,,,,,Integrated,,,,16,DDR4,,512,SSD,,15.6,,,,,,,Windows 11 Home,True,82067.0,90000.0,7933.0,82067.0,86033.5,90000.0,2,https://www.flipkart.com/hp-250-g10-backlit-2025-professional-intel-core-i5-13th-gen-1334u-16-gb-512-gb-ssd-windows-11-home-thin-light-laptop/p/itm231cd821923ec,86033.5,3,0.03125,0,0
HP,HP 15 {2026},FD0651TU,,2026.0,Intel,Core i5 14th Gen 120U,Core i5,,,,,,Integrated,,,,8,DDR4,,512,SSD,,15.6,,,,,,,Windows 11 Home,True,75499.0,78990.0,3491.0,75499.0,77244.5,78990.0,2,https://www.flipkart.com/hp-15-2026-intel-core-i5-14th-gen-120u-8-gb-512-gb-ssd-windows-11-home-fd0651tu-thin-light-laptop/p/itmd8afd5cc2660c,77244.5,3,0.015625,0,0
Gigabyte,GIGABYTE GAMING A16,,,,AMD,Ryzen 7 Processor,Ryzen 7,,,,,,Integrated,,,,16,DDR5,,512,SSD,,16.0,,,,,,,Windows 11 Home,True,139990.0,207000.0,67010.0,139990.0,173495.0,207000.0,16,https://www.flipkart.com/gigabyte-gaming-a16-amd-ryzen-7-260-16-gb-512-gb-ssd-windows-11-home-8-graphics-nvidia-geforce-rtx-5060-3vhk3in893sh-laptop/p/itme0ecd838c7545,173495.0,3,0.03125,0,1
HP,HP 15 G9,AMD,,2025.0,AMD,Ryzen 3,Ryzen 3,,,,,,Integrated,,,,8,DDR4,,512,SSD,,15.6,,,,,,,Windows 11 Home,True,51990.0,53990.0,2000.0,51990.0,52990.0,53990.0,4,https://www.flipkart.com/hp-15-g9-2025-amd-ryzen-3-dual-core-3250u-8-gb-512-gb-ssd-windows-11-home-thin-light-laptop/p/itm67ca48e4b84d6,52990.0,3,0.015625,0,0
HP,HP 245 G9 Silver,245,,,AMD,Ryzen 5 Hexa Core 5625U,Ryzen 5,5.0,,,,,Integrated,,,,8,DDR4,,512,SSD,,14.1,,,,,,,Windows 11 Home,True,54690.0,59999.0,5309.0,54690.0,57344.5,59999.0,6,https://www.flipkart.com/hp-245-g9-silver-amd-ryzen-5-hexa-core-5625u-8-gb-512-gb-ssd-windows-11-home-laptop/p/itma488dac338fb5,57344.5,3,0.015625,0,0
HP,HP 15 with Backlit Keyboard & Office 2024,,,2024.0,AMD,Ryzen 7 Octa Core 5825U,Ryzen 7,5.0,,,,,Integrated,,,,16,DDR4,,512,SSD,,15.6,,,,,,,Windows 11 Home,True,83432.0,85900.0,2468.0,83432.0,84666.0,85900.0,4,https://www.flipkart.com/hp-15-backlit-keyboard-office-2024-amd-ryzen-7-octa-core-5825u-16-gb-512-gb-ssd-windows-11-home-15-fc0476au-15-fc0533au-thin-light-laptop/p/itm573d0be23b79c,84666.0,3,0.03125,0,0
HP,HP OMEN 16,,Omen,,Intel,Core Ultra 7 255,Core Ultra 7,1.0,,,,,Integrated,,,,24,DDR5,,1024,SSD,,16.0,,,,,,,Windows 11 Home,True,149990.0,168617.0,18627.0,149990.0,159303.5,168617.0,18,https://www.flipkart.com/hp-omen-16-intel-core-ultra-7-255-h-24-gb-1-tb-ssd-windows-11-home-8-gb-graphics-nvidia-geforce-rtx-5050-16-am0240tx-gaming-laptop/p/itma78eb4b7b4454,159303.5,3,0.0234375,0,1
HP,HP HyperX Omen 16,AMD,Omen,2024.0,AMD,Ryzen 7 Octa Core 8745HX,Ryzen 7,8.0,,,,,Integrated,,,,16,DDR5,,1024,SSD,,16.0,,,,,,,Windows 11 Home,True,227990.0,357244.0,129254.0,227990.0,292617.0,357244.0,2,https://www.flipkart.com/hp-hyperx-omen-16-valorant-edition-amd-ryzen-7-octa-core-8745hx-16-gb-1-tb-ssd-windows-11-home-8-gb-graphics-nvidia-geforce-rtx-5060-16-ap1010ax-gaming-laptop/p/itm687016d39af8a,292617.0,3,0.015625,0,1
HP,HP OMEN Slim,,Omen,,Intel,Core Ultra 7 255H,Core Ultra 7,2.0,,,,,Integrated,,,,24,DDR5,,1024,SSD,,16.0,,,,,,,Windows 11 Home,True,184899.0,222000.0,37101.0,184899.0,203449.5,222000.0,4,https://www.flipkart.com/hp-omen-slim-intel-core-ultra-7-255h-24-gb-1-tb-ssd-windows-11-home-8-gb-graphics-nvidia-geforce-rtx-5060-16-an0015tx-gaming-laptop/p/itmabdfb2dd5fa1e,203449.5,3,0.0234375,0,1
HP,HP OMEN,,Omen,,Intel,Core i7 14th Gen 14700HX,Core i7,14.0,,,,,Integrated,,,,16,DDR5,,1024,SSD,,16.1,,,,,,,Windows 11 Home,True,189599.0,197507.0,7908.0,142990.0,180365.33,197507.0,6,https://www.flipkart.com/hp-omen-intel-core-i7-14th-gen-14700hx-16-gb-1-tb-ssd-windows-11-home-8-gb-graphics-nvidia-geforce-rtx-4070-140-w-16-wf1026tx-gaming-laptop/p/itm4545e3c1ba1b6,180365.33,3,0.015625,0,1
HP,HP OMEN,,Omen,2021.0,Intel,Core i7 12th Gen 12700H,Core i7,12.0,,,,,Integrated,,,,16,DDR5,,1024,SSD,,16.1,,,,,,,Windows 11 Home,True,181599.0,189900.0,8301.0,181599.0,185749.5,189900.0,4,https://www.flipkart.com/hp-omen-intel-core-i7-12th-gen-12700h-16-gb-1-tb-ssd-windows-11-home-8-gb-graphics-nvidia-geforce-rtx-3070-16-b1370tx-gaming-laptop/p/itm5b316c4d48921,185749.5,3,0.015625,0,1
HP,HP Omnibook 3 with Backlit Keyboard,15-fn0,,2024.0,AMD,Ryzen AI 5 Quad Core -,Ryzen AI,,,,,,Integrated,,,,24,DDR5,,1024,SSD,,15.6,,,,,,,Windows 11 Home,True,97900.0,99900.0,2000.0,97900.0,98900.0,99900.0,2,https://www.flipkart.com/hp-omnibook-3-backlit-keyboard-amd-ryzen-ai-5-quad-core-24-gb-1-tb-ssd-windows-11-home-15-fn0074au-thin-light-laptop/p/itmd94bf8129a01f,98900.0,3,0.0234375,0,0
HP,HP Omnibook 5 Flip,Intel,,,Intel,Core 7,,,,,,,Integrated,,,,16,LPDDR5,,1024,SSD,,14.0,,,,True,,,Windows 11 Home,True,134393.0,139990.0,5597.0,134393.0,137191.5,139990.0,6,https://www.flipkart.com/hp-omnibook-5-flip-i7-14th-gen-intel-core-7-16-gb-1-tb-ssd-windows-11-home-14-fp0690tu-2-1-laptop/p/itm7b8974263bc19,137191.5,3,0.015625,0,0
HP,"HP OmniBook 5 Flip with Touchscreen, Backlit Keyboard & MSO'2024,",,,2024.0,Intel,Core i5 13th Gen 1334U,Core i5,,,,,,Integrated,,,,16,LPDDR5,,512,SSD,,14.0,,,,True,,,Windows 11 Home,True,105000.0,124900.0,19900.0,105000.0,114950.0,124900.0,2,https://www.flipkart.com/hp-omnibook-5-flip-touchscreen-backlit-keyboard-mso-2024-intel-core-i5-13th-gen-1334u-16-gb-512-gb-ssd-windows-11-home-14-fp0789tu-thin-light-laptop/p/itmf665cef7ac5df,114950.0,3,0.03125,0,0
HP,HP 255 G10 Backlit + FingerPrint,AMD,,2025.0,AMD,Ryzen 5 Quad Core 7520U,Ryzen 5,7.0,,,,,Integrated,,,,16,LPDDR5,,512,SSD,,15.6,,,,,,,Windows 11 Home,True,68806.0,69999.0,1193.0,68806.0,69402.5,69999.0,2,https://www.flipkart.com/hp-255-g10-backlit-fingerprint-2025-amd-ryzen-5-quad-core-7520u-16-gb-512-gb-ssd-windows-11-home-thin-light-laptop/p/itm1b466281d98b6,69402.5,3,0.03125,0,0
HP,HP MS Office 2024,15-fc1038AU,,2024.0,AMD,Ryzen 7 Octa Core,Ryzen 7,,,,,,Integrated,,,,16,DDR5,,512,SSD,,15.6,,,,,,,Windows 11 Home,True,75991.0,99889.0,23898.0,75991.0,87940.0,99889.0,10,https://www.flipkart.com/hp-ms-office-2024-amd-ryzen-7-octa-core-16-gb-512-gb-ssd-windows-11-home-15-fc1038au-thin-light-laptop/p/itmb85cccdf90f6f,87940.0,3,0.03125,0,0
HP,HP 15 G9,AMD,,2025.0,AMD,Ryzen 5 Hexa Core 5625U,Ryzen 5,5.0,,,,,Integrated,,,,16,DDR4,,512,SSD,,15.6,,,,,,,Windows 11 Pro,True,68002.0,69990.0,1988.0,68002.0,68996.0,69990.0,2,https://www.flipkart.com/hp-15-g9-2025-amd-ryzen-5-hexa-core-5625u-16-gb-512-gb-ssd-windows-11-pro-thin-light-laptop/p/itme6fd8a1c31200,68996.0,3,0.03125,0,0
HP,HP HP Smartchoice OmniBook 5,ag1048au,,,AMD,Ryzen 7 Processor,Ryzen 7,,,,,,Integrated,,,,16,DDR5,,512,SSD,,16.0,,,,,,,Windows 11 Home,True,117856.0,131990.0,14134.0,117856.0,124923.0,131990.0,2,https://www.flipkart.com/hp-smartchoice-omnibook-5-amd-ryzen-7-ryzen-ai-350-16-gb-512-gb-ssd-windows-11-home-ag1048au-thin-light-laptop/p/itmb7e7af30acc89,124923.0,3,0.03125,0,0
HP,HP MSO 2024,15-fc0389AU,,2024.0,AMD,Ryzen 5 Hexa Core 7430U,Ryzen 5,7.0,,,,,Integrated,,,,16,DDR4,,512,SSD,,15.6,,,,,,,Windows 11 Home,True,68440.0,75900.0,7460.0,68440.0,72170.0,75900.0,2,https://www.flipkart.com/hp-mso-2024-amd-ryzen-5-hexa-core-7430u-16-gb-512-gb-ssd-windows-11-home-15-fc0389au-thin-light-laptop/p/itmd1de3bf78d327,72170.0,3,0.03125,0,0
HP,HP Omnibook 5 2K OLED,Omnibook,,,Qualcomm,Snapdragon X -,Snapdragon X,,,,,,Integrated,,,,16,LPDDR5X,,1024,SSD,,14.0,,OLED,,,,,Windows 11 Home,True,94500.0,154900.0,60400.0,94500.0,124700.0,154900.0,2,https://www.flipkart.com/hp-omnibook-5-2k-oled-snapdragon-x-16-gb-1-tb-ssd-windows-11-home-14-he0015qu-thin-light-laptop/p/itm836f3f9be55cf,124700.0,3,0.015625,0,0
HP,"HP OmniBook 5 Backlit Keyboard & MSO'2024,",,,2024.0,Intel,Core i5 13th Gen 1334U,Core i5,,,,,,Integrated,,,,16,LPDDR5X,,512,SSD,,16.0,,,,,,,Windows 11,True,97563.0,99900.0,2337.0,97563.0,98731.5,99900.0,2,https://www.flipkart.com/hp-omnibook-5-backlit-keyboard-mso-2024-intel-core-i5-13th-gen-1334u-16-gb-512-gb-ssd-windows-11-home-16-ba1008tu-thin-light-laptop/p/itmb0751d07827ec,98731.5,3,0.03125,0,0
Acer,"Acer Aspire Lite Metal , Backlit Keyboard",,Aspire,2026.0,AMD,Ryzen 3 7330U,Ryzen 3,7.0,,,,,Integrated,,,,8,DDR4,,256,SSD,,15.6,,,,,,,Windows 11 Home,True,39990.0,54990.0,15000.0,39990.0,47490.0,54990.0,8,https://www.flipkart.com/acer-aspire-lite-metal-2026-backlit-keyboard-amd-ryzen-3-7330u-8-gb-256-gb-ssd-windows-11-home-al15-42-notebook/p/itm7c9587abd46b9,47490.0,3,0.03125,0,0
Acer,Acer Acer Aspire Lite AL15,AL15-53,Aspire,,Intel,Core i3 13th Gen,Core i3,,,,,,Integrated,,,,8,DDR4,,512,SSD,,15.6,,,,,,,Windows 11 Home,True,53323.0,59990.0,6667.0,53323.0,56656.5,59990.0,6,https://www.flipkart.com/acer-aspire-lite-al15-53-intel-core-i3-13th-gen-8-gb-512-gb-ssd-windows-11-home-notebook/p/itma0128e7d1fb8d,56656.5,3,0.015625,0,0
Acer,Acer Aspire Lite,AL15-52,Aspire,,Intel,Core i5 12th Gen 1235U,Core i5,,,,,,Integrated,,,,16,DDR4,,512,SSD,,15.6,,,,,,,Windows 11 Home,True,68005.0,69990.0,1985.0,68005.0,68997.5,69990.0,12,https://www.flipkart.com/acer-aspire-lite-intel-core-i5-12th-gen-1235u-16-gb-512-gb-ssd-windows-11-home-al15-52-thin-light-laptop/p/itm1bc0bcb4598e7,68997.5,3,0.03125,0,0
Acer,Acer Aspire Lite,AL15-52H,Aspire,,Intel,Core i7 12th Gen 12650H,Core i7,12.0,,,,,Integrated,,,,16,LPDDR5,,512,SSD,,15.6,,,,,,,Windows 11 Home,True,74990.0,79990.0,5000.0,74990.0,77490.0,79990.0,12,https://www.flipkart.com/acer-aspire-lite-intel-core-i7-12th-gen-12650h-16-gb-512-gb-ssd-windows-11-home-al15-52h-thin-light-laptop/p/itmac43cf2d5d952,77490.0,3,0.03125,0,0
Acer,Acer,,,,AMD,Ryzen 3 5300U,Ryzen 3,5.0,,,,,Integrated,,,,8,DDR4,,512,SSD,,15.6,,,,,,,Windows 11 Home,True,45990.0,49990.0,4000.0,45990.0,47990.0,49990.0,4,https://www.flipkart.com/acer-amd-ryzen-3-5300u-processor-quad-core-5th-gen-8-gb-512-gb-ssd-windows-11-home-un-31zsi-06w-laptop/p/itm57da23ee51b6d,47990.0,3,0.015625,0,0
Acer,Acer,AL15-41,,,AMD,Ryzen 3 Quad Core,Ryzen 3,,,,,,Integrated,,,,8,DDR4,,512,SSD,,15.6,,,,,,,Windows 11 Home,True,45990.0,49990.0,4000.0,45990.0,47990.0,49990.0,4,https://www.flipkart.com/acer-amd-ryzen-3-quad-core-5th-gen-5300u-8-gb-512-gb-ssd-windows-11-home-al15-41-laptop/p/itm5101dc7b33b19,47990.0,3,0.015625,0,0
Acer,Acer Aspire Lite,AL15-41,Aspire,,AMD,Ryzen 3 Quad Core,Ryzen 3,,,,,,Integrated,,,,16,DDR4,,512,SSD,,15.6,,,,,,,Windows 11 Home,True,57471.0,59990.0,2519.0,57471.0,58730.5,59990.0,4,https://www.flipkart.com/acer-aspire-lite-amd-ryzen-3-quad-core-16-gb-512-gb-ssd-windows-11-home-al15-41-thin-light-laptop/p/itmd17642d6b73a3,58730.5,3,0.03125,0,0
Acer,Acer Aspire Lite,AL15-51,Aspire,,Intel,Core i3 11th Gen 1115G,Core i3,,,,,,Integrated,,,,16,DDR4,,512,SSD,,15.6,,,,,,,Windows 11 Home,True,58441.0,60090.0,1649.0,58441.0,59265.5,60090.0,2,https://www.flipkart.com/acer-aspire-lite-intel-core-i3-11th-gen-1115g4-16-gb-512-gb-ssd-windows-11-home-al15-51-thin-light-laptop/p/itm1bc0bcb4598e7,59265.5,3,0.03125,0,0
Acer,"Acer Aspire Lite with Backlit Keyboard,",,Aspire,,Intel,Core i7 12th Gen 1255U,Core i7,,,,,,Integrated,,,,16,DDR4,,512,SSD,,15.6,,,,,,,Windows 11,True,53999.0,74999.0,21000.0,53999.0,64499.0,74999.0,4,https://www.flipkart.com/acer-aspire-lite-backlit-keyboard-intel-core-i7-12th-gen-1255u-16-gb-512-gb-ssd-windows-11-home-al15-52-thin-light-laptop/p/itm1bc0bcb4598e7,64499.0,3,0.03125,0,0
Acer,Acer Aspire Lite,AL15-52,Aspire,,Intel,Core i3 12th Gen 1215U,Core i3,,,,,,Integrated,,,,8,DDR4,,512,SSD,,15.6,,,,,,,Windows 11 Home,True,52398.0,59990.0,7592.0,52398.0,56194.0,59990.0,6,https://www.flipkart.com/acer-aspire-lite-intel-core-i3-12th-gen-1215u-8-gb-512-gb-ssd-windows-11-home-al15-52-thin-light-laptop/p/itm2f1be04e21a00,56194.0,3,0.015625,0,0
Acer,Acer Aspire Lite,AL14-71P,Aspire,,Intel,Core i5 13th Gen,Core i5,,,,,,Integrated,,,,16,DDR5,,512,SSD,,14.0,,,,,,,Windows 11 Home,True,69990.0,109990.0,40000.0,69990.0,89990.0,109990.0,4,https://www.flipkart.com/acer-aspire-lite-intel-core-i5-13th-gen-i5-13500h-16-gb-512-gb-ssd-windows-11-home-al14-71p-thin-light-laptop/p/itmc875821376770,89990.0,3,0.03125,0,0
Acer,Acer Aspire Lite,AL15-52H,Aspire,,Intel,Core i7 13th Gen 13620H,Core i7,13.0,,,,,Integrated,,,,16,LPDDR5,,512,SSD,,15.6,,,,,,,Windows 11 Home,True,81990.0,99990.0,18000.0,81990.0,90990.0,99990.0,4,https://www.flipkart.com/acer-aspire-lite-intel-core-i7-13th-gen-13620h-16-gb-512-gb-ssd-windows-11-home-al15-52h-thin-light-laptop/p/itmca7fe5d3a4b0e,90990.0,3,0.03125,0,0
Acer,Acer Aspire,AL15-52H,Aspire,,Intel,Core i5 12th Gen,Core i5,,,,,,Integrated,,,,16,LPDDR5,,512,SSD,,15.6,,,,,,,Windows 11 Home,True,69990.0,75990.0,6000.0,69990.0,72990.0,75990.0,6,https://www.flipkart.com/acer-aspire-intel-core-i5-12th-gen-16-gb-512-gb-ssd-windows-11-home-al15-52h-thin-light-laptop/p/itmeac253f0587d8,72990.0,3,0.03125,0,0
Acer,Acer 3 Years Warranty Aspire Lite Backlit,Intel,Aspire,2026.0,Intel,Core i5 13th Gen,Core i5,,,,,,Integrated,,,,16,DDR4,,512,SSD,,15.6,,,,,,,Windows 11 Home,True,78990.0,90900.0,11910.0,78990.0,84945.0,90900.0,4,https://www.flipkart.com/acer-3-years-warranty-aspire-lite-backlit-2026-intel-core-i5-13th-gen-16-gb-512-gb-ssd-windows-11-home-al15-53-thin-light-laptop/p/itmcce791ec56d70,84945.0,3,0.03125,0,0
Acer,Acer,UN,,,Intel,Core i5 13th Gen,Core i5,,,,,,Integrated,,,,16,LPDDR4,,512,SSD,,15.6,,,,,,,Windows 11 Home,True,69000.0,85900.0,16900.0,69000.0,77450.0,85900.0,2,https://www.flipkart.com/acer-intel-core-i5-13th-gen-16-gb-512-gb-ssd-windows-11-home-un-34esi-00k-laptop/p/itm440b56b07cd6c,77450.0,3,0.03125,0,0
Acer,Acer Aspire,AL15-52H,Aspire,,Intel,Core i5 12th Gen,Core i5,,,,,,Integrated,,,,12,LPDDR5,,512,SSD,,15.6,,,,,,,Windows 11 Home,True,66949.0,72990.0,6041.0,66949.0,69969.5,72990.0,4,https://www.flipkart.com/acer-aspire-intel-core-i5-12th-gen-12-gb-512-gb-ssd-windows-11-home-al15-52h-thin-light-laptop/p/itmb4257c1cda497,69969.5,3,0.0234375,0,0
Acer,Acer Aspire,AL15-52H,Aspire,,Intel,Core i5 13th Gen,Core i5,,,,,,Integrated,,,,16,LPDDR5,,512,SSD,,15.6,,,,,,,Windows 11 Home,True,68702.0,80990.0,12288.0,68702.0,74846.0,80990.0,6,https://www.flipkart.com/acer-aspire-intel-core-i5-13th-gen-16-gb-512-gb-ssd-windows-11-home-al15-52h-thin-light-laptop/p/itm7d8c274d68fef,74846.0,3,0.03125,0,0
Acer,Acer,Aspire,,,Intel,Core i3 13th Gen,Core i3,,,,,,Integrated,,,,8,DDR4,,512,SSD,,15.6,,,,,,,Windows 11 Home,True,48807.0,59990.0,11183.0,48807.0,54398.5,59990.0,10,https://www.flipkart.com/acer-intel-core-i3-13th-gen-8-gb-512-gb-ssd-windows-11-home-aspire-3-laptop/p/itm36ec2de96cda7,54398.5,3,0.015625,0,0
Acer,Acer Aspire 3 Backlit,A324-51,Aspire,,Intel,Core i3 12th Gen 1215U,Core i3,,,,,,Integrated,,,,8,DDR4,,512,SSD,,14.0,,,,,,,Windows 11 Home,True,51939.0,65990.0,14051.0,51939.0,58028.93,65990.0,14,https://www.flipkart.com/acer-aspire-3-backlit-intel-core-i3-12th-gen-1215u-8-gb-512-gb-ssd-windows-11-home-a324-51-thin-light-laptop/p/itm7dda0a4d1d62a,58028.93,3,0.015625,0,0
Acer,Acer Aspire 3,A315-59,Aspire,,Intel,Core i5 12th Gen,Core i5,,,,,,Integrated,,,,8,DDR4,,512,SSD,,15.6,,,,,,,Windows 11 Home,True,56990.0,69990.0,13000.0,56990.0,63490.0,69990.0,14,https://www.flipkart.com/acer-aspire-3-intel-core-i5-12th-gen-8-gb-512-gb-ssd-windows-11-home-a315-59-50cp-thin-light-laptop/p/itmb8e9fbe22f575,63490.0,3,0.015625,0,0
Acer,Acer Aspire 3,A315-24P,Aspire,,AMD,Ryzen 3 Quad Core 7320U,Ryzen 3,7.0,,,,,Integrated,,,,8,LPDDR5,,512,SSD,,15.6,,,,,,,Windows 11 Home,True,46990.0,49990.0,3000.0,46990.0,48490.0,49990.0,12,https://www.flipkart.com/acer-aspire-3-amd-ryzen-quad-core-7320u-8-gb-512-gb-ssd-windows-11-home-a315-24p-thin-light-laptop/p/itmf420b92cf4584,48490.0,3,0.015625,0,0
Acer,Acer Aspire 3,Intel,Aspire,2025.0,Intel,Core i3 13th Gen 1305U,Core i3,,,,,,Integrated,,,,8,DDR4,,512,SSD,,15.6,,,,,,,Windows 11 Home,True,48949.0,56990.0,8041.0,48949.0,52969.5,56990.0,8,https://www.flipkart.com/acer-aspire-3-2025-intel-core-i3-13th-gen-1305u-8-gb-512-gb-ssd-windows-11-home-a325-53-thin-light-laptop/p/itmb056b2ef8b465,52969.5,3,0.015625,0,0
Acer,Acer Aspire 3,A315-23,Aspire,,AMD,Ryzen 3,Ryzen 3,,,,,,Integrated,,,,8,DDR4,,512,SSD,,15.6,,,,,,,Windows 11 Home,True,46141.0,59990.0,13849.0,46141.0,53065.5,59990.0,14,https://www.flipkart.com/acer-aspire-3-amd-ryzen-dual-core-3250u-8-gb-512-gb-ssd-windows-11-home-a315-23-laptop/p/itmd7cafc026f253,53065.5,3,0.015625,0,0
Acer,Acer Aspire 5 Gaming,,Aspire,,Intel,Core i5 12th Gen 1240P,Core i5,,,,,,Integrated,,,,16,DDR4,,512,SSD,,15.6,,,,,,,Windows 11 Home,True,79500.0,89999.0,10499.0,79500.0,84749.5,89999.0,22,https://www.flipkart.com/acer-aspire-5-gaming-intel-core-i5-12th-gen-1240p-16-gb-512-gb-ssd-windows-11-home-4-graphics-nvidia-geforce-rtx-2050-a515-57g-laptop/p/itmc94e7cd480aba,84749.5,3,0.03125,0,1
Acer,Acer Aspire 3,Intel,Aspire,2025.0,Intel,Core i3 13th Gen 1305U,Core i3,,,,,,Integrated,,,,16,DDR4,,512,SSD,,15.6,,,,,,,Windows 11 Home,True,52990.0,78990.0,26000.0,52990.0,65990.0,78990.0,6,https://www.flipkart.com/acer-aspire-3-2025-intel-core-i3-13th-gen-1305u-16-gb-512-gb-ssd-windows-11-home-a325-53-thin-light-laptop/p/itm07bdcd1870dd6,65990.0,3,0.03125,0,0
Acer,Acer Aspire 3,A315-59,Aspire,,Intel,Core i5 12th Gen 1235U,Core i5,,,,,,Integrated,,,,8,DDR4,,512,SSD,,15.6,,,,,,,Windows 11 Home,True,56990.0,59990.0,3000.0,56990.0,58490.0,59990.0,8,https://www.flipkart.com/acer-aspire-3-intel-core-i5-12th-gen-1235u-8-gb-512-gb-ssd-windows-11-home-a315-59-50cp-thin-light-laptop/p/itm9722f660b9fc6,58490.0,3,0.015625,0,0
Acer,Acer Aspire 3,A315-59,Aspire,,Intel,Core i5 12th Gen 1235U,Core i5,,,,,,Integrated,,,,16,DDR4,,512,SSD,,15.6,,,,,,,Windows 11 Home,True,71292.0,79999.0,8707.0,71292.0,75645.5,79999.0,6,https://www.flipkart.com/acer-aspire-3-intel-core-i5-12th-gen-1235u-16-gb-512-gb-ssd-windows-11-home-a315-59-thin-light-laptop/p/itm9722f660b9fc6,75645.5,3,0.03125,0,0
Acer,Acer Aspire 5,,Aspire,,Intel,Core i5 13th Gen,Core i5,,,,,,Integrated,,,,8,DDR4,,512,SSD,,15.6,,,,,,,Windows 11 Home,True,67691.0,68900.0,1209.0,67691.0,68295.5,68900.0,14,https://www.flipkart.com/acer-aspire-5-intel-core-i5-13th-gen-8-gb-512-gb-ssd-windows-11-home-4-graphics-nvidia-geforce-rtx-rtx-2050-gaming-laptop/p/itm2e43cbf50d0ac,68295.5,3,0.015625,0,0
Acer,Acer Aspire 5 15,A515-58M,Aspire,,Intel,Core i5 13th Gen 1335U,Core i5,,,,,,Integrated,,,,8,LPDDR5,,512,SSD,,15.6,,,,,,,Windows 11 Home,True,70045.0,79990.0,9945.0,70045.0,75017.5,79990.0,2,https://www.flipkart.com/acer-aspire-5-15-intel-core-i5-13th-gen-1335u-8-gb-512-gb-ssd-windows-11-home-a515-58m-thin-light-laptop/p/itm4285f066ed3a8,75017.5,3,0.015625,0,0
Acer,Acer Aspire 5 15,A515-58M,Aspire,,Intel,Core i3 13th Gen 1305U,Core i3,,,,,,Integrated,,,,8,LPDDR5,,512,SSD,,15.6,,,,,,,Windows 11 Home,True,52999.0,65000.0,12001.0,52999.0,58999.5,65000.0,8,https://www.flipkart.com/acer-aspire-5-15-intel-core-i3-13th-gen-1305u-8-gb-512-gb-ssd-windows-11-home-a515-58m-thin-light-laptop/p/itm4285f066ed3a8,58999.5,3,0.015625,0,0
Acer,Acer Aspire 3,AS15-42,Aspire,,AMD,Ryzen 3 Quad Core 7330U,Ryzen 3,7.0,,,,,Integrated,,,,8,DDR4,,256,SSD,,15.6,,,,,,,Windows 11 Home,True,51031.0,59900.0,8869.0,51031.0,55465.5,59900.0,14,https://www.flipkart.com/acer-aspire-3-amd-ryzen-quad-core-7330u-8-gb-256-gb-ssd-windows-11-home-as15-42-thin-light-laptop/p/itmdaf15e01a1d1a,55465.5,3,0.03125,0,0
Acer,Acer Aspire 7,,Aspire,,Intel,Core i5 13th Gen,Core i5,,,,,,Integrated,,,,16,DDR4,,512,SSD,,15.6,,,,,,,Windows 11 Home,True,86755.0,89999.0,3244.0,86755.0,88377.0,89999.0,6,https://www.flipkart.com/acer-aspire-7-intel-core-i5-13th-gen-16-gb-512-gb-ssd-windows-11-home-4-graphics-nvidia-geforce-rtx-2050-a715-79g-gaming-laptop/p/itm8208102c97f99,88377.0,3,0.03125,0,0
Acer,Acer Aspire 3,AS15,Aspire,,AMD,Ryzen 3 Quad Core,Ryzen 3,,,,,,Integrated,,,,8,DDR4,,512,SSD,,15.6,,,,,,,Windows 11 Home,True,46990.0,54999.0,8009.0,46990.0,50994.5,54999.0,6,https://www.flipkart.com/acer-aspire-3-amd-ryzen-quad-core-8-gb-512-gb-ssd-windows-11-home-as15-42-a325-thin-light-laptop/p/itm97044caf54938,50994.5,3,0.015625,0,0
Acer,Acer Aspire 3,Aspire,Aspire,,AMD,Ryzen 3 Quad Core,Ryzen 3,,,,,,Integrated,,,,8,DDR4,,512,SSD,,15.6,,,,,,,Windows 11 Home,True,51898.0,57999.0,6101.0,51898.0,54948.5,57999.0,6,https://www.flipkart.com/acer-aspire-3-amd-ryzen-quad-core-8-gb-512-gb-ssd-windows-11-home-thin-light-laptop/p/itmd78ac7df9d0b7,54948.5,3,0.015625,0,0
Acer,Acer Nitro V,,Nitro,,Intel,Core i5 13th Gen 13420H,Core i5,13.0,,,,,Integrated,,,,16,DDR5,,512,SSD,,15.6,,,,,,,Windows 11 Home,True,88391.0,98990.0,10599.0,88391.0,94375.17,98990.0,12,https://www.flipkart.com/acer-nitro-v-intel-core-i5-13th-gen-13420h-16-gb-512-gb-ssd-windows-11-home-4-graphics-nvidia-geforce-rtx-2050-anv15-51-549b-gaming-laptop/p/itm771bcbdbde25c,94375.17,3,0.03125,0,1
Acer,Acer Nitro V,,Nitro,,AMD,Ryzen 7 Octa Core 7735HS,Ryzen 7,7.0,,,,,Integrated,,,,16,DDR5,,512,SSD,,15.6,,,,,,,Windows 11 Home,True,107712.0,125990.0,18278.0,107712.0,116851.0,125990.0,6,https://www.flipkart.com/acer-nitro-v-amd-ryzen-7-octa-core-7735hs-16-gb-512-gb-ssd-windows-11-home-6-graphics-nvidia-geforce-rtx-3050-144-hz-anv15-41-gaming-laptop/p/itm6491e522f1157,116851.0,3,0.03125,0,1
Acer,Acer NITRO V15,,Nitro,,Intel,Core i7 13th Gen,Core i7,,,,,,Integrated,,,,16,DDR4,,512,SSD,,15.6,,,,,,,Windows 11 Home,True,145220.0,159900.0,14680.0,145220.0,152560.0,159900.0,12,https://www.flipkart.com/acer-nitro-v15-intel-core-i7-13th-gen-16-gb-512-gb-ssd-windows-11-home-8-graphics-nvidia-geforce-rtx-nvidia-5060-anv15-52-gaming-laptop/p/itm7a0a51d1095d9,152560.0,3,0.03125,0,1
Acer,Acer Nitro 5,,Nitro,,AMD,Ryzen 5 Hexa Core 4600H,Ryzen 5,4.0,,,,,Integrated,,,,8,DDR4,,256,SSD,,15.6,,,,,,,Windows 11,True,101564.0,114990.0,13426.0,101564.0,108277.0,114990.0,10,https://www.flipkart.com/acer-nitro-5-amd-ryzen-hexa-core-4600h-8-gb-1-tb-hdd-256-gb-ssd-windows-10-home-4-graphics-nvidia-geforce-gtx-1650-an515-44-an515-44-r9qa-an515-44-r8vs-gaming-laptop/p/itm440e8175840e1,108277.0,3,0.03125,0,1
Acer,Acer Aspire 14 Office 2024 + M365 Basic,,Aspire,2024.0,Intel,Core i5 13th Gen 13500H,Core i5,13.0,,,,,Integrated,,,,16,LPDDR5,,512,SSD,,14.0,,,,,,,Windows 11 Home,True,64500.0,74999.0,10499.0,64500.0,69749.5,74999.0,8,https://www.flipkart.com/acer-aspire-14-office-2024-m365-basic-intel-core-i5-13th-gen-13500h-16-gb-512-gb-ssd-windows-11-home-as14h-53-thin-light-laptop/p/itm6d9e21bde5a56,69749.5,5,0.03125,0,0
Acer,"Acer Professional 14,",TL14-52M,,,Intel,Core i7 13th Gen 1355U,Core i7,,,,,,Integrated,,,,16,DDR4,,1024,SSD,,14.0,,,,,,,Windows 11 Pro,True,92320.0,99900.0,7580.0,92320.0,96110.0,99900.0,8,https://www.flipkart.com/acer-professional-14-intel-core-i7-13th-gen-1355u-16-gb-1-tb-ssd-windows-11-pro-tl14-52m-thin-light-laptop/p/itm6c17d71ff6ad4,96110.0,3,0.015625,0,0
Acer,Acer Swift Go 14 TouchScreen AI PC,SFG14-73,Swift,,Intel,Core Ultra 7 155H,Core Ultra 7,1.0,,,,,Integrated,,,,16,LPDDR5X,,1024,SSD,,14.0,,,,True,,,Windows 11 Home,True,117781.0,130590.0,12809.0,117781.0,124185.5,130590.0,6,https://www.flipkart.com/acer-swift-go-14-touchscreen-ai-pc-intel-core-ultra-7-155h-16-gb-1-tb-ssd-windows-11-home-sfg14-73t-70n9-thin-light-laptop/p/itm174fc1bfd505f,124185.5,3,0.015625,0,0
Acer,Acer One 14,Z2-493,,,AMD,Ryzen 3,Ryzen 3,,,,,,Integrated,,,,8,DDR4,,512,SSD,,14.0,,,,,,,Windows 11 Home,True,41300.0,49990.0,8690.0,41300.0,45645.0,49990.0,10,https://www.flipkart.com/acer-one-14-amd-ryzen-3-dual-core-3250u-8-gb-512-gb-ssd-windows-11-home-z2-493-thin-light-laptop/p/itm283f44123aab0,45645.0,3,0.015625,0,0
Acer,Acer One 14 Pro Thin & Light Laptop,,,2026.0,AMD,Ryzen 3 Quad Core,Ryzen 3,,,,,,Integrated,,,,8,DDR5,,512,SSD,,14.0,,,,,,,Windows 11,True,46990.0,62000.0,15010.0,46990.0,54495.0,62000.0,12,https://www.flipkart.com/acer-one-14-pro-2026-thin-light-laptop-amd-ryzen-3-quad-core-14th-gen-7320u-8-gb-512-gb-ssd-windows-11-home-z1455m-business/p/itmca9c51ecb948d,54495.0,3,0.015625,0,0
Acer,Acer Professional 14,TL14-42M,,,AMD,Ryzen 7 Octa Core,Ryzen 7,,,,,,Integrated,,,,32,DDR4,,1024,SSD,,14.0,,,,,,,Windows 11 Pro,True,93559.0,105999.0,12440.0,93559.0,99779.0,105999.0,8,https://www.flipkart.com/acer-professional-14-amd-ryzen-7-octa-core-7th-gen-7730u-32-gb-1-tb-ssd-windows-11-pro-tl14-42m-notebook/p/itm8bbe2feb65a2c,99779.0,3,0.03125,0,0
Acer,Acer One 14,Z2-493,,,AMD,Ryzen 3,Ryzen 3,,,,,,Integrated,,,,8,DDR4,,256,SSD,,14.0,,,,,,,Windows 11 Home,True,44043.0,59990.0,15947.0,44043.0,52016.5,59990.0,6,https://www.flipkart.com/acer-one-14-amd-ryzen-3-dual-core-8-gb-256-gb-ssd-windows-11-home-z2-493-thin-light-laptop/p/itmd0230d30d6e53,52016.5,3,0.03125,0,0
Acer,Acer,A324-51,,,Intel,Core i3 12th Gen 1215U,Core i3,,,,,,Integrated,,,,16,DDR4,,512,SSD,,14.0,,,,,,,Windows 11 Home,True,66650.0,67990.0,1340.0,66650.0,67320.0,67990.0,2,https://www.flipkart.com/acer-intel-core-i3-12th-gen-1215u-16-gb-512-gb-ssd-windows-11-home-a324-51-thin-light-laptop/p/itm7dda0a4d1d62a,67320.0,3,0.03125,0,0
Acer,Acer One14,Z2-493,,,AMD,Ryzen 5 3500U,Ryzen 5,3.0,,,,,Integrated,,,,8,DDR4,,256,SSD,,14.0,,,,,,,Windows 11 Home,True,46500.0,59900.0,13400.0,46500.0,53200.0,59900.0,2,https://www.flipkart.com/acer-one14-amd-ryzen-5-3500u-8-gb-256-gb-ssd-windows-11-home-z2-493-thin-light-laptop/p/itm0178ff325b6f1,53200.0,3,0.03125,0,0
Dell,"DELL Inspiron 15 3520 with Backlit Keyboard,",,Inspiron,2021.0,Intel,Core i5 12th Gen,Core i5,,,,,,Integrated,,,,16,DDR4,,512,SSD,,15.6,,,,,,,Windows 11,True,73999.0,75000.0,1001.0,73999.0,74499.5,75000.0,10,https://www.flipkart.com/dell-inspiron-15-3520-backlit-keyboard-intel-core-i5-12th-gen-16-gb-512-gb-ssd-windows-11-home-laptop/p/itm0c93229d052fe,74499.5,3,0.03125,0,0
Dell,DELL Inspiron 15,Inspiron,Inspiron,,Intel,Core i3 12th Gen 1215U,Core i3,,,,,,Integrated,,,,8,DDR4,,512,SSD,,15.6,,,,,,,Windows 11 Home,True,53973.0,65318.0,11345.0,53973.0,60983.3,65990.0,10,https://www.flipkart.com/dell-inspiron-15-intel-core-i3-12th-gen-1215u-8-gb-512-gb-ssd-windows-11-home-3520-thin-light-laptop/p/itmbb62f4fcc7145,60983.3,3,0.015625,0,0
Dell,DELL,Inspiron,,,Intel,Core i5 12th Gen 1235U,Core i5,,,,,,Integrated,,,,16,DDR4,,512,SSD,,15.6,,,,,,,Windows 11 Home,True,73900.0,75000.0,1100.0,73900.0,74450.0,75000.0,10,https://www.flipkart.com/dell-intel-core-i5-12th-gen-1235u-16-gb-512-gb-ssd-windows-11-home-inspiron-3520-thin-light-laptop/p/itm23d84e15561c4,74450.0,3,0.03125,0,0
Dell,DELL Inspiron,3525,Inspiron,2021.0,AMD,Ryzen 5 Hexa Core 5625U,Ryzen 5,5.0,,,,,Integrated,,,,8,DDR4,,512,SSD,,15.6,,,120.0,,,,Windows 11 Home,True,68990.0,69900.0,910.0,68990.0,69445.0,69900.0,4,https://www.flipkart.com/dell-inspiron-amd-ryzen-5-hexa-core-5625u-8-gb-512-gb-ssd-windows-11-home-3525-thin-light-laptop/p/itm4dbe4592f6ca4,69445.0,3,0.015625,0,0
Dell,DELL Inspiron 15,Inspiron,Inspiron,2021.0,AMD,Ryzen 5 Quad Core 5500u,Ryzen 5,5.0,,,,,Integrated,,,,8,DDR4,,512,SSD,,15.6,,,,,,,Windows 11 Home,True,61990.0,70000.0,8010.0,61990.0,65995.0,70000.0,6,https://www.flipkart.com/dell-inspiron-15-amd-ryzen-5-quad-core-5500u-8-gb-512-gb-ssd-windows-11-home-3525-thin-light-laptop/p/itm31662ec7a2db3,65995.0,3,0.015625,0,0
Dell,DELL Inspiron,Inspiron,Inspiron,,AMD,Ryzen 5 Hexa Core 5500U,Ryzen 5,5.0,,,,,Integrated,,,,8,DDR4,,512,SSD,,14.0,,,,True,,,Windows 10,True,66990.0,89990.0,23000.0,66990.0,78490.0,89990.0,6,https://www.flipkart.com/dell-inspiron-amd-ryzen-5-hexa-core-5500u-8-gb-512-gb-ssd-windows-10-7415-2-1-laptop/p/itmb8f1c42a853b8,78490.0,3,0.015625,0,0
Dell,DELL,3530,,,Intel,Core i3 13th Gen,Core i3,,,,,,Integrated,,,,8,DDR4,,512,SSD,,15.6,,,,,,,Windows 11 Home,True,55990.0,59990.0,4000.0,55990.0,57990.0,59990.0,10,https://www.flipkart.com/dell-intel-core-i3-13th-gen-8-gb-512-gb-ssd-windows-11-home-3530-thin-light-laptop/p/itme37811760d94c,57990.0,3,0.015625,0,0
Dell,DELL 15 Inspiron,DC15250,Inspiron,2024.0,Intel,Core 3,,,,,,,Integrated,,,,16,DDR4,,512,SSD,,15.6,,,,,,,Windows 11 Home,True,61990.0,65990.0,4000.0,61990.0,63990.0,65990.0,8,https://www.flipkart.com/dell-15-inspiron-intel-core-3-16-gb-512-gb-ssd-windows-11-home-dc15250-thin-light-laptop/p/itm7e498a75536a6,63990.0,3,0.03125,0,0
Dell,DELL Inspiron,Inspiron,Inspiron,,AMD,Ryzen 3,Ryzen 3,,,,,,Integrated,,,,8,DDR4,,256,SSD,,15.6,,,,,,,Windows 11 Home,True,57990.0,59990.0,2000.0,57990.0,58990.0,59990.0,4,https://www.flipkart.com/dell-inspiron-amd-ryzen-3-dual-core-3250u-8-gb-256-gb-ssd-windows-11-home-3515-thin-light-laptop/p/itm82b07e7e427ff,58990.0,3,0.03125,0,0
Dell,DELL ESSENTIAL 15,PV15255,,,AMD,Ryzen 5 Processor,Ryzen 5,,,,,,Integrated,,,,8,DDR5,,512,SSD,,15.6,,,,,,,Windows 11 Home,True,54800.0,57990.0,3190.0,54800.0,56395.0,57990.0,6,https://www.flipkart.com/dell-essential-15-amd-ryzen-5-7th-gen-7520u-8-gb-512-gb-ssd-windows-11-home-pv15255-laptop/p/itm5ff5d9887717c,56395.0,3,0.015625,0,0
Dell,DELL,New,,,Intel,Core i5 12th Gen 1235U,Core i5,,,,,,Integrated,,,,8,DDR4,,256,SSD,,15.6,,,,,,,Windows 11 Home,True,68990.0,85000.0,16010.0,68990.0,76995.0,85000.0,4,https://www.flipkart.com/dell-intel-core-i5-12th-gen-1235u-8-gb-1-tb-hdd-256-gb-ssd-windows-11-home-new-inspiron-15-laptop-thin-light/p/itm108ece6bfe39a,76995.0,3,0.03125,0,0
Dell,DELL 15 Microsoft Office Home 2024,Microsoft,,2025.0,Intel,Core i5 13th Gen,Core i5,,,,,,Integrated,,,,16,DDR4,,512,SSD,,15.6,,,,,,,Windows 11 Home,True,74561.0,79990.0,5429.0,74561.0,77275.5,79990.0,10,https://www.flipkart.com/dell-15-2025-microsoft-office-home-2024-intel-core-i5-13th-gen-16-gb-512-gb-ssd-windows-11-home-vostro-3530-rpl-thin-light-laptop/p/itm131ebb1b7cdce,77275.5,3,0.03125,0,0
Dell,DELL Inspiron,INSPIRON,Inspiron,2021.0,AMD,Ryzen 5,Ryzen 5,,,,,,Integrated,,,,8,DDR4,,512,SSD,,15.6,,,,,,,Windows 11 Home,True,64990.0,65990.0,1000.0,64990.0,66568.75,69395.0,8,https://www.flipkart.com/dell-inspiron-amd-ryzen-5-dual-core-3450u-8-gb-512-gb-ssd-windows-11-home-3515-thin-light-laptop/p/itmef0dfa7edaa37,66568.75,3,0.015625,0,0
Dell,DELL Inspiron,Inspiron,Inspiron,2021.0,AMD,Ryzen 5 Quad Core 3450U,Ryzen 5,3.0,,,,,Integrated,,,,8,DDR4,,256,SSD,,15.6,,,,,,,Windows 11 Home,True,59990.0,65990.0,6000.0,59990.0,62990.0,65990.0,2,https://www.flipkart.com/dell-inspiron-amd-ryzen-5-quad-core-3450u-8-gb-256-gb-ssd-windows-11-home-3515-thin-light-laptop/p/itmf8176c4bff1f7,62990.0,3,0.03125,0,0
Dell,DELL Inspiron,inspiron,Inspiron,,Intel,Core i5 13th Gen 1335U,Core i5,,,,,,Integrated,,,,8,LPDDR5X,,1024,SSD,,14.0,,,,,,,Windows 11 Home,True,75658.0,88264.0,12606.0,75658.0,81961.0,88264.0,6,https://www.flipkart.com/dell-inspiron-intel-core-i5-13th-gen-1335u-8-gb-1-tb-ssd-windows-11-home-5430-laptop/p/itm9bba204a8cd43,81961.0,3,0.0078125,0,0
Dell,"DELL Inspiron 15 with Backlit Keyboard,",,Inspiron,,Intel,Core i5 13th Gen 1334U,Core i5,,,,,,Integrated,,,,8,DDR4,,512,SSD,,15.6,,,,,,,Windows 11,True,67990.0,69990.0,2000.0,67990.0,68990.0,69990.0,8,https://www.flipkart.com/dell-inspiron-15-backlit-keyboard-intel-core-i5-13th-gen-1334u-8-gb-512-gb-ssd-windows-11-home-3530-thin-light-laptop/p/itm23d84e15561c4,68990.0,3,0.015625,0,0
Dell,DELL Vostro 3530,Vostro,Vostro,,Intel,Core i5 1334U,Core i5,,,,,,Integrated,,,,16,DDR4,,512,SSD,,15.6,,,,,,,Windows 11 Home,True,72900.0,79800.0,6900.0,72900.0,76350.0,79800.0,6,https://www.flipkart.com/dell-vostro-3530-intel-core-i5-1334u-16-gb-512-gb-ssd-windows-11-home-thin-light-laptop/p/itm5130113075de4,76350.0,3,0.03125,0,0
Dell,DELL Inspiron,i5-1334U,Inspiron,,Intel,Core i5 13th Gen,Core i5,,,,,,Integrated,,,,8,DDR4,,512,SSD,,15.6,,,,,,,Windows 11 Home,True,66990.0,69990.0,3000.0,66990.0,68490.0,69990.0,2,https://www.flipkart.com/dell-inspiron-intel-core-i5-13th-gen-8-gb-512-gb-ssd-windows-11-home-i5-1334u-thin-light-laptop/p/itm493caf8f8aaeb,68490.0,3,0.015625,0,0
Dell,DELL,3511,,,Intel,Core i5 11th Gen,Core i5,,,,,,Integrated,,,,16,DDR4,,512,SSD,,15.6,,,,,,,Windows 10,True,72480.0,88400.0,15920.0,72480.0,80440.0,88400.0,10,https://www.flipkart.com/dell-intel-core-i5-11th-gen-16-gb-512-gb-ssd-windows-10-home-2-graphics-3511-laptop/p/itmbac92fd3ef8df,80440.0,3,0.03125,0,0
Dell,DELL,Vostro,,,Intel,Core i5 13th Gen 1335U,Core i5,,,,,,Integrated,,,,8,DDR4,,512,SSD,,15.6,,,,,,,Windows 11 Home,True,72770.0,75499.0,2729.0,72770.0,74134.5,75499.0,6,https://www.flipkart.com/dell-intel-core-i5-13th-gen-1335u-8-gb-512-gb-ssd-windows-11-home-vostro-3530-thin-light-laptop/p/itm7fef3d69de76e,74134.5,3,0.015625,0,0
Dell,DELL Inspiron,3530,Inspiron,,Intel,Core i3 13th Gen 1305U,Core i3,,,,,,Integrated,,,,8,DDR4,,512,SSD,,15.6,,,,,,,Windows 11 Home,True,52900.0,61440.0,8540.0,52900.0,57443.33,61440.0,6,https://www.flipkart.com/dell-inspiron-intel-core-i3-13th-gen-1305u-8-gb-512-gb-ssd-windows-11-home-3530-thin-light-laptop/p/itm1e8ad2b18043a,57443.33,3,0.015625,0,0
Dell,DELL Inspiron 15 3530,IN3530RW8JY001ORS1,Inspiron,,Intel,Core i5 13th Gen,Core i5,,,,,,Integrated,,,,8,DDR4,,1024,SSD,,15.6,,,,,,,Windows 11 Home,True,74990.0,90000.0,15010.0,74990.0,82495.0,90000.0,6,https://www.flipkart.com/dell-inspiron-15-3530-intel-core-i5-13th-gen-8-gb-1-tb-ssd-windows-11-home-in3530rw8jy001ors1-thin-light-laptop/p/itm1e8ad2b18043a,82495.0,3,0.0078125,0,0
Dell,DELL Inspiron,,Inspiron,,Intel,Core i5 13th Gen 13450HX,Core i5,13.0,,,,,Integrated,,,,16,DDR5,,512,SSD,,15.6,,,,,,,Windows 11 Home,True,110990.0,130000.0,19010.0,109700.0,122397.5,138900.0,4,https://www.flipkart.com/dell-inspiron-intel-core-i5-13th-gen-13450hx-16-gb-512-gb-ssd-windows-11-home-6-graphics-nvidia-geforce-rtx-3050-g15-5530-gaming-laptop/p/itm2af1ddd730862,122397.5,3,0.03125,0,0
Dell,DELL G15,,,,Intel,Core i5 13450HX,Core i5,13.0,,,,,Integrated,,,,8,DDR5,,512,SSD,,15.6,,,,,,,Windows 11 Home,True,95989.0,110000.0,14011.0,95989.0,102994.5,110000.0,6,https://www.flipkart.com/dell-g15-intel-core-i5-13450hx-8-gb-512-gb-ssd-windows-11-home-6-graphics-nvidia-geforce-rtx-3050-gaming-5530-laptop/p/itmba9387b52046b,102994.5,3,0.015625,0,0
Dell,DELL Inspiron 5430,IN54308TR2G001ORS1,Inspiron,,Intel,Core i5 13th Gen,Core i5,,,,,,Integrated,,,,16,LPDDR5,,512,SSD,,14.0,,,,,,,Windows 11 Home,True,76990.0,94000.0,17010.0,76990.0,85495.0,94000.0,6,https://www.flipkart.com/dell-inspiron-5430-intel-core-i5-13th-gen-16-gb-512-gb-ssd-windows-11-home-in54308tr2g001ors1-thin-light-laptop/p/itm2d84af8f1410c,85495.0,3,0.03125,0,0
Dell,DELL Inspiron 5430,IN5430YXVW9M01ORS1,Inspiron,,Intel,Core i5 13th Gen,Core i5,,,,,,Integrated,,,,8,LPDDR5,,512,SSD,,14.0,,,,,,,Windows 11 Home,True,74990.0,87682.0,12692.0,74990.0,81336.0,87682.0,4,https://www.flipkart.com/dell-inspiron-5430-intel-core-i5-13th-gen-8-gb-512-gb-ssd-windows-11-home-in5430yxvw9m01ors1-laptop/p/itm6efbb8570caef,81336.0,3,0.015625,0,0
Dell,DELL,INSPIRON,,,Intel,Core i3 13th Gen,Core i3,,,,,,Integrated,,,,8,DDR4,,512,SSD,,14.0,,,,,,,Windows 11 Home,True,56900.0,57959.0,1059.0,56900.0,59694.83,72990.0,12,https://www.flipkart.com/dell-intel-core-i3-13th-gen-8-gb-512-gb-ssd-windows-11-home-inspiron-5440-laptop/p/itm6d47525d5a661,59694.83,3,0.015625,0,0
Dell,DELL,,,,Intel,Core i5 13th Gen 13450HX,Core i5,13.0,,,,,Integrated,,,,16,DDR5,,1024,SSD,,15.6,,,,,,,Windows 11 Home,True,124990.0,129990.0,5000.0,124990.0,127490.0,129990.0,4,https://www.flipkart.com/dell-intel-core-i5-13th-gen-13450hx-16-gb-1-tb-ssd-windows-11-home-6-gb-graphics-nvidia-geforce-rtx-3050-gn5530n7hy001orb1o-gaming-laptop/p/itm7e5ffde82dfda,127490.0,3,0.015625,0,0
Dell,DELL,Vostro,,,Intel,Core i3 12th Gen,Core i3,,,,,,Integrated,,,,8,DDR4,,512,SSD,,15.6,,,,,,,Windows 11,True,58990.0,59990.0,1000.0,58990.0,59490.0,59990.0,4,https://www.flipkart.com/dell-intel-core-i3-12th-gen-8-gb-512-gb-ssd-windows-10-home-vostro-3520-laptop/p/itm2e884fdf4c7ae,59490.0,3,0.015625,0,0
Dell,DELL Vostro,Vostro,Vostro,2021.0,Intel,Core i5 12th Gen 1240P,Core i5,,,,,,Integrated,,,,8,DDR4,,512,SSD,,16.0,,,,,,,Windows 11 Home,True,89990.0,110000.0,20010.0,89990.0,99995.0,110000.0,8,https://www.flipkart.com/dell-vostro-intel-core-i5-12th-gen-1240p-8-gb-512-gb-ssd-windows-11-home-5620-thin-light-laptop/p/itm7977c9f4dbcfb,99995.0,3,0.015625,0,0
Dell,DELL Vostro,Vostro,Vostro,2021.0,Intel,Core i5 12th Gen 1240P,Core i5,,,,,,Integrated,,,,16,DDR4,,512,SSD,,16.0,,,,,,,Windows 11 Home,True,78990.0,96999.0,18009.0,78990.0,87994.5,96999.0,2,https://www.flipkart.com/dell-vostro-intel-core-i5-12th-gen-1240p-16-gb-512-gb-ssd-windows-11-home-5620-thin-light-laptop/p/itm50e137f963822,87994.5,3,0.03125,0,0
Dell,DELL Vostro,Vostro,Vostro,,Intel,Core i3 11th Gen 1115G,Core i3,,,,,,Integrated,,,,8,DDR4,,512,SSD,,14.0,,,,,,,Windows 11 Home,True,52000.0,60700.0,8700.0,52000.0,56350.0,60700.0,4,https://www.flipkart.com/dell-vostro-intel-core-i3-11th-gen-1115g4-8-gb-512-gb-ssd-windows-11-home-3420-thin-light-laptop/p/itm5777ef1e1433f,56350.0,3,0.015625,0,0
Dell,DELL,Vostro,,,Intel,Core i5 12th Gen 1235U,Core i5,,,,,,Integrated,,,,8,DDR4,,512,SSD,,14.0,,,,,,,Windows 11 Home,True,65900.0,83990.0,18090.0,65900.0,74945.0,83990.0,2,https://www.flipkart.com/dell-intel-core-i5-12th-gen-1235u-8-gb-512-gb-ssd-windows-11-home-vostro-3420-thin-light-laptop/p/itm18b4d2b50527a,74945.0,3,0.015625,0,0
Dell,DELL G15,,,,Intel,Core i5 12th Gen 12500H,Core i5,12.0,,,,,Integrated,,,,8,DDR5,,512,SSD,,15.6,,,,,,,Windows 11 Home,True,94990.0,110000.0,15010.0,94990.0,102495.0,110000.0,2,https://www.flipkart.com/dell-g15-intel-core-i5-12th-gen-12500h-8-gb-512-gb-ssd-windows-11-home-4-graphics-nvidia-geforce-rtx-3050-120-hz-g15-5520-gaming-laptop/p/itme0d71116059e9,102495.0,3,0.015625,0,0
Dell,DELL,G,,,Intel,Core i5 13th Gen,Core i5,,,,NVIDIA,NVIDIA GeForce RTX 3050,Discrete,,,,16,DDR5,,1024,SSD,,15.6,,,,,,,Windows 11 Home,True,124990.0,140000.0,15010.0,124990.0,132495.0,140000.0,4,https://www.flipkart.com/dell-intel-core-i5-13th-gen-16-gb-1-tb-ssd-windows-11-home-6-gb-graphics-nvidia-geforce-rtx-3050-g15-5530-gaming-laptop/p/itme3ae9f2792f1a,132495.0,3,0.015625,0,0
Dell,DELL G15,,,,Intel,Core i5 12th Gen 12500H,Core i5,12.0,,,,,Integrated,,,,16,DDR5,,512,SSD,,14.9,,,,,,,Windows 11 Home,True,95990.0,105000.0,9010.0,95990.0,100495.0,105000.0,6,https://www.flipkart.com/dell-g15-intel-core-i5-12th-gen-12500h-16-gb-512-gb-ssd-windows-11-home-4-graphics-nvidia-geforce-rtx-3050-120-hz-gaming-laptop/p/itme0d71116059e9,100495.0,3,0.03125,0,0
Dell,DELL G7,,,,Intel,Core i7 10th Gen 10750H,Core i7,10.0,,,,,Integrated,,,,16,DDR4,,1024,SSD,,15.6,,,,,,,Windows 10,True,169990.0,200000.0,30010.0,169990.0,184995.0,200000.0,2,https://www.flipkart.com/dell-g7-intel-core-i7-10th-gen-10750h-16-gb-1-tb-ssd-windows-10-home-6-gb-graphics-nvidia-geforce-rtx-2060-120-hz-7500-gaming-laptop/p/itma17847748bd1d,184995.0,3,0.015625,0,0
Dell,DELL Inspiron,,Inspiron,,Intel,Core i5 13th Gen 13450HX,Core i5,13.0,,,,,Integrated,,,,8,DDR5,,512,SSD,,15.6,,,,,,,Windows 11 Home,True,95990.0,120000.0,24010.0,95990.0,107995.0,120000.0,2,https://www.flipkart.com/dell-inspiron-intel-core-i5-13th-gen-13450hx-8-gb-512-gb-ssd-windows-11-home-6-graphics-nvidia-geforce-rtx-3050-g15-5530-gaming-laptop/p/itm2af1ddd730862,107995.0,3,0.015625,0,0
Dell,DELL G15,,,,Intel,Core i5 13th Gen 13450HX,Core i5,13.0,,,,,Integrated,,,,8,DDR5,,512,SSD,,15.6,,,,,,,Windows 11 Pro,True,99990.0,109990.0,10000.0,99990.0,104990.0,109990.0,2,https://www.flipkart.com/dell-g15-5530-intel-core-i5-13th-gen-13450hx-8-gb-512-gb-ssd-windows-11-pro-6-graphics-nvidia-geforce-rtx-3050-120-hz-gaming-laptop/p/itmc1f7106e2ce85,104990.0,3,0.015625,0,0
Dell,DELL XPS,,XPS,,Intel,Core Ultra 7 155H,Core Ultra 7,1.0,,,,,Integrated,,,,32,LPDDR5,,1024,SSD,,14.5,,,,True,,,Windows 11 Home,True,249890.0,304305.0,54415.0,249890.0,277097.5,304305.0,12,https://www.flipkart.com/dell-xps-intel-core-ultra-7-155h-32-gb-1-tb-ssd-windows-11-home-6-gb-graphics-nvidia-geforce-rtx-4050-9440-creator-laptop/p/itm85e5274f14e2c,277097.5,3,0.03125,0,0
HP,HP 15R,Intel,,2025.0,Intel,Core i3 13th Gen 1315U,Core i3,,,,,,Integrated,,,,16,DDR4,,512,SSD,,15.6,,,,,,,Windows 11 Home,True,69990.0,71999.0,2009.0,59990.0,66992.25,71999.0,4,https://www.flipkart.com/hp-15r-2025-intel-core-i3-13th-gen-1315u-16-gb-512-gb-ssd-windows-11-home-g9-thin-light-laptop/p/itma5157bf50de37,66992.25,3,0.03125,0,0
Samsung,Samsung Galaxy Book5 Pro 360 AI PC Full Metal Chasis,,,,Intel,Core Ultra 5 226V,Core Ultra 5,2.0,,,,,Integrated,,,,16,LPDDR5X,,512,SSD,,16.0,,,,True,,,Windows 11,True,168699.0,187190.0,18491.0,168699.0,177944.5,187190.0,6,https://www.flipkart.com/samsung-galaxy-book5-pro-360-ai-pc-full-metal-chasis-intel-core-ultra-5-226v-16-gb-512-gb-ssd-windows-11-home-np960qha-2-1-laptop/p/itma7a61a17d3e03,177944.5,3,0.03125,0,0
Lenovo,Lenovo V 14,Intel,,2025.0,Intel,Core i5 13th Gen 13420H,Core i5,13.0,,,,,Integrated,,,,24,DDR4,,512,SSD,,14.0,,,,,,,Windows 11 Pro,True,99900.0,115900.0,16000.0,99900.0,107900.0,115900.0,4,https://www.flipkart.com/lenovo-v-14-2025-intel-core-i5-13th-gen-13420h-24-gb-512-gb-ssd-windows-11-pro-v14-thin-light-laptop/p/itm062ca0f4febac,107900.0,3,0.046875,0,0
ASUS,"ASUS Vivobook 15 with Office 2024 + M365 Basic*, Backlit Keyboard,",,Vivobook,2025.0,Intel,Core i3 13th Gen 1315U,Core i3,,,,,,Integrated,,,,16,DDR5,,512,SSD,,15.6,,,,,,,Windows 11 Home,True,62550.0,66990.0,4440.0,62550.0,64770.0,66990.0,8,https://www.flipkart.com/asus-vivobook-15-2025-office-2024-m365-basic-backlit-keyboard-intel-core-i3-13th-gen-1315u-16-gb-512-gb-ssd-windows-11-home-x1504va-nj2324ws-x1504va-bq341ws-thin-light-laptop/p/itmf0e6514a56cbf,64770.0,5,0.03125,0,0
Lenovo,Lenovo,83K100CJIN,,,Intel,Core i7 13th Gen,Core i7,,,,,,Integrated,,,,16,DDR5,,512,SSD,,15.3,,,,,,,Windows 11 Home,True,89900.0,109900.0,20000.0,87990.0,93354.0,109900.0,10,https://www.flipkart.com/lenovo-intel-core-i7-13th-gen-16-gb-512-gb-ssd-windows-11-home-83k100cjin-laptop/p/itm2dadea3a6f1e7,93354.0,3,0.03125,0,0
Acer,Acer Aspire 3,A324-53,Aspire,,Intel,Core i3 13th Gen 1305U,Core i3,,,,,,Integrated,,,,16,DDR4,,512,SSD,,14.0,,,,,,,Windows 11 Home,True,59999.0,64690.0,4691.0,59999.0,62344.5,64690.0,10,https://www.flipkart.com/acer-aspire-3-intel-core-i3-13th-gen-1305u-16-gb-512-gb-ssd-windows-11-home-a324-53-thin-light-laptop/p/itma6a6812aa712e,62344.5,3,0.03125,0,0
Microsoft,MICROSOFT Surface Laptop 13.8 Inch,EP2-59281,,,Qualcomm,Snapdragon X2 Elite -,Snapdragon X,,,,,,Integrated,,,,16,LPDDR5X,,1024,SSD,,13.8,,,,True,,,Windows 11 Home,True,226990.0,233999.0,7009.0,226990.0,230494.5,233999.0,4,https://www.flipkart.com/microsoft-surface-laptop-13-8-inch-snapdragon-x2-elite-16-gb-1-tb-ssd-windows-11-home-ep2-59281/p/itmc2d95c484496c,230494.5,3,0.015625,0,0
HP,HP 14 Omnibook X Flip Next Gen AI PC,14-fm0,,,Intel,Core Ultra 5 226V,Core Ultra 5,2.0,,,,,Integrated,,,,16,LPDDR5X,,1024,SSD,,14.0,,,,,,,Windows 11 Home,True,115000.0,188999.0,73999.0,115000.0,151999.5,188999.0,6,https://www.flipkart.com/hp-14-omnibook-x-flip-next-gen-ai-pc-intel-core-ultra-5-226v-16-gb-1-tb-ssd-windows-11-home-14-fm0099tu-thin-light-laptop/p/itm2aabb4901d790,151999.5,3,0.015625,0,0
Microsoft,MICROSOFT Surface Laptop 15 Inch,EP2-60124,,,Qualcomm,Snapdragon X2 Elite -,Snapdragon X,,,,,,Integrated,,,,16,LPDDR5X,,1024,SSD,,15.0,,,,True,,,Windows 11 Home,True,246990.0,253999.0,7009.0,246990.0,250494.5,253999.0,8,https://www.flipkart.com/microsoft-surface-laptop-15-inch-snapdragon-x2-elite-16-gb-1-tb-ssd-windows-11-home-ep2-60124/p/itm0acfecc744768,250494.5,3,0.015625,0,0
Microsoft,MICROSOFT Surface Laptop 15 Inch,EP2-60135,,,Qualcomm,Snapdragon X2 Elite -,Snapdragon X,,,,,,Integrated,,,,16,LPDDR5X,,1024,SSD,,15.0,,,,True,,,Windows 11 Home,True,246990.0,253999.0,7009.0,246990.0,250494.5,253999.0,4,https://www.flipkart.com/microsoft-surface-laptop-15-inch-snapdragon-x2-elite-16-gb-1-tb-ssd-windows-11-home-ep2-60135/p/itmd853cf74e7756,250494.5,3,0.015625,0,0
ASUS,"ASUS Vivobook S15 OLED Copilot + PC, AI PC, Full Metal Body, Backlit Keyboard,",,Vivobook,,Qualcomm,Snapdragon X Elite -,Snapdragon X,,,,,,Integrated,,,,16,LPDDR5X,,1024,SSD,,15.6,,OLED,,,,,Windows 11,True,95995.0,111999.0,16004.0,95995.0,103997.0,111999.0,4,https://www.flipkart.com/asus-vivobook-s15-oled-copilot-pc-ai-full-metal-body-backlit-keyboard-snapdragon-x-elite-16-gb-1-tb-ssd-windows-11-home-s5507qad-ma751ws-thin-light-laptop/p/itm64aa566d270be,103997.0,3,0.015625,0,0
Lenovo,Lenovo,21V0A01SIG,,,AMD,Ryzen 5 Hexa Core,Ryzen 5,,,,,,Integrated,,,,16,DDR5,,1024,SSD,,14.0,,,,,,,Windows 11 Home,True,89989.0,126931.0,36942.0,89989.0,108460.0,126931.0,6,https://www.flipkart.com/lenovo-ryzen-5-220-amd-hexa-core-16-gb-1-tb-ssd-windows-11-home-21v0a01sig-laptop/p/itma6a8639335500,108460.0,3,0.015625,0,0
Acer,Acer Swift X,SFX14-41G,Swift,,AMD,Ryzen 7 Octa Core 5800U,Ryzen 7,5.0,,,,,Integrated,,,,16,DDR4,,1024,SSD,,14.0,,,,,,,Windows 11 Home,True,84110.0,98990.0,14880.0,84110.0,91550.0,98990.0,6,https://www.flipkart.com/acer-swift-x-amd-ryzen-7-octa-core-5800u-16-gb-1-tb-ssd-windows-11-home-4-gb-graphics-sfx14-41g-thin-light-laptop/p/itmcc2f05a514cc4,91550.0,3,0.015625,0,0
Microsoft,MICROSOFT Surface Laptop AI PC with Microsoft 365 for 6 Months*,AI,,,Qualcomm,Snapdragon X Elite -,Snapdragon X,,,,,,Integrated,,,,16,LPDDR5X,,1024,SSD,,13.8,,,,True,,,Windows 11,True,170999.0,175999.0,5000.0,170999.0,173499.0,175999.0,4,https://www.flipkart.com/microsoft-surface-laptop-7th-edition-ai-pc-365-6-months-snapdragon-x-elite-16-gb-1-tb-ssd-windows-11-home-zxx-00059/p/itm066fe9657a114,173499.0,3,0.015625,0,0
ASUS,ASUS,S5504VA-MA553WS,,,Intel,Core i5 13th Gen,Core i5,,,,,,Integrated,,,,16,LPDDR5,,1024,SSD,,15.6,,,,,,,Windows 11 Home,True,86735.0,116999.0,30264.0,86735.0,101867.0,116999.0,2,https://www.flipkart.com/asus-intel-core-i5-13th-gen-16-gb-1-tb-ssd-windows-11-home-4-gb-graphics-s5504va-ma553ws-laptop/p/itm10fff3adfbf2d,101867.0,3,0.015625,0,0
ASUS,ASUS ROG Strix G16 with Office 2024 + M365 Basic*,,ROG,2025.0,Intel,Core i7 14th Gen 14650HX,Core i7,14.0,,,,,Integrated,,,,16,DDR5,,1024,SSD,,16.0,,,,,,,Windows 11 Home,True,159990.0,287990.0,128000.0,159990.0,223990.0,287990.0,10,https://www.flipkart.com/asus-rog-strix-g16-2025-office-2024-m365-basic-intel-core-i7-14th-gen-14650hx-16-gb-1-tb-ssd-windows-11-home-8-gb-graphics-nvidia-geforce-rtx-5050-240-hz-g615jhr-s5005ws-gaming-laptop/p/itm174a98e37d25c,223990.0,5,0.015625,0,1
Motorola,MOTOROLA Motobook 60 Full Metal 2.8K OLED,Intel,,2024.0,Intel,Core 7,,,,,,,Integrated,,,,16,DDR5,,1024,SSD,,14.0,,OLED,,,,,Windows 11,True,79990.0,110490.0,30500.0,79990.0,95240.0,110490.0,6,https://www.flipkart.com/motorola-motobook-60-full-metal-2-8k-oled-i7-14th-gen-intel-core-7-series-2-240h-16-gb-1-tb-ssd-windows-11-home-14irh10r-thin-light-laptop/p/itmd38998009f90e,95240.0,3,0.015625,0,0
ASUS,ASUS TUF Gaming A16,AMD,TUF Gaming,2026.0,AMD,Ryzen 7 Processor,Ryzen 7,,,,,,Integrated,,,,16,DDR5,,512,SSD,,16.0,,,,,,,Windows 11 Home,True,159990.0,259990.0,100000.0,159990.0,209990.0,259990.0,6,https://www.flipkart.com/asus-tuf-gaming-a16-2026-amd-ryzen-7-260-16-gb-512-gb-ssd-windows-11-home-8-graphics-nvidia-geforce-rtx-5050-144-hz-fa608uhi-tu238ws-laptop/p/itm694a6ad23b5b9,209990.0,3,0.03125,0,1
HP,HP Spectre x360 OLED Eyesafe Evo,,Spectre,,Intel,Core i7 13th Gen 1360P,Core i7,,,,,,Integrated,,,,32,DDR4,,1024,SSD,,16.0,,OLED,,True,,,Windows 11 Home,True,142490.0,213582.0,71092.0,142490.0,178036.0,213582.0,2,https://www.flipkart.com/hp-spectre-x360-oled-eyesafe-evo-intel-core-i7-13th-gen-1360p-32-gb-1-tb-ssd-windows-11-home-4-gb-graphics-16-f2005tx-laptop/p/itm387c946898d4c,178036.0,3,0.03125,0,0
Dell,DELL 15 AI Powered,AI,,,Intel,Core Ultra 7 225H,Core Ultra 7,2.0,,,,,Integrated,,,,16,DDR5,,512,SSD,,15.6,,,,,,,Windows 11 Home,True,107990.0,113216.0,5226.0,107990.0,110603.0,113216.0,2,https://www.flipkart.com/dell-15-previously-inspiron-ai-powered-intel-core-ultra-7-225h-16-gb-512-gb-ssd-windows-11-home-thin-light-laptop/p/itm2bfa65c94b238,110603.0,3,0.03125,0,0
Lenovo,Lenovo Idea Pad Slim 3,83K100C9IN,,2024.0,Intel,Core i7 13th Gen 13620H,Core i7,13.0,,,,,Integrated,,,,16,DDR5,,512,SSD,,15.3,,,,,,,Windows 11 Home,True,87499.0,91699.0,4200.0,87499.0,89599.0,91699.0,6,https://www.flipkart.com/lenovo-idea-pad-slim-3-intel-core-i7-13th-gen-13620h-16-gb-512-gb-ssd-windows-11-home-83k100c9in-thin-light-laptop/p/itm58aed9a5662dc,89599.0,3,0.03125,0,0
ASUS,ASUS Vivobook S14,M3407KA-SF048WS,Vivobook,2024.0,AMD,Ryzen 7 Processor,Ryzen 7,,,,,,Integrated,,,,16,DDR5,,1024,SSD,,14.0,,,,,,,Windows 11 Home,True,119010.0,140999.0,21989.0,119010.0,130004.5,140999.0,4,https://www.flipkart.com/asus-vivobook-s14-amd-ryzen-7-350-16-gb-1-tb-ssd-windows-11-home-m3407ka-sf048ws-business-laptop/p/itm40723092a91dd,130004.5,3,0.015625,0,0
ASUS,ASUS,,,,AMD,Ryzen 7 Octa Core,Ryzen 7,,,,,,Integrated,,,,16,DDR5,,1024,SSD,,15.6,,,,,,,Windows 11 Home,True,111000.0,140990.0,29990.0,111000.0,125995.0,140990.0,4,https://www.flipkart.com/asus-amd-ryzen-7-170-processor-octa-core-ryzen-3-2ghz-16-gb-1-tb-ssd-windows-11-home-4-gb-graphics-nvidia-geforce-rtx-4gb-gddr6-optimus-nvidia-rtx-3050-144-hz-75-w-fa506ncq-hn009ws-gaming-laptop/p/itm71d2529ad6073,125995.0,3,0.015625,0,0
ASUS,ASUS Vivobook Go 15 with Office 2024 + M365 Basic*,,Vivobook,2026.0,AMD,Ryzen 3 Quad Core,Ryzen 3,,,,,,Integrated,,,,8,DDR5,,512,SSD,,15.6,,,,,,,Windows 11 Home,True,57990.0,72990.0,15000.0,57990.0,65462.22,72990.0,18,https://www.flipkart.com/asus-vivobook-go-15-2026-office-2024-m365-basic-amd-ryzen-3-quad-core-30-8-gb-512-gb-ssd-windows-11-home-e1504fa-bq2117ws-thin-light-laptop/p/itma163e2c8f2a9e,65462.22,5,0.015625,0,0
Lenovo,Lenovo IdeaPad Flex 5,14IRU8,IdeaPad,,Intel,Core i5 13th Gen 1335U,Core i5,,,,,,Integrated,,,,16,LPDDR4X,,512,SSD,,14.0,,,,True,,,Windows 11 Home,True,79990.0,111190.0,31200.0,79990.0,95590.0,111190.0,2,https://www.flipkart.com/lenovo-ideapad-flex-5-intel-core-i5-13th-gen-1335u-16-gb-512-gb-ssd-windows-11-home-14iru8-2-1-laptop/p/itmd4a374447028a,95590.0,3,0.03125,0,0
HP,HP Essentials,Intel,,2024.0,Intel,Core 5 13th Gen 120U,,,,,,,Integrated,,,,16,DDR4,,512,SSD,,14.0,,,,,,,Windows 11 Home,True,81999.0,114869.0,32870.0,81999.0,98434.0,114869.0,4,https://www.flipkart.com/hp-essentials-i5-14th-gen-intel-core-5-13th-gen-120u-16-gb-512-gb-ssd-windows-11-home-ep0385tu-2-1-laptop/p/itm25012689d3cab,98434.0,3,0.03125,0,0
Microsoft,MICROSOFT Surface Pro 13 Inch,EP2-73255,,,Qualcomm,Snapdragon X2 Plus -,Snapdragon X,,,,,,Integrated,,,,16,LPDDR5X,,512,SSD,,13.0,,,,True,,,Windows 11 Home,True,188990.0,195999.0,7009.0,188990.0,192494.5,195999.0,4,https://www.flipkart.com/microsoft-surface-pro-13-inch-snapdragon-x2-plus-16-gb-512-gb-ssd-windows-11-home-ep2-73255-2-1-laptop/p/itm953261851a3df,192494.5,3,0.03125,0,0
Microsoft,MICROSOFT Surface Laptop 15 Inch,EP2-60207,,,Qualcomm,Snapdragon X2 Elite -,Snapdragon X,,,,,,Integrated,,,,16,LPDDR5X,,512,SSD,,15.0,,,,True,,,Windows 11 Home,True,204990.0,211999.0,7009.0,204990.0,208494.5,211999.0,6,https://www.flipkart.com/microsoft-surface-laptop-15-inch-snapdragon-x2-elite-16-gb-512-gb-ssd-windows-11-home-ep2-60207/p/itm50bb8b5bfc7e2,208494.5,3,0.03125,0,0
Microsoft,MICROSOFT Surface Laptop 13.8 Inch,EP2-59611,,,Qualcomm,Snapdragon X2 Elite -,Snapdragon X,,,,,,Integrated,,,,32,LPDDR5X,,1024,SSD,,13.8,,,,True,,,Windows 11 Home,True,294990.0,301999.0,7009.0,294990.0,298494.5,301999.0,4,https://www.flipkart.com/microsoft-surface-laptop-13-8-inch-snapdragon-x2-elite-32-gb-1-tb-ssd-windows-11-home-ep2-59611/p/itmc52a0a9e2c9f2,298494.5,3,0.03125,0,0
ASUS,ASUS,,,,AMD,Ryzen 5 Quad Core,Ryzen 5,,4.0,,,,Integrated,,,,16,LPDDR5,,512,SSD,,15.6,,,,,,,Windows 11 Home,True,71990.0,129990.0,58000.0,71990.0,100990.0,129990.0,2,https://www.flipkart.com/asus-amd-ryzen-5-quad-core-40-processor-2-8ghz-6mb-cache-up-4-3ghz-4-cores-8-threads-16-gb-512-gb-ssd-windows-11-home-e1504fa-in2816ws-2-1-laptop/p/itm8f7f82d8a3a79,100990.0,3,0.03125,0,0
Microsoft,"MICROSOFT Surface Pro 12"" with Type Cover & Pen",,,,Qualcomm,Snapdragon X Plus Processor 16 GB LPDDR5X RAM 64 bit Windows 11 Operating System 256 GB SSD 30,Snapdragon X,,,,,,Integrated,,,,16,LPDDR5X,,256,SSD,,12.0,,,,True,,,Windows 11,True,151990.0,161198.0,9208.0,141990.0,152894.0,161198.0,12,https://www.flipkart.com/microsoft-surface-pro-12-type-cover-pen-core-8-365-6-months-snapdragon-x-plus-16-gb-256-gb-ssd-windows-11-home-ep2-27654-ep2-33040-1-laptop/p/itm94ef063fadddd,152894.0,3,0.0625,0,0
HP,HP Spectre 16 Eyesafe Evo,16-f1003T,Spectre,,Intel,Core i7 12th Gen 12700H,Core i7,12.0,,,,,Integrated,,,,16,LPDDR4X,,512,SSD,,16.0,,,,True,,,Windows 11 Home,True,120990.0,157990.0,37000.0,120990.0,139490.0,157990.0,2,https://www.flipkart.com/hp-spectre-16-eyesafe-evo-intel-core-i7-12th-gen-12700h-16-gb-512-gb-ssd-windows-11-home-16-f1003tu-2-1-laptop/p/itm0d2179942ce50,139490.0,3,0.03125,0,0
Acer,Acer Aspire 3,A315-59,Aspire,,Intel,Core i3 12th Gen,Core i3,,,,,,Integrated,,,,8,DDR4,,512,SSD,,15.6,,,,,,,Windows 11 Home,True,54886.0,59990.0,5104.0,54886.0,57438.0,59990.0,4,https://www.flipkart.com/acer-aspire-3-intel-core-i3-12th-gen-8-gb-512-gb-ssd-windows-11-home-a315-59-thin-light-laptop/p/itm05f023c6da5dc,57438.0,3,0.015625,0,0
Acer,Acer Aspire 3,A315-58,Aspire,,Intel,Core i3 11th Gen 1115G,Core i3,,,,,,Integrated,,,,4,DDR4,,256,SSD,,15.6,,,,,,,Windows 10,True,53892.0,61999.0,8107.0,53892.0,57945.5,61999.0,6,https://www.flipkart.com/acer-aspire-3-intel-core-i3-11th-gen-1115g4-4-gb-256-gb-ssd-windows-10-home-a315-58-thin-light-laptop/p/itm66859b035ef75,57945.5,3,0.015625,0,0
Acer,Acer Aspire 3,A325-45,Aspire,,Intel,Celeron Dual Core,,,,,,,Integrated,,,,8,LPDDR4X,,256,SSD,,15.6,,,,,,,Windows 11 Home,True,37729.0,40990.0,3261.0,37729.0,39359.5,40990.0,2,https://www.flipkart.com/acer-aspire-3-intel-celeron-dual-core-8-gb-256-gb-ssd-windows-11-home-a325-45-thin-light-laptop/p/itm51172436cff64,39359.5,3,0.03125,0,0
Acer,Acer Aspire 3,A325-51,Aspire,,Intel,Core i3 12th Gen 1215U,Core i3,,,,,,Integrated,,,,8,DDR4,,512,SSD,,15.6,,,,,,,Windows 11 Home,True,48800.0,51990.0,3190.0,48800.0,50395.0,51990.0,6,https://www.flipkart.com/acer-aspire-3-intel-core-i3-12th-gen-1215u-8-gb-512-gb-ssd-windows-11-home-a325-51-thin-light-laptop/p/itm05f023c6da5dc,50395.0,3,0.015625,0,0
Acer,Acer Aspire 3,A315-59,Aspire,,Intel,Core i3 12th Gen 1215U,Core i3,,,,,,Integrated,,,,8,DDR4,,512,SSD,,15.6,,,,,,,Windows 11 Home,True,55362.0,59990.0,4628.0,55362.0,57676.0,59990.0,4,https://www.flipkart.com/acer-aspire-3-intel-core-i3-12th-gen-1215u-8-gb-512-gb-ssd-windows-11-home-a315-59-36he-thin-light-laptop/p/itm05f023c6da5dc,57676.0,3,0.015625,0,0
Acer,Acer Aspire 3,A324-53,Aspire,,Intel,Core i5 13th Gen 1334U,Core i5,,,,,,Integrated,,,,8,DDR4,,512,SSD,,14.0,,,,,,,Windows 11 Home,True,69510.0,85990.0,16480.0,69510.0,77750.0,85990.0,4,https://www.flipkart.com/acer-aspire-3-intel-core-i5-13th-gen-1334u-8-gb-512-gb-ssd-windows-11-home-a324-53-thin-light-laptop/p/itm707770fddc7e9,77750.0,3,0.015625,0,0
Dell,DELL Alienware 15,,Alienware,,AMD,Ryzen 7 Processor,Ryzen 7,,,,,,Integrated,,,,16,DDR5,,512,SSD,,15.3,,,,,,,Windows 11 Home,True,126990.0,162957.0,35967.0,126990.0,144973.5,162957.0,4,https://www.flipkart.com/dell-alienware-15-amd-ryzen-7-260-16-gb-512-gb-ssd-windows-11-home-6-graphics-nvidia-geforce-rtx-3050-165-hz-can15265cto03mino-gaming-laptop/p/itm6eee8325fa798,144973.5,3,0.03125,0,1
Acer,Acer 3 Years Warranty ALG Gaming,Intel,,2026.0,Intel,Core i5 13th Gen 13420H,Core i5,13.0,,,,,Integrated,,,,16,DDR4,,512,SSD,,15.6,,,,,,,Windows 11 Home,True,99340.0,109990.0,10650.0,99340.0,104665.0,109990.0,8,https://www.flipkart.com/acer-3-years-warranty-alg-gaming-2026-intel-core-i5-13th-gen-13420h-16-gb-512-gb-ssd-windows-11-home-6-graphics-nvidia-geforce-rtx-3050-144-hz-al15g-53-laptop/p/itm5afbf4ffea214,104665.0,3,0.03125,0,1
ASUS,ASUS,,,,AMD,Ryzen 7 Octa Core 7435HS,Ryzen 7,7.0,,,,,Integrated,,,,16,DDR5,,512,SSD,,15.6,,,,True,,,Windows 11 Home,True,96485.0,105999.0,9514.0,96199.0,99844.5,105999.0,6,https://www.flipkart.com/asus-amd-ryzen-7-octa-core-7435hs-16-gb-512-gb-ssd-windows-11-home-4-graphics-nvidia-geforce-rtx-2050-fa506nfr-hn259ws-gaming-laptop/p/itm024475e7d24d3,99844.5,3,0.03125,0,0
ASUS,ASUS ROG Strix G16,Intel,ROG,2026.0,Intel,Core Ultra 9 290HX,Core Ultra 9,1.0,,,,,Integrated,,,,32,DDR5,,1024,SSD,,16.0,,,,,,,Windows 11 Home,True,329990.0,371990.0,42000.0,329990.0,350990.0,371990.0,4,https://www.flipkart.com/asus-rog-strix-g16-2026-intel-core-ultra-9-290hx-plus-32-gb-1-tb-ssd-windows-11-home-8-gb-graphics-nvidia-geforce-rtx-5070-300-hz-g615lp-ts210ws-gaming-laptop/p/itm2860e904214aa,350990.0,3,0.03125,0,1
ASUS,"ASUS Vivobook Pro 15 For Creator,",,Vivobook,,AMD,Ryzen 5 Hexa Core 5600HS,Ryzen 5,5.0,,,,,Integrated,,,,8,DDR4,,512,SSD,,15.6,,,,,,,Windows 11 Home,True,85752.0,99990.0,14238.0,78999.0,86944.14,99990.0,14,https://www.flipkart.com/asus-vivobook-pro-15-creator-amd-ryzen-5-hexa-core-5600hs-8-gb-512-gb-ssd-windows-11-home-4-graphics-nvidia-geforce-rtx-2050-144-hz-50-tgp-m6500qf-hn521ws-gaming-laptop/p/itmf62d6f5927429,86944.14,3,0.015625,0,0
ASUS,ASUS ROG Strix G16,AMD,ROG,2026.0,AMD,Ryzen 9,Ryzen 9,,,,,,Integrated,,,,16,DDR5,,1024,SSD,,16.0,,,,,,,Windows 11 Home,True,223682.0,260990.0,37308.0,223682.0,242336.0,260990.0,6,https://www.flipkart.com/asus-rog-strix-g16-2026-amd-ryzen-9-16-core-8940hx-16-gb-1-tb-ssd-windows-11-home-8-gb-graphics-nvidia-geforce-rtx-5050-165-hz-g614ph-rv073ws-gaming-laptop/p/itm79a5501cd2465,242336.0,3,0.015625,0,1
ASUS,ASUS Vivobook Go 15,E1504FA-NJ321WS,Vivobook,,AMD,Ryzen 3 Quad Core 7320U,Ryzen 3,7.0,,,,,Integrated,,,,8,LPDDR5,,512,SSD,,15.6,,,,,,,Windows 11 Home,True,43990.0,50990.0,7000.0,43990.0,50077.5,59990.0,8,https://www.flipkart.com/asus-vivobook-go-15-amd-ryzen-3-quad-core-7320u-8-gb-512-gb-ssd-windows-11-home-e1504fa-nj321ws-thin-light-laptop/p/itmf2da9c7085e1b,50077.5,3,0.015625,0,0
ASUS,ASUS Vivobook Go 15 OLED,E1504FA-LK321,Vivobook,,AMD,Ryzen 3 Quad Core 7320U,Ryzen 3,7.0,,,,,Integrated,,,,8,LPDDR5,,512,SSD,,15.6,,OLED,,,,,Windows 11 Home,True,45990.0,61990.0,16000.0,45990.0,53990.0,61990.0,2,https://www.flipkart.com/asus-vivobook-go-15-oled-amd-ryzen-3-quad-core-7320u-8-gb-512-gb-ssd-windows-11-home-e1504fa-lk321ws-thin-light-laptop/p/itm3de88f71e558b,53990.0,3,0.015625,0,0
ASUS,ASUS Vivobook Go 15 OLED,E1504FA-LK323,Vivobook,,AMD,Ryzen 3 Quad Core 7320U,Ryzen 3,7.0,,,,,Integrated,,,,8,LPDDR5,,512,SSD,,15.6,,OLED,,,,,Windows 11 Home,True,45990.0,61990.0,16000.0,45990.0,53990.0,61990.0,12,https://www.flipkart.com/asus-vivobook-go-15-oled-amd-ryzen-3-quad-core-7320u-8-gb-512-gb-ssd-windows-11-home-e1504fa-lk323ws-thin-light-laptop/p/itm3de88f71e558b,53990.0,3,0.015625,0,0
ASUS,ASUS Vivobook Go 15,E1504FA-NJ131WS,Vivobook,2024.0,AMD,Ryzen 3 Quad Core 7320U,Ryzen 3,7.0,,,,,Integrated,,,,8,LPDDR5,,512,SSD,,15.6,,,,,,,Windows 11 Home,True,54978.0,55990.0,1012.0,54978.0,55484.0,55990.0,10,https://www.flipkart.com/asus-vivobook-go-15-amd-ryzen-3-quad-core-7320u-8-gb-512-gb-ssd-windows-11-home-e1504fa-nj131ws-e1504fa-bq2321ws-thin-light-laptop/p/itm459fb45576278,55484.0,3,0.015625,0,0
ASUS,ASUS Vivobook Go 15,E1504GA-NJ3321WS,Vivobook,2024.0,Intel,Core i3,Core i3,,,,,,Integrated,,,,8,DDR4,,512,SSD,,15.6,,,,,,,Windows 11 Home,True,56411.0,59000.0,2589.0,56411.0,57705.5,59000.0,12,https://www.flipkart.com/asus-vivobook-go-15-intel-core-i3-n305-8-gb-512-gb-ssd-windows-11-home-e1504ga-nj3321ws-thin-light-laptop/p/itm1d4f5aaf2e269,57705.5,3,0.015625,0,0
ASUS,ASUS ASUS Vivobook Go 15,E1504FA-BQ5709WS,Vivobook,2024.0,AMD,Ryzen 3 Processor,Ryzen 3,,,,,,Integrated,,,,8,LPDDR5,,512,SSD,,15.6,,,,,,,Windows 11 Home,True,57990.0,77990.0,20000.0,57990.0,67990.0,77990.0,2,https://www.flipkart.com/asus-vivobook-go-15-amd-ryzen-3-30-8-gb-512-gb-ssd-windows-11-home-e1504fa-bq5709ws-thin-light-laptop/p/itmedf1f1f0e4124,67990.0,3,0.015625,0,0
ASUS,ASUS Vivobook Go 15 with Office 2024 + M365 Basic*,,Vivobook,2026.0,AMD,Ryzen 5 Processor,Ryzen 5,,,,,,Integrated,,,,16,DDR5,,512,SSD,,15.6,,,,,,,Windows 11 Home,True,71990.0,99990.0,28000.0,71990.0,85990.0,99990.0,2,https://www.flipkart.com/asus-vivobook-go-15-2026-office-2024-m365-basic-amd-ryzen-5-40-16-gb-512-gb-ssd-windows-11-home-e1504fa-bq2116ws-thin-light-laptop/p/itm3b8f6022d7ac1,85990.0,5,0.03125,0,0
ASUS,ASUS Vivobook Go 15,AMD,Vivobook,2026.0,AMD,Ryzen 5 Processor,Ryzen 5,,,,,,Integrated,,,,16,LPDDR5,,512,SSD,,15.6,,,,,,,Windows 11 Home,True,71990.0,129990.0,58000.0,71990.0,100990.0,129990.0,2,https://www.flipkart.com/asus-vivobook-go-15-2026-amd-ryzen-5-40-16-gb-512-gb-ssd-windows-11-home-e1504fa-in2817ws-thin-light-laptop/p/itmb677d6c0da82d,100990.0,3,0.03125,0,0
ASUS,"ASUS Vivobook Go 15 OLED, Equivalent to",,Vivobook,,Intel,Core i3,Core i3,,,,,,Integrated,,,,8,DDR4,,512,SSD,,15.6,,OLED,,,,,Windows 11,True,63990.0,65990.0,2000.0,63990.0,64990.0,65990.0,2,https://www.flipkart.com/asus-vivobook-go-15-oled-equivalent-intel-12th-gen-core-i3-n305-8-gb-512-gb-ssd-windows-11-home-e1504ga-lk321ws-thin-light-laptop/p/itm7d5ecc7fff762,64990.0,3,0.015625,0,0
ASUS,ASUS Vivobook Go 15 OLED,E1504FA-LK54,Vivobook,,AMD,Ryzen 5 Quad Core 7520U,Ryzen 5,7.0,,,,,Integrated,,,,16,LPDDR5,,512,SSD,,15.6,,OLED,,,,,Windows 11 Home,True,71803.0,88999.0,17196.0,71803.0,80401.0,88999.0,2,https://www.flipkart.com/asus-vivobook-go-15-oled-amd-ryzen-5-quad-core-7520u-16-gb-512-gb-ssd-windows-11-home-e1504fa-lk543ws-thin-light-laptop/p/itm3de88f71e558b,80401.0,3,0.03125,0,0
ASUS,"ASUS Vivobook Go 15 with Office 2024 + M365 Basic*,",,Vivobook,2025.0,AMD,Ryzen 5 Quad Core 7520U,Ryzen 5,7.0,,,,,Integrated,,,,8,LPDDR5,,512,SSD,,15.6,,,,,,,Windows 11 Home,True,46990.0,48990.0,2000.0,46990.0,47990.0,48990.0,16,https://www.flipkart.com/asus-vivobook-go-15-2025-office-2024-m365-basic-amd-ryzen-5-quad-core-7520u-8-gb-512-gb-ssd-windows-11-home-e1504fa-bq2523ws-thin-light-laptop/p/itm313aa4209e563,47990.0,5,0.015625,0,0
ASUS,ASUS Vivobook Go 15,E1504FA-NJ130WS,Vivobook,2024.0,AMD,Ryzen 3 Quad Core 7320U,Ryzen 3,7.0,,,,,Integrated,,,,8,LPDDR5,,512,SSD,,15.6,,,,,,,Windows 11 Home,True,53321.0,60990.0,7669.0,53321.0,57131.5,60990.0,12,https://www.flipkart.com/asus-vivobook-go-15-amd-ryzen-3-quad-core-7320u-8-gb-512-gb-ssd-windows-11-home-e1504fa-nj130ws-e1504fa-bq2322ws-thin-light-laptop/p/itm9af4f3b5de2ff,57131.5,3,0.015625,0,0
ASUS,"ASUS Vivobook Go 15 with Office 2024 + M365 Basic*, Backlit Keyboard,",,Vivobook,2025.0,AMD,Ryzen 3 Quad Core,Ryzen 3,,,,,,Integrated,,,,8,LPDDR5,,512,SSD,,15.6,,,,,,,Windows 11 Home,True,57990.0,60990.0,3000.0,57990.0,59490.0,60990.0,4,https://www.flipkart.com/asus-vivobook-go-15-2025-office-2024-m365-basic-backlit-keyboard-amd-ryzen-3-quad-core-7320u-8-gb-512-gb-ssd-windows-11-home-e1504fa-bq2323ws-thin-light-laptop/p/itm980ee5f826372,59490.0,5,0.015625,0,0
ASUS,ASUS TUF Gaming A16 with Office 2024 + M365 Basic*,,TUF Gaming,2025.0,AMD,Ryzen 9,Ryzen 9,,,,,,Integrated,,,,16,DDR5,,1024,SSD,,16.0,,,,,,,Windows 11 Home,True,239990.0,249990.0,10000.0,239990.0,244990.0,249990.0,4,https://www.flipkart.com/asus-tuf-gaming-a16-2025-office-2024-m365-basic-amd-ryzen-9-16-core-8940hx-16-gb-1-tb-ssd-windows-11-home-8-gb-graphics-nvidia-geforce-rtx-5070-165-hz-fa608pp-qt014ws-laptop/p/itm6438f9a1e531a,244990.0,5,0.015625,0,1
ASUS,ASUS TUF Gaming A16,AMD,TUF Gaming,2026.0,AMD,Ryzen 7 Processor,Ryzen 7,,,,,,Integrated,,,,8,DDR5,,512,SSD,,16.0,,,,,,,Windows 11 Home,True,126990.0,155990.0,29000.0,126990.0,141490.0,155990.0,4,https://www.flipkart.com/asus-tuf-gaming-a16-2026-amd-ryzen-7-170-8-gb-512-gb-ssd-windows-11-home-6-graphics-nvidia-geforce-rtx-4050-144-hz-fa607nuq-rl208w-laptop/p/itmc6c7105da4a0a,141490.0,3,0.015625,0,1
ASUS,"ASUS ProArt P16 for Creator with Touch Screen, MSO 2024 + M365 Basic ,AI PC",for,ProArt,2025.0,AMD,Ryzen AI 9 HX 1,Ryzen AI 9,,,,,,Integrated,,,,64,LPDDR5X,,2048,SSD,,16.0,,,,True,,,Windows 11 Home,True,520990.0,549990.0,29000.0,520990.0,535490.0,549990.0,4,https://www.flipkart.com/asus-proart-p16-2025-creator-touch-screen-mso-2024-m365-basic-ai-pc-amd-ryzen-ai-9-hx-12-core-370hx-64-gb-2-tb-ssd-windows-11-home-24-gb-graphics-amd-radeon-nvidia-geforce-rtx-5090-120-ghz-h7606wx-se028ws-gaming-laptop/p/itm6cab5c71e1bca,535490.0,5,0.03125,0,0
ASUS,ASUS ROG Strix G18,Intel,ROG,2026.0,Intel,Core Ultra 9 290HX,Core Ultra 9,1.0,,,,,Integrated,,,,32,DDR5,,1024,SSD,,18.0,,,,,,,Windows 11 Home,True,389990.0,531990.0,142000.0,389990.0,460990.0,531990.0,2,https://www.flipkart.com/asus-rog-strix-g18-2026-intel-core-ultra-9-290hx-32-gb-1-tb-ssd-windows-11-home-12-gb-graphics-nvidia-geforce-rtx-5070-ti-300-hz-g815lr-tt292ws-gaming-laptop/p/itm98d2dccea7436,460990.0,3,0.03125,0,1
Dell,DELL XPS,XPS,XPS,,Intel,Core i5 11th Gen 1135G,Core i5,,,,,,Integrated,,,,16,LPDDR4X,,512,SSD,,13.4,,,,,,,Windows 10,True,99900.0,165882.0,65982.0,99900.0,132891.0,165882.0,6,https://www.flipkart.com/dell-xps-intel-core-i5-11th-gen-1135g7-16-gb-512-gb-ssd-windows-10-9310-thin-light-laptop/p/itm9a6edeabbe366,132891.0,3,0.03125,0,0
Dell,DELL,Vostro,,,Intel,Core i5 13th Gen 1334U,Core i5,,,,,,Integrated,,,,8,DDR4,,512,SSD,,15.6,,,,,,,Windows 11 Home,True,70990.0,79990.0,9000.0,70990.0,75490.0,79990.0,2,https://www.flipkart.com/dell-intel-core-i5-13th-gen-1334u-8-gb-512-gb-ssd-windows-11-home-vostro-3530-thin-light-laptop/p/itm004d57924c22f,75490.0,3,0.015625,0,0
Dell,DELL,D552269WIN9S,,,Intel,Core i5 12th Gen,Core i5,,,,,,Integrated,,,,16,DDR4,,512,SSD,,16.0,,,,,,,Windows 11 Home,True,101990.0,110000.0,8010.0,101990.0,105995.0,110000.0,4,https://www.flipkart.com/dell-intel-core-i5-12th-gen-16-gb-512-gb-ssd-windows-11-home-d552269win9s-laptop/p/itmffa28690ebfb6,105995.0,3,0.03125,0,0
Dell,DELL,,,,Intel,Core i5 13450HX,Core i5,13.0,,,NVIDIA,NVIDIA GeForce RTX 3050,Discrete,,,,16,DDR5,,512,SSD,,15.6,,,,,,,Windows 11 Home,True,108690.0,125900.0,17210.0,108690.0,117295.0,125900.0,2,https://www.flipkart.com/dell-intel-core-i5-13450hx-16-gb-512-gb-ssd-windows-11-home-6-graphics-nvidia-geforce-rtx-3050-g15-5530-gaming-laptop/p/itmba9387b52046b,117295.0,3,0.03125,0,0
HP,HP 250 G9,250,,,Intel,Core i5 12th Gen 1235U,Core i5,,,,,,Integrated,,,,16,DDR4,,512,SSD,,15.6,,,,,,,Windows 11 Home,True,67239.0,88999.0,21760.0,67239.0,78119.0,88999.0,2,https://www.flipkart.com/hp-250-g9-intel-core-i5-12th-gen-1235u-16-gb-512-gb-ssd-windows-11-home-laptop/p/itma488dac338fb5,78119.0,3,0.03125,0,0
HP,HP 250 G8,250,,,Intel,Core i3 11th Gen,Core i3,,,,,,Integrated,,,,8,DDR4,,512,SSD,,15.6,,,,,,,Windows 11 Home,True,55735.0,59990.0,4255.0,55735.0,57862.5,59990.0,2,https://www.flipkart.com/hp-250-g8-intel-core-i3-11th-gen-8-gb-512-gb-ssd-windows-11-home-business-laptop/p/itm6b92951a4c409,57862.5,3,0.015625,0,0
HP,HP 250 G9,250,,,Intel,Core i3 12th Gen 1215U,Core i3,,,,,,Integrated,,,,8,DDR4,,512,SSD,,15.6,,,,,,,Windows 11 Home,True,53631.0,59899.0,6268.0,52690.0,57929.75,65499.0,8,https://www.flipkart.com/hp-250-g9-intel-core-i3-12th-gen-1215u-8-gb-512-gb-ssd-windows-11-home-business-laptop/p/itmaeab3e70c465d,57929.75,3,0.015625,0,0
HP,HP 250 G9,8Y2Y9PA,,,Intel,Celeron Dual Core 12th,,,,,,,Integrated,,,,8,DDR4,,256,SSD,,15.6,,,,,,,DOS,False,52991.0,55999.0,3008.0,52991.0,54495.0,55999.0,2,https://www.flipkart.com/hp-250-g9-intel-celeron-dual-core-12th-gen-4500u-8-gb-256-gb-ssd-dos-8y2y9pa-laptop/p/itm5754d2e5027c5,54495.0,3,0.03125,0,0
HP,HP 250 G9,250,,,Intel,Celeron Dual Core N4500,,,,,,,Integrated,,,,8,DDR4,,256,SSD,,15.6,,,,,,,Windows 11 Home,True,50990.0,52990.0,2000.0,50990.0,51990.0,52990.0,2,https://www.flipkart.com/hp-250-g9-intel-celeron-dual-core-n4500-8-gb-256-gb-ssd-windows-11-home-thin-light-laptop/p/itm43ff4c85b71ed,51990.0,3,0.03125,0,0
HP,HP 250R G9,42V68PA,,,Intel,Core i3 13th Gen 1315U,Core i3,,,,,,Integrated,,,,8,DDR4,,512,SSD,,15.6,,,,,,,Windows 11 Home,True,56729.0,65000.0,8271.0,56729.0,60864.5,65000.0,4,https://www.flipkart.com/hp-250r-g9-intel-core-i3-13th-gen-1315u-8-gb-512-gb-ssd-windows-11-home-42v68pa-thin-light-laptop/p/itm9015dcea94ace,60864.5,3,0.015625,0,0
HP,HP Professional,250,,2021.0,Intel,Core i5 13th Gen 1334U,Core i5,,,,,,Integrated,,,,32,DDR4,,512,SSD,,15.6,,,,,,,Windows 11 Pro,True,95990.0,99999.0,4009.0,95990.0,97994.5,99999.0,4,https://www.flipkart.com/hp-professional-intel-core-i5-13th-gen-1334u-32-gb-512-gb-ssd-windows-11-pro-250-g10-thin-light-laptop/p/itm508f5c67d3f86,97994.5,3,0.0625,0,0
HP,HP 255 G9 Silver,255,,,AMD,Ryzen 5 Hexa Core 5625U,Ryzen 5,5.0,,,,,Integrated,,,,8,DDR4,,512,SSD,,15.6,,,,,,,Windows 11 Home,True,55238.0,55891.0,653.0,55238.0,55564.5,55891.0,2,https://www.flipkart.com/hp-255-g9-silver-amd-ryzen-5-hexa-core-5625u-8-gb-512-gb-ssd-windows-11-home-business-laptop/p/itmf0a680c05d471,55564.5,3,0.015625,0,0
HP,HP 240,240,,,Intel,Core i7 13th Gen 1335U,Core i7,,,,,,Integrated,,,,8,DDR5,,512,SSD,,14.0,,,,,,,Windows 11 Home,True,95500.0,119900.0,24400.0,95500.0,107700.0,119900.0,2,https://www.flipkart.com/hp-240-intel-core-i7-13th-gen-1335u-8-gb-512-gb-hdd-512-ssd-windows-11-home-g10-laptop/p/itm15f08e114f9fd,107700.0,3,0.015625,0,0
HP,HP 240 G9,240,,,Intel,Core i5 12th Gen 1235U,Core i5,,,,,,Integrated,,,,8,DDR4,,512,SSD,,14.0,,,,,,,Windows 11 Pro,True,67980.0,79990.0,12010.0,67980.0,73985.0,79990.0,4,https://www.flipkart.com/hp-240-g9-intel-core-i5-12th-gen-1235u-8-gb-512-gb-ssd-windows-11-pro-business-laptop/p/itma488dac338fb5,73985.0,3,0.015625,0,0
HP,HP 240 G8,240,,,Intel,Core i3 11th Gen 1115G,Core i3,,,,,,Integrated,,,,8,DDR4,,512,SSD,,14.0,,,,,,,Windows 11 Home,True,57938.0,58799.0,861.0,57938.0,58368.5,58799.0,2,https://www.flipkart.com/hp-240-g8-intel-core-i3-11th-gen-1115g4-8-gb-512-gb-ssd-windows-11-home-business-laptop/p/itm4bea4ae5c4254,58368.5,3,0.015625,0,0
HP,HP 240R G9,Intel,,2025.0,Intel,Core 5 14th Gen 120U,,,,,,,Integrated,,,,8,DDR4,,512,SSD,,14.0,,,,,,,Windows 11 Pro,True,78494.0,80990.0,2496.0,78494.0,79742.0,80990.0,2,https://www.flipkart.com/hp-240r-g9-2025-i5-14th-gen-intel-core-5-gen-120u-8-gb-512-gb-ssd-windows-11-pro-thin-light-laptop/p/itm4567d8b8581c2,79742.0,3,0.015625,0,0
HP,HP 240R G9,Intel,,2025.0,Intel,Core i5 13th Gen 1334U,Core i5,,,,,,Integrated,,,,32,DDR4,,512,SSD,,14.0,,,,,,,Windows 11 Home,True,95990.0,98990.0,3000.0,95990.0,97490.0,98990.0,2,https://www.flipkart.com/hp-240r-g9-2025-intel-core-i5-13th-gen-1334u-32-gb-512-gb-ssd-windows-11-home-thin-light-laptop/p/itm2c59dabaf0036,97490.0,3,0.0625,0,0
HP,HP 14s,14s,,,Intel,Core i5 11th Gen 1135G,Core i5,,,,,,Integrated,,,,8,DDR4,,512,SSD,,14.0,,,,,,,Windows 10,True,72990.0,76990.0,4000.0,72990.0,74990.0,76990.0,2,https://www.flipkart.com/hp-14s-intel-core-i5-11th-gen-1135g7-8-gb-512-gb-ssd-windows-10-home-14s-dr2016tu-thin-light-laptop/p/itm48af1e2ae9f3a,74990.0,3,0.015625,0,0
HP,HP 15,FD0624TU,,2024.0,Intel,Core i3 13th Gen 1315U,Core i3,,,,,,Integrated,,,,8,DDR4,,512,SSD,,15.6,,,,,,,Windows 11 Home,True,55576.0,85501.0,29925.0,55576.0,70538.5,85501.0,2,https://www.flipkart.com/hp-15-intel-core-i3-13th-gen-1315u-8-gb-512-gb-ssd-windows-11-home-fd0624tu-laptop/p/itmc57888d0cd231,70538.5,3,0.015625,0,0
HP,HP 15s,15s-fq5190tu,,,Intel,Core i7 12th Gen 1255U,Core i7,,,,,,Integrated,,,,16,DDR4,,512,SSD,,15.6,,,,,,,Windows 11 Home,True,74690.0,79990.0,5300.0,74690.0,77340.0,79990.0,4,https://www.flipkart.com/hp-15s-intel-core-i7-12th-gen-1255u-16-gb-512-gb-ssd-windows-11-home-15s-fq5190tu-thin-light-laptop/p/itma831720ef30c2,77340.0,3,0.03125,0,0
HP,HP 15s,15s-fq2674TU,,,Intel,Core i3 11th Gen 1115G,Core i3,,,,,,Integrated,,,,8,DDR4,,512,SSD,,15.6,,,,,,,Windows 11 Home,True,59440.0,65000.0,5560.0,55990.0,60811.5,65000.0,6,https://www.flipkart.com/hp-15s-intel-core-i3-11th-gen-1115g4-8-gb-512-gb-ssd-windows-11-home-15s-fq2674tu-thin-light-laptop/p/itm94b8bbcdcfe17,60811.5,3,0.015625,0,0
HP,HP MS Office 2024,fd0465TU,,2024.0,Intel,Core i3 13th Gen 1315U,Core i3,,,,,,Integrated,,,,8,DDR4,,512,SSD,,15.6,,,,,,,Windows 11 Home,True,54990.0,63990.0,9000.0,54990.0,59490.0,63990.0,2,https://www.flipkart.com/hp-ms-office-2024-intel-core-i3-13th-gen-1315u-8-gb-512-gb-ssd-windows-11-home-fd0465tu-thin-light-laptop/p/itm4fc6159aa1303,59490.0,3,0.015625,0,0
HP,HP 15s,15-fd0024TU,,,Intel,Core i7 13th Gen 1360P,Core i7,,,,,,Integrated,,,,16,DDR4,,512,SSD,,15.6,,,,,,,Windows 11 Home,True,89572.0,98990.0,9418.0,89572.0,94281.0,98990.0,4,https://www.flipkart.com/hp-15s-intel-core-i7-13th-gen-1360p-16-gb-512-gb-ssd-windows-11-home-15-fd0024tu-thin-light-laptop/p/itm707add2b3f479,94281.0,3,0.03125,0,0
Lenovo,Lenovo V15,V15,,,AMD,Ryzen 3 Quad Core 7320U,Ryzen 3,7.0,,,,,Integrated,,,,8,LPDDR5,,512,SSD,,15.6,,,,,,,DOS,False,51990.0,54893.0,2903.0,51990.0,53441.5,54893.0,8,https://www.flipkart.com/lenovo-v15-amd-ryzen-3-quad-core-7320u-8-gb-512-gb-ssd-dos-g4-thin-light-laptop/p/itm6ce9479a45966,53441.5,3,0.015625,0,0
Lenovo,Lenovo V15,V15,,,Intel,Core i3 13th Gen 1315U,Core i3,,,,,,Integrated,,,,8,DDR4,,512,SSD,,15.6,,,,,,,Windows 11 Home,True,54779.0,58990.0,4211.0,54779.0,56884.5,58990.0,2,https://www.flipkart.com/lenovo-v15-intel-core-i3-13th-gen-1315u-8-gb-512-gb-ssd-windows-11-home-g5-irl-thin-light-laptop/p/itmfcf0f0d5c7aad,56884.5,3,0.015625,0,0
Lenovo,Lenovo V15,V15,,,AMD,Ryzen 5 Quad Core 5500U,Ryzen 5,5.0,,,,,Integrated,,,,8,DDR4,,512,SSD,,15.6,,,,,,,Windows 11 Home,True,61975.0,69525.0,7550.0,61975.0,65750.0,69525.0,2,https://www.flipkart.com/lenovo-v15-amd-ryzen-5-quad-core-5500u-8-gb-512-gb-ssd-windows-11-home-g2-alc-thin-light-laptop/p/itmfe3dee6b6686a,65750.0,3,0.015625,0,0
Lenovo,Lenovo V15 Octa,Intel,,2026.0,Intel,Core i5 13th Gen,Core i5,,,,,,Integrated,,,,8,DDR4,,512,SSD,,15.6,,,,,,,Windows 11 Pro,True,66990.0,75000.0,8010.0,66990.0,70995.0,75000.0,2,https://www.flipkart.com/lenovo-v15-octa-core-2026-intel-i5-13th-gen-8-gb-512-gb-ssd-windows-11-pro-thin-light-laptop/p/itm5c049850d3255,70995.0,3,0.015625,0,0
Lenovo,Lenovo IdeaPad 3,81X800LAIN,IdeaPad,,Intel,Core i3 11th Gen,Core i3,,,,,,Integrated,,,,8,DDR4,,512,SSD,,15.6,,,,,,,Windows 11 Home,True,37890.0,57890.0,20000.0,37890.0,47890.0,57890.0,6,https://www.flipkart.com/lenovo-ideapad-3-intel-core-i3-11th-gen-8-gb-512-gb-ssd-windows-11-home-81x800lain-thin-light-laptop/p/itm118bd5b99bc51,47890.0,3,0.015625,0,0
Lenovo,Lenovo IdeaPad 3,15IGL05,IdeaPad,,Intel,Celeron Dual Core N4020,,,,,,,Integrated,,,,4,DDR4,,256,SSD,,15.6,,,,,,,Windows 10,True,27990.0,40490.0,12500.0,27990.0,34240.0,40490.0,2,https://www.flipkart.com/lenovo-ideapad-3-intel-celeron-dual-core-n4020-4-gb-256-gb-ssd-windows-10-home-15igl05-thin-light-laptop/p/itm6976e7038f4ba,34240.0,3,0.015625,0,0
Lenovo,Lenovo,14IAU7,,,Intel,Core i3 12th Gen,Core i3,,,,,,Integrated,,,,8,DDR4,,512,SSD,,14.0,,,,,,,Windows 11 Home,True,57990.0,65999.0,8009.0,57990.0,61994.5,65999.0,2,https://www.flipkart.com/lenovo-intel-core-i3-12th-gen-8-gb-512-gb-ssd-windows-11-home-14iau7-thin-light-laptop/p/itmc5d123aa2b69a,61994.5,3,0.015625,0,0
Lenovo,Lenovo,V15,,,Intel,Core i3 12th Gen,Core i3,,,,,,Integrated,,,,8,DDR4,,512,SSD,,15.6,,,,,,,Windows 11 Home,True,58990.0,59999.0,1009.0,58990.0,59494.5,59999.0,2,https://www.flipkart.com/lenovo-intel-core-i3-12th-gen-8-gb-512-gb-ssd-windows-11-home-v15-g3-iap-thin-light-laptop/p/itm83341b9666ae7,59494.5,3,0.015625,0,0
Lenovo,Lenovo V 14,Intel,,2025.0,Intel,Core i3 13th Gen 1315U,Core i3,,,,,,Integrated,,,,8,DDR4,,512,SSD,,14.0,,,,,,,Windows 11 Pro,True,55799.0,65990.0,10191.0,55799.0,61597.0,65990.0,20,https://www.flipkart.com/lenovo-v-14-2025-intel-core-i3-13th-gen-1315u-8-gb-512-gb-ssd-windows-11-pro-thin-light-laptop/p/itm980e0c3cf1d24,61597.0,3,0.015625,0,0
Lenovo,Lenovo V14 Gen 5 DDR5 5600Mhz,DDR5,,2026.0,Intel,Core 7 14th Gen,,,,,,,Integrated,,,,8,DDR5,5600.0,512,SSD,,14.0,,,,,,,Windows 11 Pro,True,89451.0,100990.0,11539.0,89451.0,95220.5,100990.0,6,https://www.flipkart.com/lenovo-v14-gen-5-2026-ddr5-5600mhz-i7-14th-gen-intel-core-7-8-gb-512-gb-ssd-windows-11-pro-thin-light-laptop/p/itm86e2a5d7dfb6e,95220.5,3,0.015625,0,0
Lenovo,Lenovo V14,V14,,,AMD,Ryzen 3,Ryzen 3,,,,,,Integrated,,,,8,DDR4,,512,SSD,,14.0,,,,,,,DOS,False,51495.0,60914.0,9419.0,51495.0,56204.5,60914.0,2,https://www.flipkart.com/lenovo-v14-amd-ryzen-3-dual-core-11th-gen-8-gb-512-gb-ssd-dos-gen-4-business-laptop/p/itm8d20bbd6f3388,56204.5,3,0.015625,0,0
Lenovo,Lenovo V14 DDR5 5600Mhz,DDR5,,2026.0,Intel,Core 7 14th Gen 240H,,,,,,,Integrated,,,,16,DDR5,5600.0,512,SSD,,14.0,,,,,,,Windows 11 Pro,True,94990.0,99900.0,4910.0,94990.0,97445.0,99900.0,4,https://www.flipkart.com/lenovo-v14-2026-ddr5-5600mhz-i7-14th-gen-intel-core-7-gen-240h-16-gb-512-gb-ssd-windows-11-pro-thin-light-laptop/p/itmcc29a2dece5c1,97445.0,3,0.03125,0,0
Lenovo,Lenovo IdeaPad 1,15ADA7,IdeaPad,,AMD,Ryzen 3,Ryzen 3,,,,,,Integrated,,,,8,DDR4,,512,SSD,,15.6,,,,,,,Windows 11 Home,True,33490.0,54490.0,21000.0,33490.0,43990.0,54490.0,6,https://www.flipkart.com/lenovo-ideapad-1-amd-ryzen-3-dual-core-3250u-8-gb-512-gb-ssd-windows-11-home-15ada7-thin-light-laptop/p/itm3ee2f5da49d46,43990.0,3,0.015625,0,0
Lenovo,Lenovo,21UYA04XIG,,,Intel,Core 7 240H,,,,,,,Integrated,,,,16,DDR5,,512,SSD,,14.0,,,,,,,Windows 11 Home,True,102990.0,248700.0,145710.0,102990.0,175845.0,248700.0,4,https://www.flipkart.com/lenovo-intel-core-7-240h-16-gb-512-gb-ssd-windows-11-home-21uya04xig-laptop/p/itmd775d5d536da2,175845.0,3,0.03125,0,0
Lenovo,Lenovo,83HDA05HIG,,,Intel,Core i3 13th Gen 1315U,Core i3,,,,,,Integrated,,,,8,DDR5,,512,SSD,,14.0,,,,,,,Windows 11 Home,True,56997.0,119200.0,62203.0,56997.0,88098.5,119200.0,6,https://www.flipkart.com/lenovo-intel-core-i3-13th-gen-1315u-8-gb-512-gb-ssd-windows-11-home-83hda05hig-laptop/p/itm463d8236416fe,88098.5,3,0.015625,0,0
Lenovo,Lenovo V14,V14,,,Intel,Core i5 11th Gen 1135G,Core i5,,,,,,Integrated,,,,8,DDR4,,256,SSD,,14.0,,,,,,,Windows 10,True,64790.0,66000.0,1210.0,64790.0,65395.0,66000.0,2,https://www.flipkart.com/lenovo-v14-intel-core-i5-11th-gen-1135g7-8-gb-256-gb-ssd-windows-10-thin-light-laptop/p/itm330ccb4eab074,65395.0,3,0.03125,0,0
Lenovo,Lenovo ThinkBook 16 G6,ThinkBook,,,Intel,Core i3 13th Gen 1315U,Core i3,,,,,,Integrated,,,,8,DDR5,,512,SSD,,16.0,,,,,,,Windows 11 Home,True,69938.0,88990.0,19052.0,69938.0,79464.0,88990.0,4,https://www.flipkart.com/lenovo-thinkbook-16-g6-intel-core-i3-13th-gen-1315u-8-gb-512-gb-ssd-windows-11-home-irl-5-thin-light-laptop/p/itmd7e1aca8d63e9,79464.0,3,0.015625,0,0
Lenovo,Lenovo ThinkBook 15,TB15,,,Intel,Core i7 12th Gen 1255U,Core i7,,,,,,Integrated,,,,16,DDR4,,512,SSD,,15.6,,,,,,,Windows 11 Home,True,87995.0,132300.0,44305.0,87995.0,110147.5,132300.0,6,https://www.flipkart.com/lenovo-thinkbook-15-intel-core-i7-12th-gen-1255u-16-gb-512-gb-ssd-windows-11-home-tb15-g4-iap-thin-light-laptop/p/itm65936d217ef8a,110147.5,3,0.03125,0,0
Lenovo,Lenovo V 14,Intel,,2025.0,Intel,Core i3 12th Gen 1215U,Core i3,,,,,,Integrated,,,,8,DDR4,,512,SSD,,14.0,,,,,,,Windows 11 Pro,True,57590.0,72990.0,15400.0,57590.0,65290.0,72990.0,4,https://www.flipkart.com/lenovo-v-14-2025-intel-core-i3-12th-gen-1215u-8-gb-512-gb-ssd-windows-11-pro-thin-light-laptop/p/itm55fcf03391f9f,65290.0,3,0.015625,0,0
Lenovo,Lenovo,14ITL6,,,Intel,Core i3 11th Gen,Core i3,,,,,,Integrated,,,,8,DDR4,,512,SSD,,14.0,,,,,,,Windows 11 Home,True,57990.0,65999.0,8009.0,57990.0,61994.5,65999.0,2,https://www.flipkart.com/lenovo-intel-core-i3-11th-gen-8-gb-512-gb-ssd-windows-11-home-14itl6-thin-light-laptop/p/itm7862f98cfe7cf,61994.5,3,0.015625,0,0
Lenovo,Lenovo,14IAU7,,,Intel,Core i3 12th Gen,Core i3,,,,,,Integrated,,,,16,DDR4,,512,SSD,,14.0,,,,,,,Windows 11 Home,True,64990.0,65999.0,1009.0,64990.0,65494.5,65999.0,2,https://www.flipkart.com/lenovo-intel-core-i3-12th-gen-16-gb-512-gb-ssd-windows-11-home-14iau7-thin-light-laptop/p/itmb4f5bdfc2216c,65494.5,3,0.03125,0,0
Lenovo,Lenovo V 14,Intel,,2025.0,Intel,Core i5 13th Gen 1335U,Core i5,,,,,,Integrated,,,,8,DDR4,,512,SSD,,14.0,,,,,,,Windows 11 Home,True,68990.0,99990.0,31000.0,68990.0,84490.0,99990.0,2,https://www.flipkart.com/lenovo-v-14-2025-intel-core-i5-13th-gen-1335u-8-gb-512-gb-ssd-windows-11-home-thin-light-laptop/p/itm0ecf84064fd55,84490.0,3,0.015625,0,0
ASUS,ASUS TUF Gaming A15,,TUF Gaming,,AMD,Ryzen 7 Octa Core 7435HS,Ryzen 7,7.0,,,,,Integrated,,,,8,DDR5,,512,SSD,,15.6,,,,,,,Windows 11 Home,True,85390.0,89990.0,4600.0,85390.0,87690.0,89990.0,6,https://www.flipkart.com/asus-tuf-gaming-a15-amd-ryzen-7-octa-core-7435hs-8-gb-512-gb-ssd-windows-11-home-4-graphics-nvidia-geforce-rtx-2050-fa566nfr-hn260w-laptop/p/itm2a919c4c5047a,87690.0,3,0.015625,0,1
MSI,MSI Raider 18 HX AI,,,,Intel,Core Ultra 9 285HX,Core Ultra 9,1.0,,,,,Integrated,,,,64,DDR5,,4096,SSD,,18.0,,,,,,,Windows 11 Home,True,499990.0,559990.0,60000.0,499990.0,529990.0,559990.0,4,https://www.flipkart.com/msi-raider-18-hx-ai-intel-core-ultra-9-285hx-64-gb-4-tb-ssd-windows-11-home-24-gb-graphics-nvidia-geforce-rtx-5090-120-hz-a2xwjg-253in-gaming-laptop/p/itm761418fc98815,529990.0,3,0.015625,0,0
ASUS,ASUS ExpertBook P3 with 1 Yr ADP Metal,,ExpertBook,2024.0,Intel,Core i7 13th Gen 13620H,Core i7,13.0,,,,,Integrated,,,,32,DDR5,,1024,SSD,,14.0,,,,,,,Windows 11 Home,True,92990.0,119990.0,27000.0,92990.0,106490.0,119990.0,4,https://www.flipkart.com/asus-expertbook-p3-1-yr-adp-metal-intel-core-i7-13th-gen-13620h-32-gb-1-tb-ssd-windows-11-home-p3405cva-ly0308ws-thin-light-laptop/p/itm97eeb89e48af8,106490.0,3,0.03125,0,0
ASUS,ASUS ExpertBook P1 with 1 Yr ADP,P1,ExpertBook,2024.0,Intel,Core i5 13th Gen 13420H,Core i5,13.0,,,,,Integrated,,,,32,DDR5,,512,SSD,,15.6,,,,,,,Windows 11 Home,True,71990.0,114990.0,43000.0,71990.0,93490.0,114990.0,4,https://www.flipkart.com/asus-expertbook-p1-1-yr-adp-intel-core-i5-13th-gen-13420h-32-gb-512-gb-ssd-windows-11-home-p1503cva-s71075ws-thin-light-laptop/p/itm097644e9eaec3,93490.0,3,0.0625,0,0
ASUS,ASUS Expertbook P1 High,,ExpertBook,2024.0,Intel,Core i7 13th Gen 13620H,Core i7,13.0,,,,,Integrated,,,,32,DDR5,,512,SSD,,15.6,,,,,,,Windows 11 Home,True,99890.0,145890.0,46000.0,99890.0,122890.0,145890.0,4,https://www.flipkart.com/asus-expertbook-p1-high-performance-processor-intel-core-i7-13th-gen-13620h-32-gb-512-gb-ssd-windows-11-home-p1503cva-s71076ws-thin-light-laptop/p/itmc4c88e702be9c,122890.0,3,0.0625,0,0
ASUS,ASUS Expertbook >,B1403CVA-S60002,ExpertBook,,Intel,Core i3 13th Gen 1315U,Core i3,,,,,,Integrated,,,,8,DDR5,,512,SSD,,14.0,,,,,,,DOS,False,59990.0,64990.0,5000.0,59990.0,62490.0,64990.0,2,https://www.flipkart.com/asus-expertbook-intel-core-i3-13th-gen-1315u-8-gb-512-gb-ssd-dos-b1403cva-s60002-thin-light-laptop/p/itmaddb1414200a5,62490.0,3,0.015625,0,0
ASUS,"ASUS Vivobook 15, with Backlit Keyboard,",,Vivobook,,Intel,Core i5 12th Gen 1235U,Core i5,,,,,,Integrated,,,,16,DDR4,,512,SSD,,15.6,,,,,,,Windows 11,True,50990.0,66990.0,16000.0,50990.0,58990.0,66990.0,4,https://www.flipkart.com/asus-vivobook-15-backlit-keyboard-intel-core-i5-12th-gen-1235u-16-gb-512-gb-ssd-windows-11-home-x1504za-nj540ws-x1504za-nj542ws-thin-light-laptop/p/itm200184e4e0443,58990.0,3,0.03125,0,0
HP,HP Pavilion,14-dv2014TU,Pavilion,2021.0,Intel,Core i5 12th Gen 1235U,Core i5,,,,,,Integrated,,,,16,DDR4,,512,SSD,,14.0,,,,,,,Windows 11 Home,True,75150.0,89500.0,14350.0,72890.0,79307.0,89500.0,4,https://www.flipkart.com/hp-pavilion-intel-core-i5-12th-gen-1235u-16-gb-512-gb-ssd-windows-11-home-14-dv2014tu-thin-light-laptop/p/itmb4b81cd1f873f,79307.0,3,0.03125,0,0
Acer,Acer ALG,,,,Intel,Core i5 12th Gen 12450H,Core i5,12.0,,,,,Integrated,,,,16,DDR4,,512,SSD,,15.6,,,,,,,Windows 11 Home,True,93248.0,95900.0,2652.0,93248.0,94574.0,95900.0,2,https://www.flipkart.com/acer-alg-intel-core-i5-12th-gen-12450h-16-gb-512-gb-ssd-windows-11-home-4-graphics-nvidia-geforce-rtx-2050-al15g-52-gaming-laptop/p/itm49baa92c8edd3,94574.0,3,0.03125,0,0
ASUS,ASUS VIvobook 15,X1504ZA-NJ549WS,Vivobook,2024.0,Intel,Core i5 12th Gen 1235U,Core i5,,,,,,Integrated,,,,16,DDR4,,512,SSD,,15.6,,,,,,,Windows 11 Home,True,75116.0,79690.0,4574.0,75116.0,77403.0,79690.0,4,https://www.flipkart.com/asus-vivobook-15-intel-core-i5-12th-gen-1235u-16-gb-512-gb-ssd-windows-11-home-x1504za-nj549ws-thin-light-laptop/p/itma5d3e52e600b7,77403.0,3,0.03125,0,0
ASUS,ASUS,X1504ZA-NJ541WS,,,Intel,Core i5 12th Gen,Core i5,,,,,,Integrated,,,,16,DDR4,,512,SSD,,15.6,,,,,,,Windows 11 Home,True,68498.0,74990.0,6492.0,68498.0,71744.0,74990.0,2,https://www.flipkart.com/asus-intel-core-i5-12th-gen-16-gb-512-gb-ssd-windows-11-home-x1504za-nj541ws-laptop/p/itm6d22b13604ef6,71744.0,3,0.03125,0,0
Dell,DELL Inspiron 15 Microsoft Office Home 2024,,Inspiron,2024.0,Intel,Core i7 13th Gen 1355U,Core i7,,,,,,Integrated,,,,16,DDR4,,512,SSD,,15.6,,,,,,,Windows 11,True,91070.0,98990.0,7920.0,91070.0,95030.0,98990.0,2,https://www.flipkart.com/dell-inspiron-15-microsoft-office-home-2024-intel-core-i7-13th-gen-1355u-16-gb-512-gb-ssd-windows-11-home-3530-dc-15250-thin-light-laptop/p/itm8c87e16d883a6,95030.0,3,0.03125,0,0
ASUS,ASUS Vivobook GO 15,E1504FA-NJ549WS,Vivobook,,AMD,Ryzen 5 Quad Core 7520U,Ryzen 5,7.0,,,,,Integrated,,,,16,LPDDR5,,512,SSD,,15.6,,,,,,,Windows 11 Home,True,68969.0,79499.0,10530.0,68969.0,74234.0,79499.0,2,https://www.flipkart.com/asus-vivobook-go-15-amd-ryzen-5-quad-core-7520u-16-gb-512-gb-ssd-windows-11-home-e1504fa-nj549ws-e1504fa-bq2490ws-thin-light-laptop/p/itm7f766d96bd6a5,74234.0,3,0.03125,0,0
ASUS,ASUS Vivobook Go 15,E1504FA-NJ541WS,Vivobook,,AMD,Ryzen 5 Quad Core 7520U,Ryzen 5,7.0,,,,,Integrated,,,,16,LPDDR5,,512,SSD,,15.6,,,,,,,Windows 11 Home,True,69976.0,70990.0,1014.0,69976.0,70483.0,70990.0,2,https://www.flipkart.com/asus-vivobook-go-15-amd-ryzen-5-quad-core-7520u-16-gb-512-gb-ssd-windows-11-home-e1504fa-nj541ws-thin-light-laptop/p/itm5a9432bd55d95,70483.0,3,0.03125,0,0
ASUS,ASUS Vivobook Go 15,E1504FA-NJ133WS,Vivobook,,AMD,Ryzen 5,Ryzen 5,,,,,,Integrated,,,,8,LPDDR5,,512,SSD,,15.6,,,,,,,Windows 11 Home,True,66990.0,69990.0,3000.0,66990.0,68490.0,69990.0,2,https://www.flipkart.com/asus-vivobook-go-15-amd-ryzen-5-dual-core-7520u-8-gb-512-gb-ssd-windows-11-home-e1504fa-nj133ws-e1504fa-nj522ws-thin-light-laptop/p/itm53871e971ea27,68490.0,3,0.015625,0,0
ASUS,"ASUS Vivobook Go 15 with Office 2024 + M365 Basic*, Backlit Keyboard,",,Vivobook,2025.0,AMD,Ryzen 5 Quad Core,Ryzen 5,,,,,,Integrated,,,,16,LPDDR5,,512,SSD,,15.6,,,,,,,Windows 11 Home,True,64518.0,70990.0,6472.0,64518.0,67754.0,70990.0,2,https://www.flipkart.com/asus-vivobook-go-15-2025-office-2024-m365-basic-backlit-keyboard-amd-ryzen-5-quad-core-7520u-16-gb-512-gb-ssd-windows-11-home-e1504fa-bq2543ws-thin-light-laptop/p/itmef216cf26f85c,67754.0,5,0.03125,0,0
ASUS,ASUS ExpertBook P1 with 1 Yr ADP,Intel,ExpertBook,,Intel,Core 7 240H,,,,,,,Integrated,,,,32,DDR5,,512,SSD,,14.0,,,,,,,Windows 11 Home,True,98990.0,129990.0,31000.0,98990.0,114490.0,129990.0,4,https://www.flipkart.com/asus-expertbook-p1-1-yr-adp-i7-14th-gen-intel-core-7-240h-32-gb-512-gb-ssd-windows-11-home-p1403cva-s61493ws-laptop/p/itm155fbf2a1d91c,114490.0,3,0.0625,0,0
ASUS,ASUS Vivobook 15,X1504ZA-NJ522WS,Vivobook,,Intel,Core i5 12th Gen 1235U,Core i5,,,,,,Integrated,,,,8,DDR4,,512,SSD,,15.6,,,,,,,Windows 11 Home,True,71781.0,89990.0,18209.0,71781.0,80885.5,89990.0,2,https://www.flipkart.com/asus-vivobook-15-intel-core-i5-12th-gen-1235u-8-gb-512-gb-ssd-windows-11-home-x1504za-nj522ws-laptop/p/itm4d7a921842ae4,80885.5,3,0.015625,0,0
ASUS,ASUS Vivobook 14,X1404VA-NK322WS,Vivobook,,Intel,Core i3 13th Gen 1315U,Core i3,,,,,,Integrated,,,,8,DDR4,,512,SSD,,14.0,,,,,,,Windows 11 Home,True,47990.0,57990.0,10000.0,47990.0,52990.0,57990.0,4,https://www.flipkart.com/asus-vivobook-14-intel-core-i3-13th-gen-1315u-8-gb-512-gb-ssd-windows-11-home-x1404va-nk322ws-thin-light-laptop/p/itm49c0450d9ee9d,52990.0,3,0.015625,0,0
Lenovo,Lenovo IdeaPad 3,15ITL6,IdeaPad,,Intel,Core i3 11th Gen,Core i3,,,,,,Integrated,,,,8,DDR4,,512,SSD,,15.6,,,,,,,Windows 11 Home,True,37990.0,54990.0,17000.0,37990.0,46490.0,54990.0,2,https://www.flipkart.com/lenovo-ideapad-3-intel-core-i3-11th-gen-8-gb-512-gb-ssd-windows-11-home-15itl6-laptop/p/itme603a3b75554d,46490.0,3,0.015625,0,0
Lenovo,Lenovo IdeaPad Gaming 3,,IdeaPad,,Intel,Core i5 11th Gen 11300H,Core i5,11.0,,,,,Integrated,,,,8,DDR4,,512,SSD,,15.6,,,,,,,Windows 11 Home,True,52990.0,85000.0,32010.0,52990.0,68995.0,85000.0,2,https://www.flipkart.com/lenovo-ideapad-gaming-3-intel-core-i5-11th-gen-11300h-8-gb-512-gb-ssd-windows-11-home-4-graphics-nvidia-geforce-gtx-1650-120-hz-15ihu6-laptop/p/itmc4612af4ab758,68995.0,3,0.015625,0,1
Lenovo,Lenovo IdeaPad Slim 3,Intel,IdeaPad,,Intel,Core 5 120U,,,,,,,Integrated,,,,16,DDR5,,512,SSD,,15.6,,,,,,,Windows 11 Home,True,73000.0,99999.0,26999.0,73000.0,86499.5,99999.0,2,https://www.flipkart.com/lenovo-ideapad-slim-3-i5-14th-gen-intel-core-5-120u-16-gb-512-gb-ssd-windows-11-home-15iru9-thin-light-laptop/p/itm726ac134d0530,86499.5,3,0.03125,0,0
HP,HP 14s,14s-fr0016AU,,,AMD,Ryzen 3 Quad Core 4300U,Ryzen 3,4.0,,,,,Integrated,,,,8,DDR4,,512,SSD,,14.0,,,,,,,Windows 10,True,52990.0,61999.0,9009.0,52990.0,57494.5,61999.0,2,https://www.flipkart.com/hp-14s-amd-ryzen-3-quad-core-4300u-8-gb-512-gb-ssd-windows-10-home-14s-fr0016au-thin-light-laptop/p/itmc85ad5a7655c4,57494.5,3,0.015625,0,0
Lenovo,Lenovo IdeaPad Gaming 3,,IdeaPad,,Intel,Core i5 11th Gen 11320H,Core i5,11.0,,,,,Integrated,,,,8,DDR4,,512,SSD,,15.6,,,,,,,Windows 11 Home,True,50990.0,84999.0,34009.0,50990.0,67118.38,84999.0,8,https://www.flipkart.com/lenovo-ideapad-gaming-3-intel-core-i5-11th-gen-11320h-8-gb-512-gb-ssd-windows-11-home-4-graphics-nvidia-geforce-rtx-2050-15ihu6-laptop/p/itmc4612af4ab758,67118.38,3,0.015625,0,1
Dell,DELL,Inspiron,,,Intel,Core i3 13th Gen 1315U,Core i3,,,,,,Integrated,,,,8,LPDDR5,,256,SSD,,14.0,,,,True,,,Windows 11 Home,True,67490.0,70000.0,2510.0,67490.0,68745.0,70000.0,6,https://www.flipkart.com/dell-intel-core-i3-13th-gen-1315u-8-gb-256-gb-ssd-windows-11-home-inspiron-7430-2-1-laptop/p/itm319ec6e7d1fe5,68745.0,3,0.03125,0,0
Dell,DELL Alienware 15,,Alienware,,AMD,Ryzen 7 Processor,Ryzen 7,,,,,,Integrated,,,,16,DDR5,,512,SSD,,15.0,,,,,,,Windows 11 Home,True,139990.0,168144.0,28154.0,139990.0,154067.0,168144.0,6,https://www.flipkart.com/dell-alienware-15-amd-ryzen-7-260-16-gb-512-gb-ssd-windows-11-home-6-graphics-nvidia-geforce-rtx-4050-165-hz-can15265cto04mino-gaming-laptop/p/itm032b809caeee3,154067.0,3,0.03125,0,1
Acer,Acer TravelLite,TL04-41M,,,AMD,Ryzen 3 Octa Core,Ryzen 3,,,,,,Integrated,,,,8,DDR4,,512,SSD,,14.0,,,,,,,Windows 11 Home,True,46990.0,59990.0,13000.0,46990.0,53490.0,59990.0,8,https://www.flipkart.com/acer-travellite-amd-ryzen-3-octa-core-8-gb-512-gb-ssd-windows-11-home-tl04-41m-notebook/p/itm3abd1f6b09ae3,53490.0,3,0.015625,0,0
Lenovo,Lenovo IdeaPad Gaming 3,,IdeaPad,,Intel,Core i5 11th Gen 11300H,Core i5,11.0,,,,,Integrated,,,,16,DDR4,,512,SSD,,15.6,,,,,,,Windows 11 Home,True,71990.0,105999.0,34009.0,71990.0,88994.5,105999.0,2,https://www.flipkart.com/lenovo-ideapad-gaming-3-intel-core-i5-11th-gen-11300h-16-gb-512-gb-ssd-windows-11-home-4-graphics-nvidia-geforce-rtx-3050-15ihu6-15ihu6d1-laptop/p/itmc4612af4ab758,88994.5,3,0.03125,0,1
HP,HP 15s,15s-FR2006TU,,,Intel,Core i3 11th Gen 1115G,Core i3,,,,,,Integrated,,,,8,DDR4,,512,SSD,,15.6,,,,,,,Windows 11 Home,True,57790.0,59774.0,1984.0,57790.0,58782.0,59774.0,2,https://www.flipkart.com/hp-15s-intel-core-i3-11th-gen-1115g4-8-gb-512-gb-ssd-windows-11-home-15s-fr2006tu-thin-light-laptop/p/itm169671aff88a4,58782.0,3,0.015625,0,0
HP,HP 15s,15-fd0018TU,,,Intel,Core i3 13th Gen 1315U,Core i3,,,,,,Integrated,,,,8,DDR4,,512,SSD,,15.6,,,,,,,Windows 11 Home,True,58990.0,68000.0,9010.0,58990.0,63495.0,68000.0,2,https://www.flipkart.com/hp-15s-intel-core-i3-13th-gen-1315u-8-gb-512-gb-ssd-windows-11-home-15-fd0018tu-thin-light-laptop/p/itmb55564db4e9b4,63495.0,3,0.015625,0,0
HP,HP 15s,15s-FY5011TU,,2021.0,Intel,Core i3 12th Gen 1215U,Core i3,,,,,,Integrated,,,,8,DDR4,,512,SSD,,15.6,,,,,,,Windows 11 Home,True,57990.0,59999.0,2009.0,57990.0,58994.5,59999.0,2,https://www.flipkart.com/hp-15s-intel-core-i3-12th-gen-1215u-8-gb-512-gb-ssd-windows-11-home-15s-fy5011tu-thin-light-laptop/p/itma616759801787,58994.5,3,0.015625,0,0
HP,HP 15s,15s-FQ2072TU,,,Intel,Core i3 11th Gen 1115G,Core i3,,,,,,Integrated,,,,8,DDR4,,512,SSD,,15.6,,,,,,,Windows 10,True,57890.0,58999.0,1109.0,57890.0,58444.5,58999.0,2,https://www.flipkart.com/hp-15s-intel-core-i3-11th-gen-1115g4-8-gb-512-gb-ssd-windows-10-home-15s-fq2072tu-thin-light-laptop/p/itmdce6afa2e1b0d,58444.5,3,0.015625,0,0
HP,HP 15s,15-fd0019TU,,,Intel,Core i3 13th Gen 1315U,Core i3,,,,,,Integrated,,,,8,DDR4,,512,SSD,,15.6,,,,,,,Windows 11 Home,True,58890.0,65000.0,6110.0,58890.0,61945.0,65000.0,2,https://www.flipkart.com/hp-15s-intel-core-i3-13th-gen-1315u-8-gb-512-gb-ssd-windows-11-home-15-fd0019tu-thin-light-laptop/p/itmd0947fdd46b8a,61945.0,3,0.015625,0,0
HP,HP 15s,15s-fq2626TU,,,Intel,Core i3 11th Gen 1125G,Core i3,,,,,,Integrated,,,,8,DDR4,,256,SSD,,15.6,,,,,,,Windows 11 Home,True,57990.0,58999.0,1009.0,57990.0,58494.5,58999.0,2,https://www.flipkart.com/hp-15s-intel-core-i3-11th-gen-1125g4-8-gb-256-gb-ssd-windows-11-home-15s-fq2626tu-thin-light-laptop/p/itm1051f28c6fb93,58494.5,3,0.03125,0,0
Dell,DELL Inspiron 5440,7FN5J,Inspiron,,Intel,Core i3 14th Gen,Core i3,,,,,,Integrated,,,,8,DDR4,,512,SSD,,14.0,,,,,,,Windows 11 Pro,True,54996.0,67709.0,12713.0,54996.0,61352.5,67709.0,4,https://www.flipkart.com/dell-inspiron-5440-100u-intel-core-i3-14th-gen-8-gb-512-gb-ssd-windows-11-pro-7fn5j-laptop/p/itmad6efd206c154,61352.5,3,0.015625,0,0
Dell,DELL Vostro 15,3530,Vostro,2024.0,Intel,Core i3 13th Gen 1305U,Core i3,,,,,,Integrated,,,,16,DDR4,,512,SSD,,15.6,,,,,,,Windows 11 Home,True,68500.0,75990.0,7490.0,68500.0,72245.0,75990.0,2,https://www.flipkart.com/dell-vostro-15-intel-core-i3-13th-gen-1305u-16-gb-512-gb-ssd-windows-11-home-3530-thin-light-laptop/p/itm802dcf4df44a9,72245.0,3,0.03125,0,0
ASUS,ASUS Vivobook Go 15,E510KA-EJ9011WS,Vivobook,2024.0,Intel,Celeron Dual Core N4500,,,,,,,Integrated,,,,8,DDR4,,512,SSD,,15.6,,,,,,,Windows 11 Home,True,50126.0,50990.0,864.0,50126.0,50558.0,50990.0,4,https://www.flipkart.com/asus-vivobook-go-15-intel-celeron-dual-core-n4500-8-gb-512-gb-ssd-windows-11-home-e510ka-ej9011ws-thin-light-laptop/p/itm1826f3fec8f97,50558.0,3,0.015625,0,0
Lenovo,Lenovo IdeaPad Gaming 3,,IdeaPad,,Intel,Core i5 12th Gen 12450H,Core i5,12.0,,,,,Integrated,,,,8,DDR4,,512,SSD,,15.6,,,,,,,Windows 11 Home,True,89590.0,111190.0,21600.0,89590.0,100390.0,111190.0,2,https://www.flipkart.com/lenovo-ideapad-gaming-3-intel-core-i5-12th-gen-12450h-8-gb-512-gb-ssd-windows-11-home-4-graphics-nvidia-geforce-rtx-3050-120-hz-15iah7-laptop/p/itm3d17489527341,100390.0,3,0.015625,0,1
ASUS,ASUS ExpertBook P1 with 1 Yr ADP,Intel,ExpertBook,,Intel,Core 5 210H,,,,,,,Integrated,,,,32,DDR5,,512,SSD,,14.0,,,,,,,Windows 11 Home,True,74990.0,114990.0,40000.0,74990.0,93211.33,114990.0,6,https://www.flipkart.com/asus-expertbook-p1-1-yr-adp-i5-14th-gen-intel-core-5-210h-32-gb-512-gb-ssd-windows-11-home-p1403cva-s61638ws-laptop/p/itm21e8b41dc3a90,93211.33,3,0.0625,0,0
ASUS,ASUS Vivobook Go 15 with Office 2024 + M365 Basic*,,Vivobook,2026.0,AMD,Ryzen 5 Processor,Ryzen 5,,,,,,Integrated,,,,8,DDR5,,512,SSD,,15.6,,,,,,,Windows 11 Home,True,73990.0,87990.0,14000.0,73990.0,80990.0,87990.0,2,https://www.flipkart.com/asus-vivobook-go-15-2026-office-2024-m365-basic-amd-ryzen-5-4th-gen-40-8-gb-512-gb-ssd-windows-11-home-e1504fa-bq2113ws-thin-light-laptop/p/itmc9622dd857d2e,80990.0,5,0.015625,0,0
ASUS,ASUS Vivobook GO 15 OLED,E1504FAB-LK5,Vivobook,,AMD,Ryzen 5 Quad Core 7520U,Ryzen 5,7.0,,,,,Integrated,,,,16,LPDDR5,,512,SSD,,15.6,,OLED,,,,,Windows 11 Home,True,70990.0,77990.0,7000.0,70990.0,74490.0,77990.0,2,https://www.flipkart.com/asus-vivobook-go-15-oled-amd-ryzen-5-quad-core-7520u-16-gb-512-gb-ssd-windows-11-home-e1504fab-lk549ws-thin-light-laptop/p/itmdf2014893a36b,74490.0,3,0.03125,0,0
HP,HP 841w6pa 255 g9,255,,,AMD,Ryzen 3,Ryzen 3,,,,,,Integrated,,,,8,DDR4,,512,SSD,,15.6,,,,,,,DOS,False,52990.0,54532.0,1542.0,52990.0,53761.0,54532.0,2,https://www.flipkart.com/hp-841w6pa-255-g9-amd-ryzen-3-dual-core-3250u-8-gb-512-gb-ssd-dos-g8-laptop/p/itmffac8a2b263c2,53761.0,3,0.015625,0,0
Dell,DELL Inspiron,Inspiron,Inspiron,,AMD,Ryzen 3,Ryzen 3,,,,,,Integrated,,,,8,DDR4,,512,SSD,,14.9,,,,,,,Windows 11 Home,True,59990.0,65990.0,6000.0,59990.0,62990.0,65990.0,2,https://www.flipkart.com/dell-inspiron-amd-ryzen-3-dual-core-3250u-8-gb-512-gb-ssd-windows-11-home-3515-thin-light-laptop/p/itmf8176c4bff1f7,62990.0,3,0.015625,0,0
ASUS,ASUS ASUS Vivobook 16,X1605VA,Vivobook,2024.0,Intel,Core i5 13th Gen,Core i5,,,,,,Integrated,,,,16,DDR4,,512,SSD,,16.0,,,,,,,Windows 11 Home,True,83690.0,84990.0,1300.0,83690.0,84340.0,84990.0,2,https://www.flipkart.com/asus-vivobook-16-intel-core-i5-13th-gen-16-gb-512-gb-ssd-windows-11-home-x1605va-sh1952ws-thin-light-laptop/p/itm091d56f476095,84340.0,3,0.03125,0,0
Dell,DELL XPS,9345,XPS,,Qualcomm,Snapdragon X Elite -,Snapdragon X,,,,,,Integrated,,,,16,LPDDR5,,512,SSD,,13.0,,,,True,,,Windows 11 Home,True,160490.0,201650.0,41160.0,160490.0,181070.0,201650.0,2,https://www.flipkart.com/dell-xps-snapdragon-x-elite-16-gb-512-gb-ssd-windows-11-home-9345-thin-light-laptop/p/itme1cb5000bd74e,181070.0,3,0.03125,0,0
Lenovo,Lenovo 100e Chromebook Gen 4,100e,,,MediaTek,Kompanio 520,Kompanio,,,,,,Integrated,,,,4,LPDDR4X,,32,EMMC Storage,,11.6,,,,,,,Chrome OS,False,13990.0,37090.0,23100.0,37090.0,37090.0,37090.0,8,https://www.flipkart.com/lenovo-100e-chromebook-gen-4-mediatek-kompanio-520-4-gb-32-gb-emmc-storage-chrome-os/p/itm041aea27f1885,37090.0,3,0.125,0,0
Lenovo,Lenovo Chromebook 11IJL9,Chromeboo,,,Intel,Celeron Dual Core N4500,,,,,,,Integrated,,,,4,LPDDR4X,,64,EMMC Storage,,11.6,,,,,,,Chrome OS,False,16990.0,36502.0,19512.0,16990.0,26746.0,36502.0,20,https://www.flipkart.com/lenovo-chromebook-11ijl9-intel-celeron-dual-core-n4500-4-gb-64-gb-emmc-storage-chrome-os/p/itmd2a376187074e,26746.0,3,0.0625,0,0
Dell,DELL 22X09D4,Intel,,,Intel,Core 3,,,,,,,Integrated,,,,8,DDR4,,512,EMMC Storage,,15.6,,,,,,,Windows 11 Home,True,55676.0,60000.0,4324.0,55676.0,57838.0,60000.0,2,https://www.flipkart.com/dell-22x09d4-i3-14th-gen-intel-core-3-3rd-gen-8-gb-512-gb-ssd-8-emmc-storage-windows-11-home-8-graphics-gx21-71-thin-light-laptop/p/itmef590a5d70809,57838.0,3,0.015625,0,0
Dell,DELL Inspiron 15,Dc,Inspiron,,Intel,Core i3 14th Gen,Core i3,,,,,,Integrated,,,,8,DDR4,,512,SSD,,15.6,,,,,,,Windows 11 Home,True,58775.0,69000.0,10225.0,58775.0,63887.5,69000.0,2,https://www.flipkart.com/dell-inspiron-15-100u-intel-core-i3-14th-gen-8-gb-512-gb-ssd-windows-11-home-8-graphics-dc-15250-thin-light-laptop/p/itm62b51214b8858,63887.5,3,0.015625,0,0
Dell,DELL PRO 15 DDR5 5600Mhz,DDR5,,2026.0,Intel,Core 3 14th Gen 100U,,,,,,,Integrated,,,,16,DDR5,5600.0,512,SSD,,15.6,,,,,,,Windows 11 Home,True,69991.0,85000.0,15009.0,69991.0,77495.5,85000.0,2,https://www.flipkart.com/dell-pro-15-2026-ddr5-5600mhz-i3-14th-gen-intel-core-3-gen-100u-16-gb-512-gb-ssd-windows-11-home-thin-light-laptop/p/itm14bb14ea180fd,77495.5,3,0.03125,0,0
HP,HP OMEN AI,,Omen,,AMD,Ryzen AI 7 Octa Core AI 7 350 -,Ryzen AI,,,,,,Integrated,,,,24,DDR5,,1024,SSD,,16.0,,,,,,,Windows 11 Home,True,149990.0,162996.0,13006.0,149990.0,156493.0,162996.0,6,https://www.flipkart.com/hp-omen-ai-amd-ryzen-7-octa-core-350-24-gb-1-tb-ssd-windows-11-home-8-gb-graphics-nvidia-geforce-rtx-5050-16-ap0165ax-gaming-laptop/p/itm5661c90728083,156493.0,3,0.0234375,0,1
HP,HP Professional 240 G10,Intel,,2025.0,Intel,Core i5 13th Gen 1334U,Core i5,,,,,,Integrated,,,,8,DDR4,,512,SSD,,14.0,,,,,,,Windows 11 Pro,True,79990.0,89990.0,10000.0,79990.0,84990.0,89990.0,2,https://www.flipkart.com/hp-professional-240-g10-2025-intel-core-i5-13th-gen-1334u-8-gb-512-gb-ssd-windows-11-pro-thin-light-laptop/p/itm4c6277f3b3582,84990.0,3,0.015625,0,0
Lenovo,Lenovo V 14,Intel,,2025.0,Intel,Core i3 13th Gen 1315U,Core i3,,,,,,Integrated,,,,16,DDR4,,512,SSD,,14.0,,,,,,,Windows 11 Pro,True,72990.0,77990.0,5000.0,72990.0,75490.0,77990.0,2,https://www.flipkart.com/lenovo-v-14-2025-intel-core-i3-13th-gen-1315u-16-gb-512-gb-ssd-windows-11-pro-thin-light-laptop/p/itm52660c6a24218,75490.0,3,0.03125,0,0
Lenovo,Lenovo IdeaPad 3 Chromebook,ideapa,IdeaPad,,Intel,Celeron Dual Core N4020,,,,,,,Integrated,,,,4,LPDDR4,,64,EMMC Storage,,11.6,,,,,,,Chrome OS,False,22379.0,34678.0,12299.0,22379.0,28528.5,34678.0,2,https://www.flipkart.com/lenovo-ideapad-3-chromebook-intel-celeron-dual-core-n4020-4-gb-64-gb-emmc-storage-chrome-os-cb-11igl05-2/p/itmd462d33eff5ef,28528.5,3,0.0625,0,0
Lenovo,Lenovo Chromebook,11IGL05,,,Intel,Celeron Dual Core N4020,,,,,,,Integrated,,,,4,LPDDR4,,64,EMMC Storage,,11.6,,,,,,,Chrome OS,False,22590.0,30999.0,8409.0,22590.0,26794.5,30999.0,2,https://www.flipkart.com/lenovo-chromebook-intel-celeron-dual-core-n4020-4-gb-64-gb-emmc-storage-chrome-os-11igl05/p/itmd462d33eff5ef,26794.5,3,0.0625,0,0
Lenovo,Lenovo 100e Chromebook Gen 4,100e,,,MediaTek,Kompanio 528,Kompanio,,,,,,Integrated,,,,4,LPDDR4X,,64,EMMC Storage,,11.6,,,,,,,Chrome OS,False,33400.0,42190.0,8790.0,33400.0,37795.0,42190.0,2,https://www.flipkart.com/lenovo-100e-chromebook-gen-4-mediatek-kompanio-528-4-gb-64-gb-emmc-storage-chrome-os/p/itm2ea2371d3bde4,37795.0,3,0.0625,0,0
ASUS,ASUS ExpertBook PM1 with 1 Yr ADP,PM140,ExpertBook,2024.0,AMD,Ryzen 5 Hexa Core,Ryzen 5,,,,,,Integrated,,,,16,DDR5,,512,SSD,,14.0,,,,,,,Windows 11 Home,True,67990.0,169990.0,102000.0,169990.0,169990.0,169990.0,1,https://www.flipkart.com/asus-expertbook-pm1-1-yr-adp-amd-ryzen-5-hexa-core-150-16-gb-512-gb-ssd-windows-11-home-pm1403cda-s60409ws-laptop/p/itm8789b27726a36,169990.0,3,0.03125,0,0
ASUS,ASUS ExpertBook P1 with 1 Yr ADP,Intel,ExpertBook,,Intel,Core 7 240H,,,,,,,Integrated,,,,16,DDR5,,512,SSD,,15.6,,,,,,,Windows 11 Home,True,96528.0,99990.0,3462.0,96528.0,98259.0,99990.0,2,https://www.flipkart.com/asus-expertbook-p1-1-yr-adp-i7-14th-gen-intel-core-7-240h-16-gb-512-gb-ssd-windows-11-home-p1503cva-s72083ws-laptop/p/itmd50a9106a8c6a,98259.0,3,0.03125,0,0
ASUS,ASUS ExpertBook P1 with 1 Yr ADP,P1,ExpertBook,2024.0,Intel,Core i5 13th Gen 13420H,Core i5,13.0,,,,,Integrated,,,,32,DDR5,,512,SSD,,14.0,,,,,,,Windows 11 Home,True,86990.0,114990.0,28000.0,86990.0,100990.0,114990.0,2,https://www.flipkart.com/asus-expertbook-p1-1-yr-adp-intel-core-i5-13th-gen-13420h-32-gb-512-gb-ssd-windows-11-home-p1403cva-s60939ws-thin-light-laptop/p/itm50988c1fc56e6,100990.0,3,0.0625,0,0
ASUS,ASUS ExpertBook B14,B1402CBA-NK1494WS,ExpertBook,,Intel,Core i3 12th Gen 1215U,Core i3,,,,,,Integrated,,,,8,DDR4,,512,SSD,,14.0,,,,,,,Windows 11 Home,True,62990.0,69990.0,7000.0,62990.0,66490.0,69990.0,2,https://www.flipkart.com/asus-expertbook-b14-intel-core-i3-12th-gen-1215u-8-gb-512-gb-ssd-windows-11-home-b1402cba-nk1494ws-thin-light-laptop/p/itm5558ba4200e57,66490.0,3,0.015625,0,0
ASUS,"ASUS Vivobook 15, with Backlit Keyboard,",,Vivobook,,Intel,Core i3 12th Gen 1215U,Core i3,,,,,,Integrated,,,,16,DDR4,,512,SSD,,15.6,,,,,,,Windows 11 Home,True,68990.0,72990.0,4000.0,68990.0,70990.0,72990.0,2,https://www.flipkart.com/asus-vivobook-15-backlit-keyboard-intel-core-i3-12th-gen-1215u-16-gb-512-gb-ssd-windows-11-home-x1504za-nj341ws-thin-light-laptop/p/itmbe5bbf6a5168b,70990.0,3,0.03125,0,0
ASUS,ASUS ExpertBook B15,B1502CBA-NJ1090WS,ExpertBook,,Intel,Core i3 12th Gen 1215U,Core i3,,,,,,Integrated,,,,8,DDR4,,512,SSD,,15.6,,,,,,,Windows 11 Home,True,62284.0,64990.0,2706.0,62284.0,63637.0,64990.0,2,https://www.flipkart.com/asus-expertbook-b15-intel-core-i3-12th-gen-1215u-8-gb-512-gb-ssd-windows-11-home-b1502cba-nj1090ws-thin-light-laptop/p/itmd0f1534bae463,63637.0,3,0.015625,0,0
Acer,Acer Chromebook,CB315-8H,,,MediaTek,Kompanio 540,Kompanio,,,,,,Integrated,,,,4,LPDDR5X,,128,EMMC Storage,,15.6,,,,,,,Chrome OS,False,34900.0,52999.0,18099.0,34900.0,43949.5,52999.0,2,https://www.flipkart.com/acer-chromebook-mediatek-kompanio-540-4-gb-128-gb-emmc-storage-chrome-os-cb315-8h/p/itmea4932ad64851,43949.5,3,0.03125,0,0
ASUS,ASUS Chromebook CX14,CX1405CTA-S606,,,Intel,Celeron Dual Core N50,,,,,,,Integrated,,,,4,LPDDR5,,128,EMMC Storage,,14.0,,,,,,,Chrome OS,False,22790.0,32990.0,10200.0,22790.0,27890.0,32990.0,4,https://www.flipkart.com/asus-chromebook-cx14-intel-celeron-dual-core-n50-4-gb-128-gb-emmc-storage-chrome-os-cx1405cta-s60621-laptop/p/itm4dfd2435ab403,27890.0,3,0.03125,0,0
ASUS,ASUS,X1605VA-MB1275WS,,,Intel,Core i7 13th Gen,Core i7,,,,,,Integrated,,,,16,DDR4,,512,SSD,,16.0,,,,,,,Windows 11 Home,True,89650.0,98990.0,9340.0,89650.0,94320.0,98990.0,2,https://www.flipkart.com/asus-intel-core-i7-13th-gen-16-gb-512-gb-ssd-windows-11-home-x1605va-mb1275ws-laptop/p/itm03f4fe060d0a3,94320.0,3,0.03125,0,0
ASUS,ASUS ROG Strix G16,,ROG,,Intel,Core i9 14th Gen 14900HX,Core i9,14.0,,,,,Integrated,,,,16,DDR5,,1024,SSD,,16.0,,,,,,,Windows 11 Home,True,209000.0,260999.0,51999.0,209000.0,234999.5,260999.0,4,https://www.flipkart.com/asus-rog-strix-g16-intel-core-i9-14th-gen-14900hx-16-gb-1-tb-ssd-windows-11-home-8-gb-graphics-nvidia-geforce-rtx-4070-g614jir-n4062ws-gaming-laptop/p/itm8c3acca540452,234999.5,3,0.015625,0,1
HP,HP OmniBook 5 OLED {2026},14-he0014qu,,2026.0,Qualcomm,Snapdragon X -,Snapdragon X,,,,,,Integrated,,,,16,LPDDR5X,,512,SSD,,14.0,,OLED,,,,,Windows 11 Home,True,85499.0,99000.0,13501.0,85499.0,92249.5,99000.0,2,https://www.flipkart.com/hp-omnibook-5-oled-2026-snapdragon-x-16-gb-512-gb-ssd-windows-11-home-14-he0014qu-thin-light-laptop/p/itm2aacdcb10319b,92249.5,3,0.03125,0,0
Microsoft,MICROSOFT Surface Pro 13 Inch,EP2-73281,,,Qualcomm,Snapdragon X2 Plus -,Snapdragon X,,,,,,Integrated,,,,16,LPDDR5X,,512,SSD,,13.0,,,,True,,,Windows 11 Home,True,188990.0,195999.0,7009.0,188990.0,192494.5,195999.0,4,https://www.flipkart.com/microsoft-surface-pro-13-inch-snapdragon-x2-plus-16-gb-512-gb-ssd-windows-11-home-ep2-73281-2-1-laptop/p/itma53a54adab2c7,192494.5,3,0.03125,0,0
Microsoft,MICROSOFT Surface Laptop 13.8 Inch,EP2-59041,,,Qualcomm,Snapdragon X2 Plus -,Snapdragon X,,,,,,Integrated,,,,16,LPDDR5X,,512,SSD,,13.8,,,,True,,,Windows 11 Home,True,188990.0,195999.0,7009.0,188990.0,192494.5,195999.0,2,https://www.flipkart.com/microsoft-surface-laptop-13-8-inch-snapdragon-x2-plus-16-gb-512-gb-ssd-windows-11-home-ep2-59041/p/itmb436c3283aedc,192494.5,3,0.03125,0,0
Microsoft,MICROSOFT Surface Laptop 13.8 Inch,EP2-59030,,,Qualcomm,Snapdragon X2 Plus -,Snapdragon X,,,,,,Integrated,,,,16,LPDDR5X,,512,SSD,,13.8,,,,True,,,Windows 11 Home,True,188990.0,195999.0,7009.0,188990.0,192494.5,195999.0,4,https://www.flipkart.com/microsoft-surface-laptop-13-8-inch-snapdragon-x2-plus-16-gb-512-gb-ssd-windows-11-home-ep2-59030/p/itmcc30a4b6bdb8c,192494.5,3,0.03125,0,0
Microsoft,MICROSOFT Surface Laptop 13.8 Inch,EP2-59484,,,Qualcomm,Snapdragon X2 Elite -,Snapdragon X,,,,,,Integrated,,,,16,LPDDR5X,,512,SSD,,13.8,,,,True,,,Windows 11 Home,True,191990.0,198999.0,7009.0,191990.0,195494.5,198999.0,4,https://www.flipkart.com/microsoft-surface-laptop-13-8-inch-snapdragon-x2-elite-16-gb-512-gb-ssd-windows-11-home-ep2-59484/p/itmf739c78056fa1,195494.5,3,0.03125,0,0
Acer,Acer Chromebook,CB314-3H,,,Intel,Celeron Dual Core N4500,,,,,,,Integrated,,,,8,LPDDR4X,,64,EMMC Storage,,14.0,,,,,,,Chrome OS,False,23990.0,35999.0,12009.0,23990.0,29994.5,35999.0,2,https://www.flipkart.com/acer-chromebook-intel-celeron-dual-core-n4500-8-gb-64-gb-emmc-storage-chrome-os-cb314-3h-c5qe-cb314-3h-cobz/p/itm04458b376eefa,29994.5,3,0.125,0,0
Microsoft,"MICROSOFT Surface Pro 12""",,,,Qualcomm,Snapdragon X Plus -,Snapdragon X,,,,,,Integrated,,,,16,LPDDR5X,,512,SSD,,12.0,,,,True,,,Windows 11 Home,True,123490.0,137999.0,14509.0,123490.0,130744.5,137999.0,2,https://www.flipkart.com/microsoft-surface-pro-12-core-8-365-6-months-snapdragon-x-plus-16-gb-512-gb-ssd-windows-11-home-2-1-laptop/p/itmee1ee4c33c734,130744.5,3,0.03125,0,0
Microsoft,MICROSOFT Surface Pro 13 Inch,EP2-65029,,,Qualcomm,Snapdragon X2 Elite -,Snapdragon X,,,,,,Integrated,,,,16,LPDDR5X,,1024,SSD,,13.0,,,,True,,,Windows 11 Home,True,238990.0,245999.0,7009.0,238990.0,242494.5,245999.0,2,https://www.flipkart.com/microsoft-surface-pro-13-inch-snapdragon-x2-elite-16-gb-1-tb-ssd-windows-11-home-ep2-65029-2-1-laptop/p/itmf3616bd950aa6,242494.5,3,0.015625,0,0
Microsoft,MICROSOFT Surface Pro 13 Inch,EP2-73230,,,Qualcomm,Snapdragon X2 Plus -,Snapdragon X,,,,,,Integrated,,,,16,LPDDR5X,,256,SSD,,13.0,,,,True,,,Windows 11 Home,True,180990.0,187999.0,7009.0,180990.0,184494.5,187999.0,2,https://www.flipkart.com/microsoft-surface-pro-13-inch-snapdragon-x2-plus-16-gb-256-gb-ssd-windows-11-home-ep2-73230-2-1-laptop/p/itm11b034f9ce1dd,184494.5,3,0.0625,0,0
Microsoft,MICROSOFT Surface Pro 13 Inch,EP2-65137,,,Qualcomm,Snapdragon X2 Elite -,Snapdragon X,,,,,,Integrated,,,,16,LPDDR5X,,512,SSD,,13.0,,,,True,,,Windows 11 Home,True,203990.0,210999.0,7009.0,203990.0,207494.5,210999.0,2,https://www.flipkart.com/microsoft-surface-pro-13-inch-snapdragon-x2-elite-16-gb-512-gb-ssd-windows-11-home-ep2-65137-2-1-laptop/p/itmd38c4fc75a638,207494.5,3,0.03125,0,0
Microsoft,MICROSOFT Surface Laptop AI PC with Microsoft 365 for 6 Months*,AI,,,Qualcomm,Snapdragon X Elite -,Snapdragon X,,,,,,Integrated,,,,16,LPDDR5X,,512,SSD,,13.8,,,,True,,,Windows 11,True,149999.0,154999.0,5000.0,149999.0,152499.0,154999.0,2,https://www.flipkart.com/microsoft-surface-laptop-7th-edition-ai-pc-365-6-months-snapdragon-x-elite-16-gb-512-gb-ssd-windows-11-home-zgp-00023/p/itmf56cb433d5478,152499.0,3,0.03125,0,0
Microsoft,MICROSOFT Surface Laptop AI PC with Microsoft 365 for 6 Months*,AI,,,Qualcomm,Snapdragon X Elite -,Snapdragon X,,,,,,Integrated,,,,16,LPDDR5X,,256,SSD,,15.0,,,,True,,,Windows 11,True,140999.0,142999.0,2000.0,140999.0,141999.0,142999.0,2,https://www.flipkart.com/microsoft-surface-laptop-7th-edition-ai-pc-365-6-months-snapdragon-x-elite-16-gb-256-gb-ssd-windows-11-home-zhg-00023/p/itmf56cb433d5478,141999.0,3,0.0625,0,0
